{"step": 36, "width": 4, "height": 4, "values": [[-0.560141921043396, -0.04359971731901169, -0.15941978991031647, -0.5973144173622131], [0.8733474612236023, -0.032439202070236206, 0.9635838270187378, 0.40790247917175293], [-1.2652308940887451, -0.05842934548854828, -0.40343794226646423, -0.7281732559204102], [1.6574090719223022, -0.13613219559192657, 1.9942086935043335, 0.8060495853424072]]}