{"step": 1, "width": 4, "height": 4, "values": [[0.09195172041654587, 0.4422377049922943, -0.9153590202331543, 0.9249520301818848], [-0.206885427236557, 0.053472403436899185, -0.6006954908370972, 0.7754189968109131], [0.5979438424110413, 0.5319907069206238, -1.7760599851608276, 1.664415717124939], [-0.2112281173467636, 0.05599168315529823, -0.6942822933197021, 1.5099456310272217]]}