{"step": 11, "width": 4, "height": 4, "values": [[0.5124663710594177, -0.04662623256444931, -0.3164307773113251, 0.8346440196037292], [-0.17708705365657806, 0.13156373798847198, -0.4353823959827423, 0.7266446352005005], [0.6520015001296997, -0.1398993581533432, -0.9129382371902466, 1.443710207939148], [-0.18118540942668915, 0.5118538737297058, -0.46652573347091675, 0.9726752042770386]]}