{"step": 31, "width": 4, "height": 4, "values": [[-0.13197851181030273, 0.5778703689575195, -0.8184144496917725, -0.9783332943916321], [0.8617624044418335, -0.07170754671096802, 0.881524920463562, 0.7418883442878723], [-0.9045572280883789, 0.7489013671875, -2.730694532394409, -2.384219169616699], [1.3199504613876343, -0.07653075456619263, 1.3826478719711304, 2.286930561065674]]}