{"step": 5, "width": 4, "height": 4, "values": [[0.14474232494831085, 0.006960902828723192, -0.7434152364730835, 0.9744819402694702], [-0.026414139196276665, -0.1427886039018631, -0.9895948171615601, 0.8992433547973633], [0.3292714059352875, 0.007549192290753126, -1.7198725938796997, 2.332169532775879], [-0.026638805866241455, -0.5556526780128479, -2.630380868911743, 1.933085322380066]]}