{"step": 34, "width": 4, "height": 4, "values": [[-0.5166453719139099, -0.28894513845443726, -0.19185350835323334, -0.9238317608833313], [0.7255398035049438, 0.04471756890416145, 0.9795515537261963, 0.30224037170410156], [-1.64238440990448, -0.33947500586509705, -1.211769938468933, -1.8646444082260132], [1.6057136058807373, 0.4112401306629181, 2.2867431640625, 1.5277099609375]]}