{"step": 39, "width": 4, "height": 4, "values": [[-0.4153358042240143, 0.7748499512672424, -0.42619141936302185, -0.9874035716056824], [0.9804057478904724, 0.11365951597690582, 0.9816802740097046, 0.8665016889572144], [-0.9000149965286255, 1.2296404838562012, -3.0085439682006836, -3.4336178302764893], [2.582463502883911, 0.4022231101989746, 2.342463970184326, 3.603795289993286]]}