{"step": 43, "width": 4, "height": 4, "values": [[-0.6126246452331543, 0.7373313307762146, -0.20498694479465485, -0.9789647459983826], [0.9091237187385559, 0.40102988481521606, 0.9972347617149353, 0.5381507873535156], [-0.8012992739677429, 0.96061110496521, -1.5187451839447021, -4.005911350250244], [4.159722805023193, 1.737051010131836, 3.2926254272460938, 6.683391571044922]]}