{"step": 32, "width": 4, "height": 4, "values": [[-0.36952224373817444, 0.7097145318984985, -0.44577619433403015, -0.9912257790565491], [0.9189317226409912, 0.013046449981629848, 0.8712395429611206, 0.8921722173690796], [-0.7900676131248474, 1.0201247930526733, -3.393563747406006, -3.269153118133545], [1.6302814483642578, 0.051547784358263016, 1.338261604309082, 3.1697797775268555]]}