{"step": 29, "width": 4, "height": 4, "values": [[0.01568800024688244, 0.4292975962162018, -0.7353399395942688, -0.73722904920578], [0.796459972858429, -0.12470529973506927, 0.7701789736747742, 0.5385693907737732], [0.04665137082338333, 0.4592096507549286, -0.9406192898750305, -0.948340117931366], [1.0917197465896606, -0.12610670924186707, 1.020782709121704, 1.0771149396896362]]}