{"step": 2, "width": 4, "height": 4, "values": [[0.2105393260717392, 0.25712916254997253, -0.7853063941001892, 0.9711880087852478], [-0.1448296159505844, -0.024064937606453896, -0.9021509289741516, 0.9030836820602417], [0.4650516211986542, 0.28529036045074463, -1.9317518472671509, 2.215163469314575], [-0.14695630967617035, -0.08035579323768616, -1.4839309453964233, 2.0279767513275146]]}