{"step": 28, "width": 4, "height": 4, "values": [[0.045747000724077225, -0.25499266386032104, -0.3972264528274536, -0.7459297180175781], [0.7411804795265198, -0.03155449405312538, 0.8428118824958801, 0.22907766699790955], [0.5014055967330933, -0.26344770193099976, -0.555570125579834, -0.9861151576042175], [0.9585555195808411, -0.2217731475830078, 1.23081374168396, 1.020318627357483]]}