{"step": 33, "width": 4, "height": 4, "values": [[-0.3876383900642395, 0.7551897764205933, -0.4086284339427948, -0.9899536967277527], [0.9572650790214539, 0.07341336458921432, 0.9022426605224609, 0.8658850789070129], [-0.8219948410987854, 1.1532014608383179, -4.051446437835693, -4.129083633422852], [2.0194153785705566, 0.26456910371780396, 1.4842629432678223, 4.071161270141602]]}