{"step": 7, "width": 4, "height": 4, "values": [[0.1390095204114914, 0.007096371613442898, -0.7392841577529907, 0.9712845683097839], [0.01489340141415596, -0.1767619401216507, -0.9944808483123779, 0.8938239812850952], [0.32148414850234985, 0.007715122774243355, -1.6871609687805176, 2.254387140274048], [0.015018648467957973, -0.7505110502243042, -2.9518892765045166, 1.851108431816101]]}