{"step": 42, "width": 4, "height": 4, "values": [[-0.542333722114563, 0.8220758438110352, -0.5012317895889282, -0.9709267020225525], [0.9956260323524475, 0.24052095413208008, 0.9978283047676086, 0.7227573394775391], [-0.9335482716560364, 1.4985073804855347, -1.5295822620391846, -3.7685611248016357], [3.3330509662628174, 0.9461212754249573, 3.414161443710327, 5.877485752105713]]}