{"step": 16, "width": 4, "height": 4, "values": [[0.20164407789707184, -0.2176593393087387, -0.16614188253879547, 0.6417083740234375], [0.0377190001308918, 0.005187287926673889, -0.9766543507575989, 0.7672661542892456], [0.252652108669281, -0.699544370174408, -0.9548555612564087, 0.8243651390075684], [0.038118768483400345, 0.025811800733208656, -2.2200167179107666, 1.1285430192947388]]}