{"step": 6, "width": 4, "height": 4, "values": [[0.14113359153270721, 0.005757967010140419, -0.740565836429596, 0.9726165533065796], [-0.003136550774797797, -0.16242541372776031, -0.9927237033843994, 0.8957230448722839], [0.3240908980369568, 0.006253575906157494, -1.6983792781829834, 2.2858331203460693], [-0.0031626401469111443, -0.6625624895095825, -2.811603307723999, 1.8786355257034302]]}