{"step": 13, "width": 4, "height": 4, "values": [[0.23002436757087708, -0.2066410779953003, -0.21624663472175598, 0.8209579586982727], [-0.04038258641958237, 0.055548615753650665, -0.9322434663772583, 0.7628504633903503], [0.2863815128803253, -0.6535623073577881, -0.9481641054153442, 1.3056553602218628], [-0.04080701991915703, 0.2614041566848755, -1.6754508018493652, 1.1010981798171997]]}