{"step": 12, "width": 4, "height": 4, "values": [[0.3040551245212555, -0.1694125235080719, -0.26675787568092346, 0.8797369003295898], [-0.09227650612592697, 0.08820085972547531, -0.8503101468086243, 0.7470789551734924], [0.3740411698818207, -0.4973595142364502, -0.9408856630325317, 1.5838046073913574], [-0.0934826135635376, 0.39723271131515503, -1.2573291063308716, 1.0454930067062378]]}