{"step": 20, "width": 4, "height": 4, "values": [[0.447396844625473, 0.10587047785520554, -0.06868750602006912, -0.33679431676864624], [0.09202062338590622, 0.0369858555495739, -0.49911507964134216, 0.25299033522605896], [1.0322380065917969, 0.12938742339611053, -0.3323931097984314, -0.8497507572174072], [0.1261543333530426, 0.03943463787436485, -0.5481427311897278, 0.955888032913208]]}