{"step": 0, "width": 4, "height": 4, "values": [[0.14544914662837982, 0.6509628891944885, -0.658836841583252, 0.6761823892593384], [-0.19161798059940338, 0.018472623080015182, 0.05347438156604767, 0.629222571849823], [0.39908477663993835, 0.8003953099250793, -0.825618326663971, 0.8398497700691223], [-0.19695231318473816, 0.019281618297100067, 0.05352824553847313, 0.8841686248779297]]}