{"step": 30, "width": 4, "height": 4, "values": [[-0.005108535289764404, 0.6868759989738464, -0.8602966070175171, -0.9156916737556458], [0.8111416697502136, -0.09591665863990784, 0.7791581153869629, 0.7424049377441406], [-0.013052191585302353, 0.867398738861084, -1.7940007448196411, -1.5892926454544067], [1.168565273284912, -0.10194160789251328, 1.0432580709457397, 1.5364673137664795]]}