{"step": 18, "width": 4, "height": 4, "values": [[0.07010763883590698, -0.2877747714519501, 0.16022998094558716, 0.512178361415863], [0.41747456789016724, -0.0014042394468560815, -0.7644612789154053, 0.5726584792137146], [0.0729290023446083, -0.41208428144454956, 0.4721507728099823, 0.6411211490631104], [0.4476393163204193, -0.006814468186348677, -1.0068756341934204, 0.7678555250167847]]}