{"step": 15, "width": 4, "height": 4, "values": [[0.20472528040409088, -0.21617546677589417, -0.17661426961421967, 0.6857222318649292], [0.019256792962551117, 0.016549216583371162, -0.9700371623039246, 0.7671886086463928], [0.2563418447971344, -0.6964386105537415, -0.9529802799224854, 0.9154711365699768], [0.019453778862953186, 0.08102696388959885, -2.0934255123138428, 1.1250991821289062]]}