{"step": 27, "width": 4, "height": 4, "values": [[0.3113747239112854, -0.35246384143829346, -0.061805304139852524, -0.2103286236524582], [0.11150998622179031, -0.0016218704404309392, 0.43083205819129944, 0.1129416972398758], [0.41746315360069275, -0.46438372135162354, -0.2525208294391632, -0.24777598679065704], [0.2817116677761078, -0.0657772421836853, 0.46093499660491943, 0.12242496013641357]]}