{"step": 9, "width": 4, "height": 4, "values": [[0.3634420931339264, -0.5137666463851929, -0.40235435962677, 0.7717168927192688], [0.09959238767623901, -0.2547385096549988, -0.15407295525074005, 0.6653188467025757], [0.438395231962204, -0.5744770765304565, -0.8117669820785522, 1.0571577548980713], [0.10973302274942398, -0.7085621356964111, -0.15531320869922638, 1.5124549865722656]]}