{"step": 44, "width": 4, "height": 4, "values": [[-0.48357436060905457, 0.18283842504024506, -0.7256297469139099, -0.9467342495918274], [0.9292122721672058, 0.625507652759552, 0.9994208812713623, 0.41490939259529114], [-1.7115293741226196, 0.19280411303043365, -1.8205386400222778, -2.6728415489196777], [4.540968418121338, 2.3452184200286865, 4.10139799118042, 5.151852130889893]]}