{"step": 21, "width": 4, "height": 4, "values": [[0.2967022657394409, -0.3728296756744385, -0.08009836822748184, -0.14911706745624542], [0.02811892330646515, -0.001380791887640953, 0.23236380517482758, 0.11725972592830658], [0.39622315764427185, -0.49197918176651, -0.30041182041168213, -0.17355184257030487], [0.0691262036561966, -0.05559443309903145, 0.23669634759426117, 0.12657640874385834]]}