{"step": 24, "width": 4, "height": 4, "values": [[-9.757828229339793e-05, 0.6767520308494568, -0.8612656593322754, -0.9081847667694092], [0.7469890713691711, -0.08268481492996216, 0.7540220618247986, 0.739806056022644], [-0.00024733878672122955, 0.8470080494880676, -1.812238335609436, -1.5419460535049438], [0.9932987689971924, -0.0878666490316391, 0.9822440147399902, 1.5034961700439453]]}