{"step": 8, "width": 4, "height": 4, "values": [[0.260782390832901, 0.12382036447525024, -0.6366603374481201, 0.7245854139328003], [0.16024115681648254, -0.03681185841560364, -0.9766188263893127, 0.7246480584144592], [0.458570271730423, 0.13752606511116028, -0.9451304078102112, 0.9437198042869568], [0.16195732355117798, -0.13434074819087982, -2.2192301750183105, 1.1897122859954834]]}