{"step": 38, "width": 4, "height": 4, "values": [[-0.3987303674221039, 0.7357823848724365, -0.41692838072776794, -0.9783269762992859], [0.9674947261810303, 0.049162574112415314, 0.9689158797264099, 0.8691540360450745], [-0.8720526099205017, 1.1032252311706543, -2.208066940307617, -2.5297372341156006], [2.2020506858825684, 0.17775464057922363, 2.0746312141418457, 2.6771750450134277]]}