{"step": 26, "width": 4, "height": 4, "values": [[0.43600398302078247, 0.20635923743247986, -0.05094257742166519, -0.5072422027587891], [0.2831535339355469, -0.011799780651926994, -0.34369388222694397, 0.27117109298706055], [0.8990826606750488, 0.25329163670539856, -1.259124994277954, -0.9612900614738464], [0.4015694260597229, -0.013329052366316319, -0.35828012228012085, 0.9590088129043579]]}