{"step": 19, "width": 4, "height": 4, "values": [[0.6576645374298096, 0.21263998746871948, 0.44664886593818665, 0.4890771210193634], [0.1579935997724533, 0.044068340212106705, -0.22685466706752777, 0.6962795853614807], [0.8737794160842896, 0.37051159143447876, 0.7487016916275024, 0.9795368909835815], [0.1698204129934311, 0.04444243758916855, -0.23088665306568146, 1.0194517374038696]]}