{"step": 41, "width": 4, "height": 4, "values": [[-0.4439184367656708, 0.7960915565490723, -0.42515426874160767, -0.9884772300720215], [0.9895915985107422, 0.2251909375190735, 0.9953985214233398, 0.8583240509033203], [-0.9751280546188354, 1.3108552694320679, -4.496890068054199, -5.205250263214111], [3.336219072341919, 0.8812344074249268, 3.038503408432007, 5.430185317993164]]}