{"step": 14, "width": 4, "height": 4, "values": [[0.21110029518604279, -0.2136005163192749, -0.19178460538387299, 0.7473294138908386], [-0.005543088540434837, 0.03260417655110359, -0.9581444263458252, 0.7664723992347717], [0.26392626762390137, -0.6877762675285339, -0.9506949186325073, 1.0666630268096924], [-0.0055989790707826614, 0.1566551923751831, -1.9231139421463013, 1.1185063123703003]]}