{"step": 3, "width": 4, "height": 4, "values": [[0.17118531465530396, 0.08347663283348083, -0.7692016363143921, 0.977416455745697], [-0.09516303241252899, -0.07673543691635132, -0.9661604762077332, 0.9069336652755737], [0.37801146507263184, 0.0903179794549942, -1.8400349617004395, 2.398271322250366], [-0.09620944410562515, -0.2626013457775116, -2.0320887565612793, 2.1190991401672363]]}