{"step": 17, "width": 4, "height": 4, "values": [[0.34706127643585205, -0.18390676379203796, -0.09457921236753464, 0.3274844288825989], [0.21287865936756134, -0.0013879364123567939, -0.9296182990074158, 0.6450416445732117], [0.40933045744895935, -0.6437804698944092, -0.3130525052547455, 0.38965749740600586], [0.21671560406684875, -0.00702501367777586, -1.6556527614593506, 0.9260239601135254]]}