{"step": 10, "width": 4, "height": 4, "values": [[0.5465325117111206, -0.5376765131950378, -0.17796590924263, 0.6552525162696838], [-0.034702494740486145, 0.2682718336582184, 0.6517757773399353, 0.692228376865387], [1.1964460611343384, -0.6760421991348267, -0.2758265733718872, 0.8206124901771545], [-0.3581054210662842, 0.6106979250907898, 0.7784083485603333, 0.9837120771408081]]}