{"step": 4, "width": 4, "height": 4, "values": [[0.1522265076637268, 0.021215781569480896, -0.7507797479629517, 0.9766333103179932], [-0.05648847296833992, -0.11526152491569519, -0.983161449432373, 0.9041085839271545], [0.3421901762485504, 0.02296360954642296, -1.7617487907409668, 2.3867640495300293], [-0.05700954049825668, -0.4240448474884033, -2.3865909576416016, 2.0249900817871094]]}