{"step": 35, "width": 4, "height": 4, "values": [[-0.4142407774925232, 0.05896790698170662, 0.006170749664306641, -0.7381615042686462], [0.907819926738739, 0.049593083560466766, 0.797947108745575, 0.6922076940536499], [-0.48475182056427, 0.21873578429222107, 0.05296497419476509, -1.2779037952423096], [1.5275471210479736, 0.31115323305130005, 1.0929453372955322, 1.075974702835083]]}