{"step": 40, "width": 4, "height": 4, "values": [[-0.43004748225212097, 0.7894649505615234, -0.42503196001052856, -0.9887461066246033], [0.9866272807121277, 0.1733417958021164, 0.9904245138168335, 0.8621127605438232], [-0.938504695892334, 1.2846778631210327, -3.7680654525756836, -4.325699329376221], [2.962353229522705, 0.6366066932678223, 2.6695945262908936, 4.521162986755371]]}