{"step": 25, "width": 4, "height": 4, "values": [[0.3981899917125702, -0.4306464195251465, -0.1528584212064743, -0.8471108078956604], [0.21334438025951385, -0.014661164954304695, 0.7742610573768616, 0.27263253927230835], [0.6281144022941589, -0.47962063550949097, -1.351481318473816, -1.2795392274856567], [0.27071064710617065, -0.020803647115826607, 1.0308889150619507, 1.5590192079544067]]}