{"step": 37, "width": 4, "height": 4, "values": [[-0.4141077995300293, 0.6086630821228027, -0.5285484194755554, -0.9041492342948914], [0.9436547160148621, -0.00625810120254755, 0.9620521068572998, 0.875117301940918], [-0.9599058628082275, 0.8331818580627441, -1.3501982688903809, -1.6171151399612427], [1.8508292436599731, -0.020207030698657036, 1.973207950592041, 1.7419272661209106]]}