{"step": 23, "width": 4, "height": 4, "values": [[0.012817484326660633, 0.37381070852279663, -0.7387860417366028, -0.7296642661094666], [0.7341116666793823, -0.11098002642393112, 0.7639575600624084, 0.534821093082428], [0.03847423940896988, 0.3929854929447174, -0.9481903910636902, -0.931649386882782], [0.9396742582321167, -0.11212997138500214, 1.0056675672531128, 1.0660582780838013]]}