{"step": 22, "width": 4, "height": 4, "values": [[0.039822645485401154, -0.2930026948451996, -0.41460850834846497, -0.7429549694061279], [0.6724413633346558, -0.030212409794330597, 0.7655762434005737, 0.22461466491222382], [0.45110753178596497, -0.3049207925796509, -0.5934264659881592, -0.9780297875404358], [0.81919264793396, -0.21996715664863586, 1.0095592737197876, 1.0169343948364258]]}