{"step": 36, "width": 8, "height": 8, "values": [[0.14128878712654114, 0.4508303701877594, -0.35720762610435486, -0.25750046968460083, 0.2029610276222229, 0.06712847948074341, -0.051723264157772064, -0.11154061555862427], [-0.955666184425354, 0.17699271440505981, -0.009431052953004837, -0.6929261684417725, -0.5709452033042908, -0.047013960778713226, 0.037846606224775314, -0.8539384007453918], [0.6560579538345337, 0.07334260642528534, 0.06403179466724396, -0.3710874617099762, 0.0030622221529483795, 0.07622862607240677, -0.24480758607387543, 0.5291625261306763], [-0.06791388988494873, 0.07182830572128296, 0.148187518119812, 0.2125261276960373, 0.4340912103652954, 0.13377134501934052, -0.04907010495662689, -0.8143528699874878], [0.1609027236700058, 0.5223119258880615, -0.43349406123161316, -0.2960529923439026, 0.22199039161205292, 0.0797630101442337, -0.05463657155632973, -0.15608201920986176], [-2.340209484100342, 0.18187621235847473, -0.010228579863905907, -1.905940294265747, -0.7450101375579834, -0.0472198911011219, 0.043728675693273544, -3.442556142807007], [1.467712163925171, 0.10467557609081268, 0.0642629936337471, -0.5401591658592224, 0.003997951280325651, 0.08533646166324615, -0.25411343574523926, 0.638618528842926], [-0.06869630515575409, 0.07208698987960815, 0.1967906653881073, 0.21978621184825897, 0.5251538753509521, 0.2094590961933136, -0.05393429100513458, -1.5320453643798828]]}