{"step": 80, "width": 8, "height": 8, "values": [[0.3760615885257721, 0.15027853846549988, -0.17406053841114044, -0.520845353603363, 0.5418850779533386, 0.1394704431295395, -0.06667580455541611, -0.23037861287593842], [-0.9678327441215515, 0.396674245595932, -0.13170647621154785, -0.3716030716896057, 0.00978565588593483, -0.10586368292570114, -0.04942851513624191, -0.8105498552322388], [0.45508456230163574, -0.10209288448095322, -0.04817069694399834, -0.32124337553977966, -0.26446130871772766, 0.7441866993904114, -0.22318647801876068, 0.14381466805934906], [-0.10966415703296661, 0.22900456190109253, 0.19287969172000885, 0.03292003646492958, 0.5915178060531616, 0.17057067155838013, -0.07915733754634857, -0.8829420804977417], [0.46349337697029114, 0.16585896909236908, -0.2888944447040558, -0.5912034511566162, 0.6410310864448547, 0.16424505412578583, -0.1257692277431488, -0.3664160668849945], [-2.8130993843078613, 0.47806936502456665, -0.13884207606315613, -0.5349313020706177, 0.011197591200470924, -0.10661740601062775, -0.29477909207344055, -2.957921028137207], [1.303938865661621, -0.1726423054933548, -0.04863063246011734, -0.4457473158836365, -0.2904019355773926, 1.0098166465759277, -0.2302560806274414, 0.15622177720069885], [-0.11152471601963043, 0.23341302573680878, 0.3000984489917755, 0.033149879425764084, 0.7295447587966919, 0.4143465757369995, -0.0848303735256195, -1.527385950088501]]}