{"step": 74, "width": 8, "height": 8, "values": [[0.04401596635580063, 0.1749352663755417, 0.4213847219944, -0.13687187433242798, 0.44888022541999817, 0.16890478134155273, -0.03742697462439537, -0.325371116399765], [-0.9236136674880981, 0.10644280165433884, -0.12497565895318985, -0.1152447760105133, -0.15151354670524597, -0.09960596263408661, 0.32109665870666504, -0.8148288726806641], [0.11680444329977036, 0.09087678045034409, -0.03441883996129036, -0.8131661415100098, 0.10374194383621216, 0.5980083346366882, -0.2912422716617584, 0.0927402675151825], [-0.1524563729763031, 0.20374451577663422, 0.15124575793743134, 0.07317498326301575, 0.6534055471420288, 0.20050209760665894, -0.07192304730415344, -0.7720794081687927], [0.050605013966560364, 0.18508481979370117, 0.7971357703208923, -0.15993858873844147, 0.5781363844871521, 0.20065243542194366, -0.038604170083999634, -0.44727861881256104], [-3.2644424438476562, 0.12559954822063446, -0.13064537942409515, -0.1402817815542221, -0.16557808220386505, -0.10029399394989014, 0.45805853605270386, -2.590423107147217], [0.9982988834381104, 0.37814584374427795, -0.03469444066286087, -1.3569107055664062, 0.12227422744035721, 0.7564283609390259, -0.3106829822063446, 0.09963100403547287], [-0.15585748851299286, 0.2069568783044815, 0.23454825580120087, 0.07433529198169708, 0.8674973845481873, 0.33792373538017273, -0.07812290638685226, -1.1294605731964111]]}