{"step": 54, "width": 8, "height": 8, "values": [[-0.027314530685544014, 0.24196210503578186, 0.524105966091156, -0.2862643897533417, 0.36061209440231323, 0.09462474286556244, 0.087943896651268, -0.2777768075466156], [-0.9718384742736816, 0.30774086713790894, -0.053564365953207016, -0.8070036768913269, -0.02887188084423542, -0.07208501547574997, 0.338644802570343, -0.8108909726142883], [0.28919312357902527, 0.16848108172416687, -0.11337278038263321, -0.49761322140693665, 0.026547888293862343, 0.05766519531607628, -0.2959623336791992, 0.13475672900676727], [-0.13049310445785522, 0.14283134043216705, 0.2597740590572357, 0.13599158823490143, 0.4876226782798767, 0.07295119762420654, -0.06940608471632004, -0.3179296851158142], [-0.033210717141628265, 0.32152795791625977, 0.6556869745254517, -0.33736714720726013, 0.39700448513031006, 0.1207498237490654, 0.12824708223342896, -0.3491367697715759], [-3.548492193222046, 0.3205351233482361, -0.05689939111471176, -2.2055485248565674, -0.03996064141392708, -0.0725141167640686, 0.3722386956214905, -2.458984375], [0.8008689284324646, 0.18172860145568848, -0.11436162143945694, -0.6197412014007568, 0.02791535295546055, 0.0597730353474617, -0.30613741278648376, 0.1426611691713333], [-0.1331680715084076, 0.14424832165241241, 0.42641833424568176, 0.14389675855636597, 0.5721124410629272, 0.09087622910737991, -0.07591667026281357, -0.627831757068634]]}