{"step": 64, "width": 8, "height": 8, "values": [[-0.14510539174079895, 0.18568900227546692, 0.709467351436615, -0.17848575115203857, 0.45318806171417236, 0.15092983841896057, -0.017416134476661682, -0.4137604236602783], [-0.9411673545837402, 0.48399272561073303, -0.09825733304023743, -0.6559266448020935, -0.11338578909635544, -0.08556926995515823, 0.03660370409488678, -0.801336407661438], [0.11249042302370071, 0.26039180159568787, 0.047646552324295044, -0.7298126816749573, -0.1565510332584381, 0.6477059125900269, 0.35730496048927307, -0.25694260001182556], [-0.13787849247455597, 0.1700073927640915, 0.10865195095539093, 0.056689053773880005, 0.5495741367340088, -0.012114588171243668, -0.07142230868339539, -0.5715836882591248], [-0.15870846807956696, 0.2270064800977707, 1.0643435716629028, -0.19313779473304749, 0.5183317065238953, 0.16543595492839813, -0.023755762726068497, -0.5936859250068665], [-3.675830364227295, 0.5502471327781677, -0.10249578207731247, -1.426051139831543, -0.15265025198459625, -0.08606690168380737, 0.45243293046951294, -2.209172010421753], [0.5198755860328674, 0.4708721339702606, 0.04769286513328552, -1.1228407621383667, -0.23875397443771362, 1.2665799856185913, 0.3777601420879364, -0.39453479647636414], [-0.14041852951049805, 0.17183947563171387, 0.15515391528606415, 0.059052009135484695, 0.6303094029426575, -0.016706712543964386, -0.07817269116640091, -0.8231682777404785]]}