{"step": 93, "width": 8, "height": 8, "values": [[0.37761110067367554, 0.25186094641685486, -0.418882817029953, -0.37304437160491943, 0.5708491802215576, 0.07700255513191223, -0.15974663197994232, -0.042181119322776794], [-0.9738929271697998, 0.34717872738838196, -0.12892667949199677, -0.8021901845932007, -0.6744692921638489, -0.12478296458721161, 0.13465671241283417, -0.8110503554344177], [0.44588789343833923, 0.12381426990032196, 0.19650039076805115, 0.04205765202641487, 0.12018395960330963, 0.2277512401342392, -0.054046183824539185, 0.5021411776542664], [-0.15244169533252716, 0.28483498096466064, 0.2203628122806549, 0.3286402225494385, 0.4445660710334778, 0.07830019295215607, -0.1015724465250969, -0.8300945162773132], [0.49271726608276367, 0.2836790084838867, -0.5552117228507996, -0.48148199915885925, 0.6983823776245117, 0.09840944409370422, -0.18642179667949677, -0.06429377943277359], [-2.870736837387085, 0.3705286681652069, -0.13530074059963226, -3.2716898918151855, -0.9377802610397339, -0.12590450048446655, 0.15342459082603455, -3.3113887310028076], [0.692314088344574, 0.1672956347465515, 0.20046088099479675, 0.06117967143654823, 0.15062515437602997, 0.24487586319446564, -0.05453662946820259, 0.6472402215003967], [-0.15512776374816895, 0.2938893139362335, 0.2698121964931488, 0.348447322845459, 0.5333943367004395, 0.139081209897995, -0.11431634426116943, -1.9169161319732666]]}