{"step": 56, "width": 8, "height": 8, "values": [[-0.12989071011543274, 0.21827095746994019, 0.6894643306732178, -0.4135025441646576, 0.3382318913936615, 0.11690136790275574, 0.07656466960906982, -0.3256601095199585], [-0.9711057543754578, 0.3969419002532959, -0.06895666569471359, -0.7173900008201599, -0.3808927536010742, -0.07474788278341293, -0.42499905824661255, -0.8121559619903564], [0.37928298115730286, 0.03117348626255989, -0.2543823719024658, -0.5466188192367554, -0.35660237073898315, -0.069217249751091, -0.39183443784713745, 0.07840365916490555], [-0.09493541717529297, 0.14644309878349304, 0.199783593416214, 0.28351935744285583, 0.5311508774757385, 0.24518834054470062, -0.0696968212723732, -0.7314848899841309], [-0.15305452048778534, 0.24393495917320251, 0.9355825185775757, -0.4582560062408447, 0.4090343415737152, 0.13399390876293182, 0.08534183353185654, -0.4580182433128357], [-3.8833346366882324, 0.4209156632423401, -0.07311300933361053, -1.9733607769012451, -0.44625890254974365, -0.0753532126545906, -0.46696534752845764, -2.7189645767211914], [1.0329619646072388, 0.08802200853824615, -0.26268041133880615, -0.7765272259712219, -0.4256267547607422, -0.07477619498968124, -0.4632682800292969, 0.08756870031356812], [-0.0965220034122467, 0.14764097332954407, 0.26252347230911255, 0.3080000579357147, 0.6766509413719177, 0.36474213004112244, -0.07570043206214905, -1.495334267616272]]}