{"step": 55, "width": 8, "height": 8, "values": [[-0.11031462252140045, 0.2634962499141693, 0.6096081137657166, -0.2502022385597229, 0.34752157330513, 0.11530233174562454, 0.08971577882766724, -0.33668819069862366], [-0.9647128582000732, 0.40313687920570374, -0.06412352621555328, -0.712073802947998, -0.2208048552274704, -0.0730934888124466, 0.012491319328546524, -0.8019538521766663], [0.3830649256706238, 0.1060900017619133, 0.04906009882688522, -0.49950578808784485, -0.3103516101837158, 0.03320739418268204, 0.13258768618106842, 0.04453791305422783], [-0.10427939891815186, 0.14377935230731964, 0.18119262158870697, 0.13668301701545715, 0.5771875977516174, 0.1468539535999298, -0.06913033127784729, -0.6977773308753967], [-0.12707874178886414, 0.31275832653045654, 0.7474924921989441, -0.26286226511001587, 0.3968518376350403, 0.13009056448936462, 0.1227896437048912, -0.4732487201690674], [-3.521379232406616, 0.4394439160823822, -0.06872641295194626, -2.143803834915161, -0.29617026448249817, -0.07357841730117798, 0.056974444538354874, -2.4168176651000977], [1.0645370483398438, 0.1413923054933548, 0.04912756383419037, -0.7480972409248352, -0.3520340025424957, 0.037215735763311386, 0.13436084985733032, 0.0541401281952858], [-0.10609570890665054, 0.1449280083179474, 0.25024452805519104, 0.14578862488269806, 0.6844770908355713, 0.18814317882061005, -0.07583007216453552, -1.3638286590576172]]}