{"step": 11, "width": 8, "height": 8, "values": [[0.4771251380443573, 0.705820620059967, 0.21378807723522186, -0.5747472643852234, -0.10789856314659119, 0.03596533462405205, -0.07668200880289078, 0.15031254291534424], [-0.7639113664627075, 0.1504996120929718, 0.021210569888353348, -0.8028745055198669, -0.4100530445575714, -0.022449681535363197, 0.043423645198345184, -0.44324320554733276], [0.2977052927017212, 0.033060748130083084, 0.1905442625284195, -0.7253057360649109, 0.14943146705627441, 0.36219659447669983, -0.32361042499542236, 0.33909323811531067], [-0.015323475003242493, 0.0323980338871479, 0.20428742468357086, -0.14860381186008453, 0.40428969264030457, 0.3161473572254181, -0.011136258952319622, -0.44452717900276184], [0.6163772344589233, 0.9694681763648987, 0.2553403079509735, -0.7156184315681458, -0.11628842353820801, 0.04103385657072067, -0.08104303479194641, 0.2371917963027954], [-1.1004595756530762, 0.15363743901252747, 0.022487560287117958, -3.4148130416870117, -0.5014557838439941, -0.02252259850502014, 0.06784474849700928, -0.5355972051620483], [1.0751068592071533, 0.041576359421014786, 0.19438479840755463, -1.4550446271896362, 0.21810282766819, 0.41307178139686584, -0.34374523162841797, 0.38918304443359375], [-0.015605481341481209, 0.03245555981993675, 0.25657013058662415, -0.15363162755966187, 0.4741659164428711, 0.5412288904190063, -0.012005620636045933, -0.5565180778503418]]}