{"step": 40, "width": 8, "height": 8, "values": [[0.06569233536720276, 0.41124317049980164, -0.17659638822078705, -0.2864660322666168, 0.2989669442176819, 0.07771256566047668, 0.1056932881474495, -0.11018656939268112], [-0.9836705923080444, 0.3166027367115021, -0.02345360815525055, -0.740981936454773, -0.3290187418460846, -0.05658649280667305, 0.366334468126297, -0.8105601668357849], [0.45906582474708557, 0.23473802208900452, -0.03004881925880909, -0.40445733070373535, 0.033978432416915894, 0.40110212564468384, -0.35315462946891785, 0.3032141923904419], [-0.08254052698612213, 0.08294986188411713, 0.32777276635169983, 0.27110859751701355, 0.38624969124794006, 0.16912178695201874, -0.05186396464705467, -0.006882531568408012], [0.08048950135707855, 0.5495920777320862, -0.19379793107509613, -0.3511740565299988, 0.3152407109737396, 0.09509873390197754, 0.12978516519069672, -0.14708951115608215], [-2.931499719619751, 0.3301860988140106, -0.024566248059272766, -1.835003137588501, -0.48774734139442444, -0.0568169541656971, 0.3941875398159027, -2.3692469596862793], [0.727536141872406, 0.2709142565727234, -0.03078470192849636, -0.5407257676124573, 0.036314066499471664, 0.44674578309059143, -0.37211406230926514, 0.3242094814777374], [-0.0832626149058342, 0.0841054618358612, 0.4559347331523895, 0.2960774898529053, 0.42834043502807617, 0.22136220335960388, -0.058333639055490494, -0.011227945797145367]]}