{"step": 17, "width": 8, "height": 8, "values": [[0.3447505533695221, 0.6524121761322021, 0.06987041234970093, -0.2991352379322052, -0.03626217693090439, 0.038261476904153824, -0.15600907802581787, -0.014516523107886314], [-0.8251921534538269, 0.13423848152160645, 0.01043711882084608, -0.777445375919342, -0.3733024299144745, -0.027139458805322647, 0.05734262987971306, -0.7406612634658813], [0.4036737382411957, -0.014731996692717075, 0.024106789380311966, -0.6061708331108093, 0.06701027601957321, 0.3805941343307495, -0.28863218426704407, 0.2917861044406891], [-0.038836173713207245, 0.041592225432395935, 0.1873566210269928, -0.18291641771793365, 0.33118370175361633, 0.32930833101272583, -0.023372909054160118, -0.7285000085830688], [0.3979147672653198, 0.8831109404563904, 0.10893949121236801, -0.3407551348209381, -0.037556570023298264, 0.04305668920278549, -0.17692780494689941, -0.02241625264286995], [-1.3810234069824219, 0.13630139827728271, 0.011197132989764214, -4.015550136566162, -0.42906561493873596, -0.027208400890231133, 0.0861087441444397, -1.1607085466384888], [1.2474887371063232, -0.019561026245355606, 0.02437436580657959, -1.0264205932617188, 0.15423813462257385, 0.44235390424728394, -0.2997196912765503, 0.3301464915275574], [-0.039455756545066833, 0.04166211187839508, 0.2489791363477707, -0.1876726895570755, 0.3847922086715698, 0.5678006410598755, -0.025112634524703026, -1.1413018703460693]]}