{"step": 10, "width": 8, "height": 8, "values": [[0.48274144530296326, 0.6899588108062744, 0.2894817292690277, -0.6352012753486633, -0.12410975992679596, 0.03110889159142971, -0.07481440156698227, 0.11027826368808746], [-0.8409259915351868, 0.12147818505764008, 0.02575884945690632, -0.8042598366737366, -0.1859896332025528, -0.02222362719476223, -0.23724079132080078, -0.3999771177768707], [0.6332384943962097, 0.01530851237475872, -0.10998107492923737, -0.5306685566902161, 0.14131484925746918, 0.7152916193008423, -0.7366173267364502, 0.3368071913719177], [-0.015510562807321548, 0.031290002167224884, 0.24530261754989624, -0.09532702714204788, 0.33741748332977295, 0.4281195104122162, -0.009400197304785252, -0.06544747948646545], [0.686586320400238, 0.9375231862068176, 0.3316749334335327, -0.7855689525604248, -0.1284322887659073, 0.03602009266614914, -0.07838920503854752, 0.13277631998062134], [-1.298207402229309, 0.12219361215829849, 0.02802775613963604, -3.2172436714172363, -0.43760883808135986, -0.022305017337203026, -0.2429826557636261, -0.4921235740184784], [1.0536465644836426, 0.017474407330155373, -0.11745212227106094, -1.1763403415679932, 0.1480051726102829, 0.9320403337478638, -0.9675350785255432, 0.3622118830680847], [-0.01566322147846222, 0.03139785677194595, 0.5970259308815002, -0.09764666110277176, 0.41597092151641846, 0.4829213619232178, -0.010422457940876484, -0.09233534336090088]]}