{"step": 96, "width": 8, "height": 8, "values": [[-0.21696613729000092, 0.10709873586893082, -0.05522329732775688, -0.2940015494823456, 0.5506188869476318, 0.00711932172998786, 0.6221815943717957, -0.27597829699516296], [-0.8620334267616272, 0.40832075476646423, -0.11837001144886017, -0.1183476522564888, -0.632481575012207, -0.13378967344760895, 0.647422194480896, -0.48152515292167664], [0.6281933188438416, 0.7398070096969604, 0.693260669708252, 0.0640096589922905, -0.39935845136642456, 0.1203945130109787, -0.6636830568313599, 0.4955587685108185], [-0.14594674110412598, 0.2932439148426056, 0.4854663908481598, 0.12114298343658447, 0.10653162002563477, 0.0013103687670081854, -0.11457084119319916, -0.5925127267837524], [-0.48221856355667114, 0.19717489182949066, -0.13368088006973267, -0.4557831585407257, 0.7514503002166748, 0.04318561404943466, 0.7369312644004822, -0.44116371870040894], [-1.3901642560958862, 0.43370094895362854, -0.12986402213573456, -1.2148709297180176, -0.8874213695526123, -0.1353750228881836, 0.799190104007721, -3.0501108169555664], [0.8158004879951477, 0.9617856740951538, 0.9953829050064087, 0.23978321254253387, -0.4236855208873749, 0.26425448060035706, -0.8323431015014648, 0.849104642868042], [-0.1502196043729782, 0.30366185307502747, 0.7980013489723206, 0.13298295438289642, 0.17978574335575104, 0.02649443969130516, -0.1196601539850235, -1.9779913425445557]]}