{"step": 16, "width": 8, "height": 8, "values": [[0.44117647409439087, 0.6658816337585449, 0.08888128399848938, -0.33539268374443054, -0.04203653335571289, 0.037914570420980453, -0.17222504317760468, -0.17758457362651825], [-0.8757542371749878, 0.1476808786392212, 0.01365081500262022, -0.8454789519309998, 0.043112386018037796, -0.026942498981952667, -0.6432083249092102, -0.6575819253921509], [0.2818177342414856, -0.028156813234090805, 0.0028117906767874956, -0.541562020778656, 0.12817560136318207, 0.7789095044136047, -0.788478434085846, 0.3033771812915802], [-0.038508154451847076, 0.0410284623503685, 0.25000855326652527, -0.2085006833076477, 0.23083196580410004, 0.4226073920726776, -0.021858911961317062, -0.6754781603813171], [0.5510103106498718, 0.8755935430526733, 0.15640899538993835, -0.35553789138793945, -0.04560811072587967, 0.04319027066230774, -0.1796233057975769, -0.2186572402715683], [-1.43263840675354, 0.15187005698680878, 0.014995851553976536, -3.8673672676086426, 0.05781203880906105, -0.02706267312169075, -0.80426025390625, -0.9616779685020447], [1.1354233026504517, -0.05853045731782913, 0.003520675003528595, -0.7354288697242737, 0.12944813072681427, 1.0588902235031128, -1.1328880786895752, 0.32746055722236633], [-0.03933050483465195, 0.041101787239313126, 0.6692677736282349, -0.21378730237483978, 0.34724152088165283, 0.5583726763725281, -0.02359064109623432, -0.880755603313446]]}