{"step": 49, "width": 8, "height": 8, "values": [[0.010461544618010521, 0.26487427949905396, 0.32321518659591675, -0.2914760708808899, 0.34865182638168335, 0.10114753991365433, -0.1082908883690834, -0.27289795875549316], [-0.960985004901886, 0.261709988117218, -0.018019763752818108, -0.7967817187309265, -0.18184763193130493, -0.06654990464448929, 0.2510794997215271, -0.8180919885635376], [0.37054014205932617, 0.0018267978448420763, -0.24217501282691956, -0.08813126385211945, -0.08521808683872223, 0.33922696113586426, -0.7981974482536316, 0.33605921268463135], [-0.1309017390012741, 0.1308649331331253, 0.16072042286396027, -0.09917829185724258, 0.38288721442222595, 0.1563602238893509, -0.06786077469587326, -0.4188902676105499], [0.01146213710308075, 0.32947126030921936, 0.4928010404109955, -0.31475335359573364, 0.38818949460983276, 0.12088359147310257, -0.1391621083021164, -0.3699260354042053], [-2.8016486167907715, 0.2681235671043396, -0.019375868141651154, -2.2386465072631836, -0.23527705669403076, -0.0668741762638092, 0.2579556107521057, -2.5180654525756836], [0.6567443609237671, 0.0026816779281944036, -0.25099945068359375, -0.10419870167970657, -0.09830737113952637, 0.37286779284477234, -1.1194884777069092, 0.3875485062599182], [-0.13296109437942505, 0.1319289356470108, 0.3120352029800415, -0.10338133573532104, 0.4626975953578949, 0.2577914595603943, -0.0727582573890686, -0.801642894744873]]}