{"step": 48, "width": 8, "height": 8, "values": [[0.10603471100330353, 0.3436964154243469, 0.4637293219566345, -0.3366105258464813, 0.3293217122554779, 0.10346104204654694, -0.09031348675489426, -0.12044800817966461], [-0.9313706159591675, 0.3038116693496704, -0.013738300651311874, -0.7585548162460327, -0.3512977063655853, -0.06615380197763443, -0.1881386786699295, -0.8019081354141235], [0.4373525381088257, -0.003195491386577487, -0.10367920249700546, -0.1079944372177124, -0.14182718098163605, 0.34564849734306335, -0.5352513790130615, 0.3672700822353363], [-0.11944340169429779, 0.12763816118240356, 0.1741809844970703, -0.01778256706893444, 0.3700978457927704, 0.261616587638855, -0.06609617173671722, -0.5773009061813354], [0.12268314510583878, 0.391918808221817, 0.588518500328064, -0.3583352565765381, 0.377983421087265, 0.12312669306993484, -0.11892881244421005, -0.1736055463552475], [-2.6557247638702393, 0.3142818212509155, -0.014543917961418629, -2.670175790786743, -0.44227051734924316, -0.06647960841655731, -0.19191810488700867, -2.464912176132202], [0.732264518737793, -0.004139406140893698, -0.10512992739677429, -0.15250353515148163, -0.20931215584278107, 0.38868552446365356, -0.6270109415054321, 0.434323251247406], [-0.12147236615419388, 0.12849171459674835, 0.27557671070098877, -0.018671905621886253, 0.43672239780426025, 0.3855184316635132, -0.07156282663345337, -1.1365267038345337]]}