{"step": 87, "width": 8, "height": 8, "values": [[0.5180769562721252, 0.17054244875907898, -0.36802300810813904, -0.65211421251297, 0.541167676448822, 0.09317488968372345, -0.23292331397533417, -0.08421829342842102], [-0.9921380877494812, 0.37765124440193176, -0.12498507648706436, -0.8721371293067932, -0.07122382521629333, -0.11508317291736603, -0.295104444026947, -0.8629897236824036], [0.2440291941165924, -0.026207471266388893, -0.0035554300993680954, 0.3317718803882599, -0.07037129998207092, 0.7429870367050171, -0.6867466568946838, 0.38241153955459595], [-0.14711444079875946, 0.26137682795524597, 0.3241659700870514, 0.42126378417015076, 0.2961834967136383, 0.1120079830288887, -0.09440948069095612, -0.9383323192596436], [0.7646469473838806, 0.19656820595264435, -0.6339661478996277, -0.8907968997955322, 0.6309803128242493, 0.11742435395717621, -0.3040177524089813, -0.10261355340480804], [-3.086202383041382, 0.42167928814888, -0.13405361771583557, -3.0194215774536133, -0.09114222228527069, -0.11593857407569885, -0.4635174572467804, -3.640789031982422], [1.0053889751434326, -0.02821696549654007, -0.0037695288192480803, 0.40914154052734375, -0.07084116339683533, 0.9795672297477722, -0.8674364686012268, 0.41232678294181824], [-0.14960315823554993, 0.2687756419181824, 0.6696801781654358, 0.4502640664577484, 0.36099299788475037, 0.1665075421333313, -0.1049777939915657, -1.8679299354553223]]}