{"step": 0, "width": 8, "height": 8, "values": [[0.13162480294704437, 0.12228591740131378, 0.38838785886764526, 0.03850354254245758, -0.016917970031499863, 0.006659430917352438, 0.025212164968252182, -0.010378512553870678], [-0.0776025652885437, 0.1827685832977295, 0.005580168683081865, -0.1907038539648056, -0.5044981837272644, -0.008333890698850155, -0.02994408644735813, 0.14188966155052185], [0.04064761474728584, 0.01515844464302063, -0.10230335593223572, -0.1313997358083725, -0.3137108385562897, -0.09413348138332367, -0.1251789927482605, 0.07880673557519913], [0.030147280544042587, 0.0018557467265054584, 0.4295200705528259, -0.05134807154536247, 0.12060624361038208, -0.3175351321697235, 0.0033538800198584795, 0.1726415455341339], [0.16333438456058502, 0.13136403262615204, 0.43017587065696716, 0.04074971377849579, -0.017363248392939568, 0.007444779388606548, 0.026490282267332077, -0.019079340621829033], [-0.07976084202528, 0.1860308051109314, 0.006521175149828196, -0.24977077543735504, -0.6125006675720215, -0.008382698521018028, -0.031410109251737595, 0.1621224284172058], [0.04925566539168358, 0.097471684217453, -0.13348408043384552, -0.15954484045505524, -0.38629698753356934, -0.1450258195400238, -0.3394431173801422, 0.08578675240278244], [0.030659247189760208, 0.0018693546298891306, 0.49348184466362, -0.06740718334913254, 0.1352909505367279, -0.3548431396484375, 0.0036199663300067186, 0.20803073048591614]]}