{"step": 1, "width": 8, "height": 8, "values": [[0.29451319575309753, 0.34897634387016296, 0.10473711043596268, -0.21643425524234772, -0.10944633930921555, 0.013312175869941711, 0.11652480810880661, -0.08535727113485336], [0.09366834908723831, 0.24098344147205353, 0.004246553406119347, -0.2773549258708954, 0.3097153306007385, -0.009649145416915417, 0.357418030500412, 0.07475580275058746], [0.16143310070037842, 0.1410711109638214, -0.23093454539775848, -0.7386659383773804, 0.23648770153522491, -0.09118438512086868, 0.06995739787817001, 0.22197337448596954], [0.02574043907225132, 0.002081724349409342, 0.47498172521591187, -0.05057699233293533, 0.3163464069366455, -0.4141765832901001, 0.005668303929269314, -0.4883691072463989], [0.3675675690174103, 0.38571393489837646, 0.1361076980829239, -0.2552708089351654, -0.11820825934410095, 0.014768256805837154, 0.12353596836328506, -0.12967495620250702], [0.09578341245651245, 0.4533994197845459, 0.005436250939965248, -0.37154528498649597, 0.3657946288585663, -0.009700478985905647, 0.48970112204551697, 0.08560696244239807], [0.5480919480323792, 0.5569272041320801, -0.2392878234386444, -0.9866911172866821, 0.2602287232875824, -0.10893738269805908, 0.08912567794322968, 0.24182114005088806], [0.026714585721492767, 0.002096128650009632, 0.5902205109596252, -0.06215609610080719, 0.35628825426101685, -0.5536578893661499, 0.006044880021363497, -0.5619076490402222]]}