{"step": 30, "width": 8, "height": 8, "values": [[0.5519077777862549, 0.4893108904361725, -0.2686620354652405, -0.27081698179244995, 0.13555802404880524, 0.058439817279577255, -0.21532467007637024, -0.04663028195500374], [-0.6882940530776978, 0.37790554761886597, -0.0006638368940912187, -0.6558336615562439, 0.05566111207008362, -0.04031995311379433, -0.07659592479467392, -0.8568520545959473], [0.5316302180290222, -0.10690568387508392, -0.057012539356946945, -0.3632916212081909, -0.31832775473594666, 0.6987702250480652, -0.40189218521118164, 0.4050375819206238], [-0.08092859387397766, 0.06009693071246147, 0.2019064575433731, -0.3085838258266449, 0.43537116050720215, 0.25667402148246765, -0.04619423672556877, -0.912127673625946], [0.7055289149284363, 0.5703714489936829, -0.574945867061615, -0.28052571415901184, 0.14161831140518188, 0.06478757411241531, -0.34177660942077637, -0.0798894390463829], [-0.9002378582954407, 0.4846910536289215, -0.0007304674945771694, -3.4844579696655273, 0.0665697306394577, -0.04044504836201668, -0.3466242849826813, -3.0049967765808105], [1.517671823501587, -0.22903454303741455, -0.05746949464082718, -0.606799840927124, -0.35333243012428284, 0.9299522638320923, -0.43218159675598145, 0.48286789655685425], [-0.08222473412752151, 0.06022152677178383, 0.34495505690574646, -0.32106003165245056, 0.5022427439689636, 0.44535788893699646, -0.04898630455136299, -1.7551977634429932]]}