{"step": 81, "width": 8, "height": 8, "values": [[0.5060248970985413, 0.13573291897773743, -0.15656137466430664, -0.6370345950126648, 0.5075586438179016, 0.134686678647995, -0.16978450119495392, -0.2387789487838745], [-0.9842504858970642, 0.3621746599674225, -0.12776483595371246, -0.651491105556488, -0.024053974077105522, -0.10712531208992004, -0.5926005840301514, -0.8347606658935547], [0.39852961897850037, -0.05313379317522049, -0.032838985323905945, -0.023487932980060577, -0.23609396815299988, 0.8897761106491089, -0.6487576365470886, 0.1620890349149704], [-0.1154218390583992, 0.23645004630088806, 0.26498061418533325, 0.05507504567503929, 0.37343236804008484, 0.2134445160627365, -0.08045237511396408, -0.9197593331336975], [0.7160602807998657, 0.14320769906044006, -0.2331356555223465, -0.7717999219894409, 0.6365179419517517, 0.16200566291809082, -0.19784800708293915, -0.2963750660419464], [-3.272895336151123, 0.38545241951942444, -0.13487519323825836, -1.0672515630722046, -0.028231516480445862, -0.10789354890584946, -0.7632501125335693, -3.2920656204223633], [1.2405266761779785, -0.08661362528800964, -0.03825750946998596, -0.030371278524398804, -0.2497081458568573, 1.4969943761825562, -0.9412575364112854, 0.16796261072158813], [-0.11754681169986725, 0.241273894906044, 0.5662841200828552, 0.05532259866595268, 0.5268357396125793, 0.3347030282020569, -0.08770743757486343, -1.6714261770248413]]}