{"step": 79, "width": 8, "height": 8, "values": [[0.38272857666015625, 0.11885163933038712, 0.0037864800542593002, -0.4776945114135742, 0.5442108511924744, 0.14122064411640167, -0.057894814759492874, -0.21775035560131073], [-0.9535112380981445, 0.2727724015712738, -0.1318776160478592, -0.400454580783844, -0.25994205474853516, -0.10565139353275299, 0.2800278067588806, -0.8254193663597107], [0.602626621723175, -0.024278320372104645, -0.17329899966716766, -0.05918020009994507, -0.11883563548326492, 0.6887236833572388, -0.6789840459823608, -0.007852914743125439], [-0.11757978796958923, 0.22555318474769592, 0.22068016231060028, 0.03735192120075226, 0.5449203848838806, 0.20970946550369263, -0.07727160304784775, -0.6598252654075623], [0.44917139410972595, 0.13607104122638702, 0.0049988990649580956, -0.5410535335540771, 0.6357735991477966, 0.16893143951892853, -0.13900098204612732, -0.32409965991973877], [-3.1088006496429443, 0.2801865339279175, -0.13844622671604156, -0.5794972777366638, -0.3022189438343048, -0.10630860924720764, 0.29126444458961487, -2.986578941345215], [1.0503126382827759, -0.02906774915754795, -0.1783996820449829, -0.07636277377605438, -0.2945284843444824, 0.8758520483970642, -0.8821980357170105, -0.008565313182771206], [-0.11939572542905807, 0.229933500289917, 0.3636423945426941, 0.037963658571243286, 0.6761735081672668, 0.4656640291213989, -0.08300156146287918, -1.0675930976867676]]}