{"step": 47, "width": 8, "height": 8, "values": [[0.20831254124641418, 0.36209312081336975, 0.4315720200538635, -0.4212871193885803, 0.3130696713924408, 0.11038652807474136, -0.053476378321647644, -0.15844875574111938], [-0.9458704590797424, 0.26694455742836, -0.008383951149880886, -0.7658918499946594, -0.42088067531585693, -0.06596171110868454, 0.02759125828742981, -0.8304835557937622], [0.29398950934410095, 0.012128428556025028, 0.04228075221180916, -0.1292165219783783, -0.17626723647117615, 0.6103594303131104, -0.27492329478263855, 0.3754987120628357], [-0.11793972551822662, 0.12743984162807465, 0.15379609167575836, 0.11124566942453384, 0.36802738904953003, 0.180499866604805, -0.06491246074438095, -0.7519866824150085], [0.24953439831733704, 0.4336082637310028, 0.5235984921455383, -0.4571847915649414, 0.34066668152809143, 0.12529988586902618, -0.06502532213926315, -0.23877091705799103], [-2.585789203643799, 0.27858060598373413, -0.008852989412844181, -2.8199634552001953, -0.5434828400611877, -0.06624829024076462, 0.24569077789783478, -2.429326057434082], [0.8312562704086304, 0.015708545222878456, 0.042330846190452576, -0.20093069970607758, -0.23082531988620758, 0.9982283115386963, -0.2848677635192871, 0.47068458795547485], [-0.11977793276309967, 0.12823718786239624, 0.22336620092391968, 0.11362458765506744, 0.4002911150455475, 0.2622683048248291, -0.07057851552963257, -1.3436414003372192]]}