{"step": 66, "width": 8, "height": 8, "values": [[-0.13387972116470337, 0.09973571449518204, 0.6228153109550476, -0.17936931550502777, 0.4717286229133606, 0.15251870453357697, -0.02041359432041645, -0.49076327681541443], [-0.9716553092002869, 0.2547418773174286, -0.10121267288923264, -0.7315577268600464, -0.43020889163017273, -0.09065358340740204, 0.40965479612350464, -0.820690393447876], [0.25745514035224915, 0.06712260842323303, -0.3329569101333618, -0.631277859210968, -0.08922696858644485, 0.5491495132446289, -0.6612911820411682, -0.21705040335655212], [-0.14792658388614655, 0.18328489363193512, 0.15345081686973572, 0.16845451295375824, 0.510844349861145, 0.033849358558654785, -0.07115227729082108, -0.5197283625602722], [-0.1514223963022232, 0.12055160850286484, 0.9839602112770081, -0.19625596702098846, 0.5435095429420471, 0.17960387468338013, -0.021744167432188988, -0.6932963728904724], [-3.9244983196258545, 0.2610188126564026, -0.1051541417837143, -1.2840158939361572, -0.5156388878822327, -0.09127858281135559, 0.44862842559814453, -2.499149799346924], [0.8118650913238525, 0.21728424727916718, -0.35187482833862305, -0.8478121757507324, -0.09449248015880585, 0.6428496241569519, -0.8333244919776917, -0.23596195876598358], [-0.15082556009292603, 0.1855989545583725, 0.24819070100784302, 0.1739211082458496, 0.6382551789283752, 0.050699055194854736, -0.07696681469678879, -0.7749177813529968]]}