{"step": 60, "width": 8, "height": 8, "values": [[0.1960638016462326, 0.181642547249794, -0.00196740566752851, -0.3390529155731201, 0.40275150537490845, 0.1092199981212616, -0.0357804149389267, -0.11394991725683212], [-0.9193525314331055, 0.34665295481681824, -0.08276434987783432, -0.8671640157699585, -0.17098119854927063, -0.08002424985170364, -0.20267383754253387, -0.7743533253669739], [0.3491669297218323, 0.1630799025297165, 0.002526991767808795, -0.6275168061256409, 0.003703261259943247, 0.22481505572795868, -0.34814316034317017, -0.04387242719531059], [-0.12201502919197083, 0.1617273986339569, 0.25516778230667114, 0.14263485372066498, 0.6067374348640442, 0.16970472037792206, -0.07006003707647324, -0.43927621841430664], [0.2296431064605713, 0.20799222588539124, -0.002313819481059909, -0.405755877494812, 0.4679638743400574, 0.13664381206035614, -0.04818802699446678, -0.14704224467277527], [-3.23396372795105, 0.36749523878097534, -0.08663786202669144, -2.6262035369873047, -0.2466505467891693, -0.08053375780582428, -0.20893052220344543, -3.385336399078369], [0.569480836391449, 0.17206449806690216, 0.002540896413847804, -0.9769755005836487, 0.003954642917960882, 0.2303398698568344, -0.36373788118362427, -0.04965309426188469], [-0.1246023178100586, 0.16386909782886505, 0.40250444412231445, 0.16027657687664032, 0.8198596835136414, 0.23890423774719238, -0.07797905802726746, -1.0196036100387573]]}