{"step": 58, "width": 8, "height": 8, "values": [[0.2719014883041382, 0.19909897446632385, 0.6765178442001343, -0.4602721929550171, 0.35042983293533325, 0.1236489862203598, -0.07339371740818024, -0.05285969749093056], [-0.9780937433242798, 0.2801838219165802, -0.06802652776241302, -0.9089763760566711, -0.027501020580530167, -0.0782083123922348, -0.344225138425827, -0.8401733636856079], [0.1516406536102295, -0.018980054184794426, -0.06860876828432083, -0.482538640499115, -0.010627531446516514, 0.7882538437843323, -0.712854266166687, 0.07559773325920105], [-0.11096374690532684, 0.15679867565631866, 0.2838316559791565, 0.27466222643852234, 0.5072712302207947, 0.11443702131509781, -0.0686555802822113, -0.5989419221878052], [0.3616549074649811, 0.21440719068050385, 0.948677122592926, -0.5074873566627502, 0.40426936745643616, 0.14347028732299805, -0.07912678271532059, -0.05942178890109062], [-3.7999823093414307, 0.2924669086933136, -0.07157550007104874, -2.4771063327789307, -0.043743796646595, -0.07860371470451355, -0.3622499108314514, -3.403639078140259], [0.5062372088432312, -0.024141883477568626, -0.1462361067533493, -0.665684700012207, -0.010678728111088276, 1.0759987831115723, -0.9927366971969604, 0.07683855295181274], [-0.1127285584807396, 0.15911108255386353, 0.8088088035583496, 0.2886698246002197, 0.6377500295639038, 0.1200527772307396, -0.07769298553466797, -0.8174684047698975]]}