{"step": 28, "width": 8, "height": 8, "values": [[0.5970306396484375, 0.5116661787033081, -0.2721171975135803, -0.41090521216392517, 0.1057419404387474, 0.058418650180101395, -0.31590813398361206, -0.05852525308728218], [-0.8382097482681274, 0.3432382643222809, -0.001381809706799686, -0.8011355996131897, -0.015379785560071468, -0.04009808599948883, -0.6253054141998291, -0.8843047618865967], [0.3558286726474762, -0.05541552975773811, -0.039647843688726425, -0.4044785797595978, -0.21803045272827148, 0.8597164154052734, -0.6353916525840759, 0.4217980206012726], [-0.07556197047233582, 0.05827104300260544, 0.30135154724121094, -0.15683020651340485, 0.32028016448020935, 0.3192555904388428, -0.04144315421581268, -0.9268044829368591], [0.8171023726463318, 0.5858625173568726, -0.43247365951538086, -0.4400556981563568, 0.11681295931339264, 0.06421978771686554, -0.349957138299942, -0.07674524933099747], [-1.2646721601486206, 0.37086787819862366, -0.001525436993688345, -3.660553216934204, -0.01895163394510746, -0.040200814604759216, -0.8045588731765747, -2.8070411682128906], [1.3357378244400024, -0.09475277364253998, -0.04640140384435654, -0.5878522992134094, -0.23079735040664673, 1.3305659294128418, -0.9871551990509033, 0.4708627164363861], [-0.07687970995903015, 0.05841630697250366, 0.64946448802948, -0.15889383852481842, 0.4391622543334961, 0.4556639492511749, -0.045146770775318146, -1.7678889036178589]]}