{"step": 71, "width": 8, "height": 8, "values": [[0.02083316631615162, 0.1533607691526413, 0.7699018716812134, -0.12521517276763916, 0.4809170663356781, 0.1705572009086609, -0.1031789556145668, -0.3169379234313965], [-0.8720114827156067, 0.29062795639038086, -0.10972556471824646, -0.6269620656967163, -0.26740899682044983, -0.09728196263313293, 0.03997110575437546, -0.8194249868392944], [0.06553559005260468, 0.13352668285369873, 0.03988643363118172, -0.6588951349258423, -0.20059143006801605, 0.7171768546104431, -0.09352950006723404, -0.07394828647375107], [-0.1615905612707138, 0.19517023861408234, 0.10112574696540833, 0.06298800557851791, 0.635924756526947, 0.3051905632019043, -0.07228416204452515, -0.6175131797790527], [0.023353219032287598, 0.17860639095306396, 1.1977345943450928, -0.1290905922651291, 0.5687418580055237, 0.18615585565567017, -0.1167677640914917, -0.46983498334884644], [-2.7303836345672607, 0.3139857053756714, -0.11438123881816864, -1.216901183128357, -0.35122931003570557, -0.09785974770784378, 0.5502414703369141, -2.3750598430633545], [0.5017764568328857, 0.2249363511800766, 0.039912447333335876, -1.1057461500167847, -0.29732730984687805, 1.7521175146102905, -0.09574370831251144, -0.11292542517185211], [-0.16477105021476746, 0.19786158204078674, 0.1595868319272995, 0.06448994576931, 0.7662729620933533, 0.4039677381515503, -0.08007999509572983, -0.8892350792884827]]}