{"step": 61, "width": 8, "height": 8, "values": [[0.07452278584241867, 0.1739523708820343, 0.18749167025089264, -0.29632219672203064, 0.4390242099761963, 0.10840676724910736, -0.0268719345331192, -0.17278845608234406], [-0.9756963849067688, 0.2699536383152008, -0.08339893817901611, -0.7508846521377563, -0.31422337889671326, -0.08211196959018707, 0.08767838776111603, -0.8039861917495728], [0.3944033980369568, 0.08516228199005127, -0.07577226310968399, -0.5015328526496887, -0.046300437301397324, 0.5589665770530701, -0.6388838291168213, -0.10363523662090302], [-0.1440235823392868, 0.1643216907978058, 0.2320527583360672, 0.06059010699391365, 0.5893170833587646, 0.060178469866514206, -0.07001412659883499, -0.0580611489713192], [0.08270372450351715, 0.19860783219337463, 0.2123212218284607, -0.3427114486694336, 0.4882688820362091, 0.13034459948539734, -0.034585531800985336, -0.23328673839569092], [-3.383768081665039, 0.27702030539512634, -0.0873815193772316, -2.324204444885254, -0.4471808969974518, -0.0826038345694542, 0.08815022557973862, -3.4222047328948975], [0.49980342388153076, 0.16441525518894196, -0.0822310522198677, -0.7814627885818481, -0.05138044431805611, 0.6570101380348206, -0.7725173234939575, -0.1117212101817131], [-0.1458389312028885, 0.16667422652244568, 0.37496113777160645, 0.06500183790922165, 0.7497075200080872, 0.0700559988617897, -0.07844150811433792, -0.09420976787805557]]}