{"step": 37, "width": 8, "height": 8, "values": [[0.047232359647750854, 0.49424847960472107, -0.3943479061126709, -0.11819101870059967, 0.2859395742416382, 0.06052101030945778, 0.06905264407396317, 0.048205893486738205], [-0.9467715620994568, 0.2020248919725418, -0.01990019530057907, -0.6325972676277161, -0.45395007729530334, -0.047861985862255096, 0.11757437139749527, -0.7993791699409485], [0.7162322998046875, 0.13243508338928223, 0.21053315699100494, -0.2847353518009186, -0.025890424847602844, -0.07022564858198166, 0.13172997534275055, 0.43274223804473877], [-0.059361398220062256, 0.07241944968700409, 0.25158601999282837, -0.00869662594050169, 0.46512818336486816, 0.18820597231388092, -0.04860986769199371, -0.3799254596233368], [0.057319723069667816, 0.6009594798088074, -0.44390228390693665, -0.13787628710269928, 0.30414313077926636, 0.07356453686952591, 0.08619315922260284, 0.07463950663805008], [-2.3904623985290527, 0.20731662213802338, -0.021157367154955864, -2.0036544799804688, -0.6832777857780457, -0.04810364544391632, 0.11960945278406143, -3.138089418411255], [1.0513426065444946, 0.14731763303279877, 0.2175282984972, -0.5111420750617981, -0.03038538247346878, -0.07538491487503052, 0.1338738203048706, 0.4982617497444153], [-0.059841305017471313, 0.07298107445240021, 0.3205564618110657, -0.009254551492631435, 0.5451548099517822, 0.22716470062732697, -0.05475772172212601, -0.704107403755188]]}