{"step": 23, "width": 8, "height": 8, "values": [[0.01054474338889122, 0.5565932989120483, 0.13657695055007935, -0.1605919450521469, 0.05474129691720009, 0.05454060807824135, -0.18199682235717773, -0.04648568481206894], [-0.7251994609832764, 0.2792246639728546, -0.004997385665774345, -0.7393051385879517, -0.22561433911323547, -0.03184723109006882, 0.08313154429197311, -0.8322374224662781], [0.39081865549087524, 0.026160581037402153, 0.1883224993944168, -0.6079477071762085, 0.012604516930878162, 0.30504435300827026, -0.3250184655189514, 0.25887158513069153], [-0.05802079290151596, 0.045948419719934464, 0.17290300130844116, -0.21669885516166687, 0.3361029624938965, 0.3294053375720978, -0.03102818876504898, -0.6209598779678345], [0.011251804418861866, 0.7291070222854614, 0.18397556245326996, -0.17850089073181152, 0.058074384927749634, 0.06181245297193527, -0.2211424559354782, -0.06819864362478256], [-1.0417059659957886, 0.2898038625717163, -0.005350184626877308, -3.157210111618042, -0.2586914598941803, -0.031961385160684586, 0.11446114629507065, -1.8804415464401245], [1.0527194738388062, 0.03324902430176735, 0.19220946729183197, -0.9652508497238159, 0.01659233868122101, 0.3654492497444153, -0.34204912185668945, 0.31253302097320557], [-0.058914754539728165, 0.04603124409914017, 0.2254514843225479, -0.22943757474422455, 0.4003152847290039, 0.5837954878807068, -0.033206503838300705, -0.8577554821968079]]}