{"step": 69, "width": 8, "height": 8, "values": [[0.21554462611675262, 0.1580432951450348, 0.18602332472801208, -0.2485322207212448, 0.4672321677207947, 0.14769242703914642, -0.1124415174126625, -0.05475563183426857], [-0.9202733039855957, 0.022603290155529976, -0.1044314056634903, -0.7634313702583313, 0.12198732793331146, -0.09359420835971832, -0.05802864581346512, -0.8440921306610107], [0.22239620983600616, 0.04067998006939888, -0.01996545121073723, -0.7339791655540466, 0.03130253031849861, 0.8541689515113831, -0.19403555989265442, -0.05379859358072281], [-0.15511412918567657, 0.19225256145000458, 0.2716065049171448, 0.1449979543685913, 0.5122645497322083, 0.3862151801586151, -0.06977012753486633, -0.7845732569694519], [0.24903418123722076, 0.1695227175951004, 0.2881239950656891, -0.26948198676109314, 0.5534242987632751, 0.17385706305503845, -0.13099846243858337, -0.07716256380081177], [-2.7489428520202637, 0.030515234917402267, -0.10854505747556686, -1.515360713005066, 0.12760601937770844, -0.09414220601320267, -0.09701681137084961, -2.969003200531006], [0.9351259469985962, 0.0649397224187851, -0.022414756938815117, -1.2751411199569702, 0.034847792237997055, 1.3083617687225342, -0.2016889452934265, -0.05577235668897629], [-0.159572035074234, 0.19496242702007294, 0.39868488907814026, 0.14792093634605408, 0.6429926156997681, 0.5659305453300476, -0.07795816659927368, -1.0949732065200806]]}