{"step": 9, "width": 8, "height": 8, "values": [[0.5551137328147888, 0.7254209518432617, -0.20040977001190186, -0.652618408203125, -0.13405081629753113, 0.02739482931792736, -0.026233652606606483, 0.10192007571458817], [-0.8330221176147461, 0.1983899176120758, 0.020536888390779495, -0.6991152763366699, 0.00594895938411355, -0.02112557925283909, -0.43046021461486816, -0.4059448838233948], [0.6034423112869263, 0.015138747170567513, -0.091581791639328, -0.8270938992500305, 0.2046818882226944, 0.3116109073162079, -0.09700034558773041, 0.4240477979183197], [-0.005207623355090618, 0.025750460103154182, 0.28078359365463257, -0.04054807499051094, 0.37487033009529114, 0.31745627522468567, -0.007290678098797798, -0.8261402249336243], [0.8168489933013916, 0.9632025957107544, -0.3820429742336273, -0.8917950987815857, -0.14275328814983368, 0.032752811908721924, -0.028955895453691483, 0.17544861137866974], [-1.2443162202835083, 0.22105446457862854, 0.023129181936383247, -3.188565731048584, 0.006422446575015783, -0.02123533934354782, -0.5670904517173767, -0.49055731296539307], [1.8973726034164429, 0.02834978699684143, -0.09910856932401657, -1.7801450490951538, 0.23590396344661713, 0.3282443881034851, -0.09851367771625519, 0.4683719873428345], [-0.005328791216015816, 0.02580486796796322, 0.3530542552471161, -0.04098563641309738, 0.49911096692085266, 0.6012471914291382, -0.007983088493347168, -1.2816046476364136]]}