{"step": 27, "width": 8, "height": 8, "values": [[0.41518634557724, 0.5325896143913269, -0.31067803502082825, -0.3076188266277313, 0.10982458293437958, 0.05721320956945419, -0.17047610878944397, -0.020102234557271004], [-0.7091572880744934, 0.3216768205165863, -0.0073996311984956264, -0.6949304342269897, 0.044712670147418976, -0.038090433925390244, -0.08085659891366959, -0.8647377490997314], [0.3797728717327118, -0.0839652270078659, -0.0009112757397815585, -0.6685671210289001, -0.2858612537384033, 0.6174683570861816, -0.22837010025978088, 0.41253286600112915], [-0.07053712010383606, 0.053408119827508926, 0.2500987946987152, -0.18922363221645355, 0.4736122488975525, 0.3197442293167114, -0.038040898740291595, -0.8935309648513794], [0.5018109679222107, 0.6308653950691223, -0.4844495952129364, -0.32023727893829346, 0.11540762335062027, 0.06193722411990166, -0.23485606908798218, -0.03745116665959358], [-0.9380069971084595, 0.469805508852005, -0.008114179596304893, -3.5564167499542236, 0.0539715550839901, -0.03819829598069191, -0.4746410846710205, -2.5165059566497803], [1.310861587524414, -0.15371979773044586, -0.0009214875753968954, -1.344861626625061, -0.317666620016098, 0.7408307194709778, -0.2368224561214447, 0.49934259057044983], [-0.0717122033238411, 0.05353810638189316, 0.365205854177475, -0.19303429126739502, 0.5483240485191345, 0.6073329448699951, -0.041291799396276474, -1.714568853378296]]}