{"step": 3, "width": 8, "height": 8, "values": [[0.5797131061553955, 0.4129575192928314, -0.11147604882717133, -0.4300313889980316, -0.15996024012565613, 0.021020395681262016, 0.09638805687427521, -0.05004103109240532], [-0.48420971632003784, 0.021623166278004646, 0.016217028722167015, -0.7765840888023376, -0.35745707154273987, -0.017034713178873062, 0.24684695899486542, -0.016343461349606514], [0.5788002014160156, 0.01343030296266079, -0.2040201872587204, -0.284487783908844, 0.2432405799627304, 0.5873481631278992, -0.5432481169700623, 0.17676477134227753], [0.007972976192831993, 0.01771622896194458, 0.3393435776233673, -0.05131301283836365, 0.3371516168117523, -0.32784345746040344, 0.001995669910684228, -0.1831580549478531], [0.9214535355567932, 0.4787328839302063, -0.15463955700397491, -0.6964447498321533, -0.16298983991146088, 0.0250278078019619, 0.0985628068447113, -0.07599980384111404], [-0.5413605570793152, 0.021982507780194283, 0.017432836815714836, -1.527105450630188, -0.41960954666137695, -0.01709781028330326, 0.2795694172382355, -0.018529344350099564], [0.8693293333053589, 0.03179813176393509, -0.2178727090358734, -0.3825589418411255, 0.2900678813457489, 0.7543601393699646, -0.6148988008499146, 0.1822909563779831], [0.008080599829554558, 0.017845286056399345, 0.4214707016944885, -0.053230587393045425, 0.3909575939178467, -0.38954588770866394, 0.0021713552996516228, -0.22443421185016632]]}