{"step": 75, "width": 8, "height": 8, "values": [[0.12959538400173187, 0.1453649252653122, 0.6939913630485535, -0.12731266021728516, 0.5108960866928101, 0.13479632139205933, -0.055232755839824677, -0.3865041732788086], [-0.9173718094825745, 0.02616504207253456, -0.13188835978507996, -0.33486083149909973, -0.12420055270195007, -0.10104749351739883, -0.10956967622041702, -0.765548825263977], [0.30506670475006104, 0.3459274470806122, 0.09085214883089066, -0.5150182843208313, 0.13153646886348724, 0.6394749283790588, -0.6701974868774414, -0.12742926180362701], [-0.14509959518909454, 0.20559841394424438, 0.23665574193000793, 0.15340536832809448, 0.5521559119224548, 0.2647915184497833, -0.0708339586853981, -0.18984957039356232], [0.1689174771308899, 0.17133815586566925, 0.970713198184967, -0.14812226593494415, 0.5906805396080017, 0.17632430791854858, -0.06201351806521416, -0.45832395553588867], [-3.2683982849121094, 0.026317516341805458, -0.13745208084583282, -0.38459423184394836, -0.34343430399894714, -0.10181551426649094, -0.11316850781440735, -2.458355188369751], [0.44626834988594055, 0.36664697527885437, 0.09349501132965088, -0.8965528011322021, 0.13509854674339294, 0.7736014127731323, -0.8145915269851685, -0.13414667546749115], [-0.14772135019302368, 0.2095024734735489, 0.4617980718612671, 0.16853678226470947, 0.7386842370033264, 0.2959016263484955, -0.07846739143133163, -0.3233335614204407]]}