{"step": 73, "width": 8, "height": 8, "values": [[-0.010406043380498886, 0.09347554296255112, 0.6870440244674683, -0.1297382116317749, 0.5036566853523254, 0.1710287630558014, -0.0893494263291359, -0.4779243469238281], [-0.9479510188102722, 0.15148240327835083, -0.11857640743255615, -0.5655072331428528, -0.6655425429344177, -0.09946244210004807, 0.3837107717990875, -0.8235324025154114], [0.29464849829673767, 0.021097779273986816, -0.3097189664840698, -0.5214776396751404, -0.05997348949313164, 0.6486527919769287, -0.8227982521057129, -0.033796995878219604], [-0.1579553484916687, 0.20336997509002686, 0.12695930898189545, 0.07559479027986526, 0.5857408046722412, 0.13469335436820984, -0.07311452180147171, -0.5429217219352722], [-0.01207516435533762, 0.10552950203418732, 1.2266143560409546, -0.14217618107795715, 0.5788202285766602, 0.199213907122612, -0.0908786803483963, -0.6881380677223206], [-3.205681085586548, 0.15273268520832062, -0.12272484600543976, -0.768566906452179, -0.9005752801895142, -0.10008345544338226, 0.41233229637145996, -2.601004123687744], [0.7777140140533447, 0.15512864291667938, -0.33747008442878723, -0.7606922388076782, -0.07047280669212341, 0.8812443614006042, -1.3274469375610352, -0.03499692305922508], [-0.1602453738451004, 0.20657134056091309, 0.20393957197666168, 0.07800920307636261, 0.7474801540374756, 0.1741754710674286, -0.07895564287900925, -0.8680226802825928]]}