{"step": 65, "width": 8, "height": 8, "values": [[-0.12497477978467941, 0.14032143354415894, 0.687317430973053, -0.17779642343521118, 0.4671519696712494, 0.1504306048154831, -0.011829156428575516, -0.4766029715538025], [-0.9692402482032776, 0.40821725130081177, -0.10202766954898834, -0.7038247585296631, -0.4238938093185425, -0.08874597400426865, -0.4309699535369873, -0.7625560164451599], [0.44582992792129517, 0.04831617325544357, -0.04538342356681824, -0.5605934262275696, -0.11157118529081345, 0.6042291522026062, -0.4166390597820282, -0.2887844741344452], [-0.1381758749485016, 0.17396828532218933, 0.19238609075546265, 0.11592360585927963, 0.46820762753486633, -0.06647775322198868, -0.07027709484100342, -0.3746699392795563], [-0.14801433682441711, 0.15749648213386536, 1.0796537399291992, -0.19868339598178864, 0.53713458776474, 0.17558783292770386, -0.012704897671937943, -0.6717570424079895], [-4.055485248565674, 0.4337711036205292, -0.10533861070871353, -1.2841591835021973, -0.5382614731788635, -0.08947835862636566, -0.46878862380981445, -2.3340537548065186], [0.8806448578834534, 0.3718297481536865, -0.04923860728740692, -0.8347533941268921, -0.11945677548646927, 0.7660170197486877, -0.45826035737991333, -0.320649653673172], [-0.14009864628314972, 0.1760527491569519, 0.2517513930797577, 0.1292804330587387, 0.5881914496421814, -0.08042826503515244, -0.07709107547998428, -0.571079432964325]]}