{"step": 78, "width": 8, "height": 8, "values": [[0.4635981321334839, 0.13347971439361572, -0.10366332530975342, -0.5167528986930847, 0.5074257254600525, 0.14755497872829437, -0.09240375459194183, -0.32860156893730164], [-0.9763580560684204, 0.2788359522819519, -0.1301744431257248, -0.2148934006690979, -0.01732720620930195, -0.1048983708024025, -0.6542403101921082, -0.8336488604545593], [0.3803257644176483, -0.017420759424567223, -0.062013182789087296, -0.29868364334106445, -0.316636860370636, 0.8703584671020508, -0.5459078550338745, -0.10470505058765411], [-0.11192017793655396, 0.22151951491832733, 0.2996675670146942, 0.11283267289400101, 0.4683053493499756, 0.39306968450546265, -0.0735577940940857, -0.8841747641563416], [0.6642252206802368, 0.1408320814371109, -0.12827710807323456, -0.5789610743522644, 0.6177052855491638, 0.17528317868709564, -0.11170600354671478, -0.4138201177120209], [-3.240064859390259, 0.29364481568336487, -0.1382710337638855, -0.2807258367538452, -0.020648306235671043, -0.10573291778564453, -0.8868675231933594, -2.942518472671509], [1.1851030588150024, -0.026670748367905617, -0.06898487359285355, -0.38955461978912354, -0.33486297726631165, 1.3645862340927124, -0.8695214986801147, -0.1083206832408905], [-0.11442333459854126, 0.22544912993907928, 0.6220120191574097, 0.11396604031324387, 0.6746264696121216, 0.5596296787261963, -0.08044134080410004, -1.4544541835784912]]}