{"step": 18, "width": 8, "height": 8, "values": [[0.2696947753429413, 0.6681386232376099, -0.039195068180561066, -0.31592249870300293, -0.017578955739736557, 0.03836590796709061, -0.14307132363319397, 0.053985461592674255], [-0.8294352889060974, 0.1729612499475479, 0.005525602493435144, -0.7615121006965637, -0.4451661705970764, -0.027706986293196678, -0.16784000396728516, -0.7727287411689758], [0.5974750518798828, 0.024580217897892, 0.1429312378168106, -0.6571642756462097, 0.13703833520412445, 0.042701128870248795, -0.18805661797523499, 0.3106665015220642], [-0.037105679512023926, 0.03983549028635025, 0.1699320375919342, -0.09834598749876022, 0.3489947021007538, 0.33056318759918213, -0.024036899209022522, -0.7443294525146484], [0.3052833378314972, 0.8875203728675842, -0.052418701350688934, -0.3684542179107666, -0.018648914992809296, 0.043625421822071075, -0.15841789543628693, 0.08638159930706024], [-1.399857759475708, 0.17677420377731323, 0.005994160193949938, -3.871917247772217, -0.5588287115097046, -0.027815520763397217, -0.20296567678451538, -1.379145622253418], [1.5042518377304077, 0.03203122690320015, 0.1450159102678299, -1.240722894668579, 0.21120190620422363, 0.04573829472064972, -0.19191814959049225, 0.36912843585014343], [-0.03767436370253563, 0.03991200029850006, 0.21217326819896698, -0.10147909820079803, 0.4291406273841858, 0.6247509717941284, -0.02587166242301464, -1.4099377393722534]]}