{"step": 12, "width": 8, "height": 8, "values": [[0.40765252709388733, 0.7193500399589539, -0.10181356221437454, -0.43989741802215576, -0.07576410472393036, 0.0352601483464241, -0.06357579678297043, 0.2360231578350067], [-0.6847408413887024, 0.2794971168041229, 0.012953399680554867, -0.7851489782333374, -0.15288443863391876, -0.022674236446619034, -0.18342141807079315, -0.40367746353149414], [0.5406202673912048, -0.004352403338998556, 0.2171642780303955, -0.7209844589233398, -0.0005665621720254421, 0.09533300250768661, -0.16912654042243958, 0.2937643826007843], [-0.019725298509001732, 0.02914210595190525, 0.2660363018512726, -0.2950150966644287, 0.46140220761299133, 0.3796728253364563, -0.012812484055757523, -0.3848012387752533], [0.5039985775947571, 1.0045521259307861, -0.11383669078350067, -0.5083760619163513, -0.08120933175086975, 0.041467055678367615, -0.08606860786676407, 0.40677329897880554], [-0.960093080997467, 0.29202747344970703, 0.013947328552603722, -3.811990976333618, -0.2294573187828064, -0.02275713160634041, -0.1950305700302124, -0.4997093081474304], [1.052598476409912, -0.004507738631218672, 0.2224043607711792, -1.5707954168319702, -0.0008010483579710126, 0.09746410697698593, -0.17180372774600983, 0.35566121339797974], [-0.02015691064298153, 0.029229480773210526, 0.34979039430618286, -0.333666056394577, 0.555454671382904, 0.6284661889076233, -0.013903198763728142, -0.7358784079551697]]}