{"step": 57, "width": 8, "height": 8, "values": [[0.03927391767501831, 0.21947422623634338, 0.5966101884841919, -0.4660106599330902, 0.3321705460548401, 0.11833206564188004, -0.011721682734787464, -0.03656511381268501], [-0.9730997681617737, 0.33364787697792053, -0.07293380051851273, -0.7662333846092224, 0.26743248105049133, -0.07510972768068314, -0.005792169366031885, -0.8605930209159851], [0.15845811367034912, 0.01358723919838667, -0.13666699826717377, -0.8292766213417053, -0.0551488883793354, 0.16459940373897552, -0.11633402109146118, 0.1265280544757843], [-0.09360507875680923, 0.15234334766864777, 0.25455501675605774, 0.2886737585067749, 0.5760911703109741, 0.3009488582611084, -0.06936243176460266, -0.9200360774993896], [0.04745781794190407, 0.23955976963043213, 0.8439114689826965, -0.5450799465179443, 0.3907155692577362, 0.13782817125320435, -0.013046533800661564, -0.046439044177532196], [-3.757891893386841, 0.39582717418670654, -0.07785293459892273, -2.098778009414673, 0.28807705640792847, -0.07560092210769653, -0.007246067281812429, -3.2588024139404297], [1.1691615581512451, 0.02233991026878357, -0.14296512305736542, -1.4115116596221924, -0.057659637182950974, 0.1688605695962906, -0.12307742238044739, 0.12938882410526276], [-0.0957934707403183, 0.15376955270767212, 0.36142250895500183, 0.30164647102355957, 0.721947431564331, 0.4561781585216522, -0.07571560889482498, -1.835720181465149]]}