{"step": 84, "width": 8, "height": 8, "values": [[0.37802234292030334, 0.18559466302394867, -0.4230089485645294, -0.4565318822860718, 0.5612612366676331, 0.10560658574104309, -0.06416920572519302, 0.0278072040528059], [-0.9396436810493469, 0.4231407344341278, -0.13383875787258148, -0.7357675433158875, -0.18977989256381989, -0.10971587151288986, 0.14433835446834564, -0.7800338864326477], [0.6567032337188721, -0.0510198175907135, 0.2573238015174866, 0.09230507165193558, -0.13469114899635315, 0.0631013736128807, -0.06212764233350754, 0.21164879202842712], [-0.12139425426721573, 0.24489270150661469, 0.25334393978118896, -0.12997618317604065, 0.4779590666294098, 0.16871128976345062, -0.08551362156867981, -0.6782206296920776], [0.46061521768569946, 0.22614426910877228, -0.5303940773010254, -0.6028116941452026, 0.676901638507843, 0.134026899933815, -0.22010934352874756, 0.04355655983090401], [-2.3430163860321045, 0.46075859665870667, -0.13991504907608032, -2.1770317554473877, -0.2657000720500946, -0.11063702404499054, 0.14857648313045502, -3.3100600242614746], [1.0326192378997803, -0.052500732243061066, 0.26611024141311646, 0.1337529420852661, -0.15554983913898468, 0.06416130810976028, -0.06250809133052826, 0.2664104998111725], [-0.12359314411878586, 0.2511383295059204, 0.3427952826023102, -0.13685578107833862, 0.5682443380355835, 0.3376862406730652, -0.09320031851530075, -1.7258110046386719]]}