{"step": 15, "width": 8, "height": 8, "values": [[0.19835041463375092, 0.678756833076477, 0.1536026895046234, -0.23871545493602753, -0.04518740996718407, 0.041282303631305695, -0.10691991448402405, 0.03621915355324745], [-0.7422410845756531, 0.2827731668949127, 0.009506342001259327, -0.749904453754425, -0.23022791743278503, -0.02464389242231846, 0.010448622517287731, -0.5874733924865723], [0.42943519353866577, 0.0398322194814682, 0.147927924990654, -0.7028741240501404, 0.06580274552106857, 0.22751322388648987, -0.3768276870250702, 0.2892138659954071], [-0.030877619981765747, 0.03373593091964722, 0.19133368134498596, -0.21488337218761444, 0.3690384328365326, 0.3417498469352722, -0.01982559636235237, -0.602613627910614], [0.22009828686714172, 0.9603766798973083, 0.21105195581912994, -0.27152273058891296, -0.04806463420391083, 0.04742349311709404, -0.122344471514225, 0.05346488952636719], [-1.061767339706421, 0.29308563470840454, 0.010262864641845226, -3.686037540435791, -0.2645401358604431, -0.024739550426602364, 0.013602033257484436, -0.8027400374412537], [1.2068464756011963, 0.050793565809726715, 0.15021871030330658, -1.2730717658996582, 0.09097697585821152, 0.2582416236400604, -0.4005008339881897, 0.3425268530845642], [-0.031441159546375275, 0.033784955739974976, 0.24559040367603302, -0.22806283831596375, 0.4487053155899048, 0.6282432675361633, -0.021246079355478287, -0.8297988772392273]]}