{"step": 88, "width": 8, "height": 8, "values": [[0.4538745582103729, 0.16158060729503632, -0.32145124673843384, -0.6613122820854187, 0.524166464805603, 0.0971323549747467, -0.2878696918487549, -0.11041655391454697], [-0.9852892756462097, 0.284462034702301, -0.12586933374404907, -0.8719272613525391, -0.5628485083580017, -0.11725600808858871, -0.25785812735557556, -0.8576229214668274], [0.35040050745010376, -0.03767847642302513, 0.12781202793121338, 0.3457569479942322, -0.05456393584609032, 0.677251398563385, -0.7637532949447632, 0.32271429896354675], [-0.15124735236167908, 0.26846376061439514, 0.2800924777984619, 0.4648970067501068, 0.25740835070610046, 0.1656387448310852, -0.0977620780467987, -0.8806823492050171], [0.5939620137214661, 0.181932732462883, -0.38368523120880127, -0.8404159545898438, 0.6254748702049255, 0.1149483174085617, -0.3276272118091583, -0.13957063853740692], [-3.2621281147003174, 0.29346534609794617, -0.1317530870437622, -3.359286308288574, -0.7793841361999512, -0.11807948350906372, -0.2898508906364441, -3.7174699306488037], [0.768010675907135, -0.04482988640666008, 0.13189421594142914, 0.6518148183822632, -0.06077055633068085, 0.9218877553939819, -1.2014399766921997, 0.36904382705688477], [-0.15372832119464874, 0.275708943605423, 0.5277631282806396, 0.5071509480476379, 0.2988233268260956, 0.2158338874578476, -0.10844448208808899, -1.6520190238952637]]}