{"step": 24, "width": 8, "height": 8, "values": [[-0.037925735116004944, 0.5597164630889893, -0.009998873807489872, -0.26106804609298706, 0.07279400527477264, 0.053782735019922256, -0.15123838186264038, 0.023863615468144417], [-0.8008216023445129, 0.3080422580242157, -0.010023978538811207, -0.7191774845123291, -0.30754750967025757, -0.03261519968509674, -0.13490992784500122, -0.8382866382598877], [0.5430143475532532, 0.056740060448646545, 0.16318513453006744, -0.6652926206588745, 0.09836992621421814, -0.007464908063411713, -0.10537493973970413, 0.29095083475112915], [-0.054400283843278885, 0.04515760391950607, 0.1840192973613739, -0.03908167779445648, 0.36459019780158997, 0.34545981884002686, -0.031091852113604546, -0.708279550075531], [-0.04123106226325035, 0.7122974395751953, -0.012348911724984646, -0.3002365231513977, 0.07756533473730087, 0.06151718646287918, -0.18171614408493042, 0.036714792251586914], [-1.2474573850631714, 0.3224947452545166, -0.010830794461071491, -2.9934089183807373, -0.3731134533882141, -0.032769810408353806, -0.16245710849761963, -2.1499295234680176], [1.3677303791046143, 0.07365913689136505, 0.16601194441318512, -1.1741236448287964, 0.12399793416261673, -0.00809560064226389, -0.10675276070833206, 0.36633986234664917], [-0.055204372853040695, 0.04525354877114296, 0.2242826372385025, -0.04069764167070389, 0.4475022256374359, 0.6411944627761841, -0.03360362723469734, -1.3013213872909546]]}