{"step": 76, "width": 8, "height": 8, "values": [[0.08122047781944275, 0.12588021159172058, 0.18388035893440247, -0.1052933856844902, 0.5339860320091248, 0.128249853849411, -0.03177429363131523, -0.38221871852874756], [-0.9180781841278076, 0.09217008948326111, -0.1354694664478302, -0.17045000195503235, -0.14881306886672974, -0.10123560577630997, 0.2747645080089569, -0.78561931848526], [0.28631532192230225, 0.3080110549926758, -0.0027621162589639425, -0.568946897983551, -0.00636867294088006, 0.568436861038208, -0.42725273966789246, -0.2318522334098816], [-0.1318936049938202, 0.20951667428016663, 0.24116699397563934, 0.0959981307387352, 0.6410927176475525, 0.2585684061050415, -0.0716259777545929, -0.351374089717865], [0.09669195860624313, 0.1612144559621811, 0.21703247725963593, -0.11508706212043762, 0.6183661222457886, 0.16824884712696075, -0.06278842687606812, -0.5193513035774231], [-3.1046392917633057, 0.09305033832788467, -0.14251020550727844, -0.20505346357822418, -0.2149209976196289, -0.10201436281204224, 0.30405470728874207, -2.450209379196167], [0.6305954456329346, 0.33447423577308655, -0.0027746802661567926, -0.7942083477973938, -0.006743418052792549, 0.6588273048400879, -0.45848435163497925, -0.268343985080719], [-0.13465198874473572, 0.2131468802690506, 0.3879508078098297, 0.10496103763580322, 0.8491618633270264, 0.3224526345729828, -0.07841000705957413, -0.641656756401062]]}