{"step": 46, "width": 8, "height": 8, "values": [[0.31009605526924133, 0.363122820854187, 0.32361558079719543, -0.5175803303718567, 0.3059665858745575, 0.10675226151943207, -0.06861340254545212, -0.13583645224571228], [-0.9784444570541382, 0.1652241200208664, -0.0003005918115377426, -0.8220139145851135, -0.09824477136135101, -0.06568285822868347, 0.06175239011645317, -0.8007625937461853], [0.38491159677505493, 0.028379542753100395, -0.0733647570014, -0.08386821299791336, 0.06392421573400497, 0.7557609677314758, -0.798129141330719, 0.4019699990749359], [-0.13153614103794098, 0.12528209388256073, 0.1805734634399414, 0.18347260355949402, 0.24236507713794708, 0.20300829410552979, -0.061478033661842346, -0.43917736411094666], [0.3869094252586365, 0.421541303396225, 0.39891040325164795, -0.6386259198188782, 0.333904504776001, 0.12426889687776566, -0.07109875231981277, -0.15702399611473083], [-2.7252357006073, 0.16693119704723358, -0.00031443143961951137, -2.9255142211914062, -0.22658677399158478, -0.0659637376666069, 0.06214960664510727, -2.5362813472747803], [0.7011083364486694, 0.04088057205080986, -0.07440607994794846, -0.11532051861286163, 0.0702468603849411, 1.2302916049957275, -1.1281650066375732, 0.4635259509086609], [-0.13290713727474213, 0.1267702281475067, 0.4451044797897339, 0.18862710893154144, 0.26995688676834106, 0.23140323162078857, -0.0695311576128006, -0.7470384240150452]]}