{"step": 43, "width": 8, "height": 8, "values": [[0.37746843695640564, 0.3961571455001831, -0.1848950833082199, -0.6350529193878174, 0.27316370606422424, 0.11304285377264023, 0.05722346529364586, -0.205391988158226], [-0.9946901798248291, 0.4135754406452179, -0.0022227598819881678, -0.8491044044494629, 0.0720730870962143, -0.06308327615261078, -0.36579447984695435, -0.8752086162567139], [0.17469818890094757, -0.01722927764058113, -0.10771025717258453, -0.15071488916873932, -0.0555993989109993, 0.9264426827430725, -0.7833784818649292, 0.42913463711738586], [-0.10915233194828033, 0.11033753305673599, 0.2627575397491455, 0.27251142263412476, 0.27108034491539, 0.029815159738063812, -0.05906439200043678, -0.7363884449005127], [0.49445608258247375, 0.4472682476043701, -0.29435309767723083, -0.7616855502128601, 0.29921218752861023, 0.13146521151065826, 0.05976014584302902, -0.24279999732971191], [-3.4983675479888916, 0.4471638798713684, -0.002361736260354519, -2.227739095687866, 0.08689802139997482, -0.06328988075256348, -0.43457844853401184, -2.4174485206604004], [1.0373798608779907, -0.033974602818489075, -0.12170305103063583, -0.17641004920005798, -0.05667734146118164, 1.7112843990325928, -1.2798857688903809, 0.4650621712207794], [-0.11081592738628387, 0.11099223792552948, 0.7297980785369873, 0.2801715135574341, 0.33904463052749634, 0.04233168810606003, -0.06533949077129364, -0.9693784117698669]]}