{"step": 33, "width": 8, "height": 8, "values": [[0.2647450864315033, 0.5253450870513916, -0.09541891515254974, -0.18640150129795074, 0.16200824081897736, 0.06301196664571762, 0.0006732097244821489, -0.08843715488910675], [-0.8942862749099731, 0.386933296918869, -0.007238470017910004, -0.7184613943099976, -0.44731906056404114, -0.042548976838588715, 0.43631356954574585, -0.8235979676246643], [0.4898732006549835, 0.09724516421556473, 0.19458137452602386, -0.45333096385002136, 0.13047999143600464, 0.20332294702529907, -0.2517181932926178, 0.43084707856178284], [-0.08170901983976364, 0.06514858454465866, 0.1424759328365326, 0.0013231325428932905, 0.3948668837547302, -0.003291038330644369, -0.04875507578253746, -0.6409404873847961], [0.2974392771720886, 0.636247456073761, -0.12852759659290314, -0.25372228026390076, 0.17918197810649872, 0.07198455184698105, 0.000701370881870389, -0.13412152230739594], [-1.6103359460830688, 0.4158928394317627, -0.007754869293421507, -2.311344623565674, -0.6078808307647705, -0.042735755443573, 0.5413818359375, -3.1379776000976562], [1.1955516338348389, 0.20026573538780212, 0.19722644984722137, -0.6128426194190979, 0.20597881078720093, 0.31750157475471497, -0.26150599122047424, 0.629124641418457], [-0.08255595713853836, 0.06542984396219254, 0.18305239081382751, 0.0013647337909787893, 0.45764854550361633, -0.006854749284684658, -0.052425917237997055, -1.074397325515747]]}