{"step": 31, "width": 8, "height": 8, "values": [[0.528659462928772, 0.44164231419563293, -0.2716141939163208, -0.30473774671554565, 0.13333813846111298, 0.05939251556992531, -0.34767505526542664, -0.14495967328548431], [-0.7977132201194763, 0.29992225766181946, 0.0007960654329508543, -0.7720979452133179, -0.3192175030708313, -0.04105191305279732, -0.5658395886421204, -0.8692297339439392], [0.5727250576019287, -0.14861297607421875, 0.06264655292034149, -0.09566719830036163, -0.2894037663936615, 0.5939047932624817, -0.7387828230857849, 0.3533059060573578], [-0.08331457525491714, 0.06198905408382416, 0.21210332214832306, 0.1690502166748047, 0.2764491140842438, 0.2708509862422943, -0.04771031439304352, -0.8270854949951172], [0.6741141676902771, 0.5124712586402893, -0.3473718464374542, -0.3201920688152313, 0.14397281408309937, 0.0662422701716423, -0.396937757730484, -0.1845577359199524], [-1.166636347770691, 0.3101314902305603, 0.0008699698955751956, -3.3856191635131836, -0.48138371109962463, -0.04118150472640991, -0.6794942617416382, -3.2548234462738037], [1.4137957096099854, -0.19092270731925964, 0.06343265622854233, -0.1627984195947647, -0.3308422267436981, 0.7595885396003723, -1.1137505769729614, 0.4202440679073334], [-0.0845121443271637, 0.06211519613862038, 0.4268331527709961, 0.17259885370731354, 0.3630553185939789, 0.3551816940307617, -0.0509914755821228, -1.391057014465332]]}