{"step": 32, "width": 8, "height": 8, "values": [[0.3841787874698639, 0.4586295783519745, -0.12827427685260773, -0.26616227626800537, 0.15678559243679047, 0.06104090064764023, -0.15510915219783783, -0.036041032522916794], [-0.871703565120697, 0.2560334801673889, -0.0003399912966415286, -0.7779919505119324, -0.7606698870658875, -0.04207660257816315, 0.389546662569046, -0.8634337782859802], [0.6131373643875122, -0.028818879276514053, -0.07211698591709137, -0.14641684293746948, -0.1350148469209671, 0.35864368081092834, -0.6589601039886475, 0.4100830554962158], [-0.08518834412097931, 0.0652984231710434, 0.17929083108901978, 0.03515137359499931, 0.32347890734672546, -0.028697818517684937, -0.04876560717821121, -0.5883554816246033], [0.4609646797180176, 0.5364749431610107, -0.16582661867141724, -0.29172396659851074, 0.16133256256580353, 0.067845918238163, -0.16151995956897736, -0.06505832821130753], [-1.4484208822250366, 0.2621184289455414, -0.0003605969832278788, -2.947538375854492, -1.08150315284729, -0.042184196412563324, 0.4218766987323761, -3.390817642211914], [1.1578680276870728, -0.1445840299129486, -0.07729938626289368, -0.24039709568023682, -0.23120948672294617, 0.6064091324806213, -1.0498422384262085, 0.46205273270606995], [-0.0857958197593689, 0.06556201726198196, 0.23601405322551727, 0.03567412868142128, 0.36773648858070374, -0.03918028995394707, -0.05234769359230995, -0.8612053990364075]]}