{"step": 82, "width": 8, "height": 8, "values": [[0.4450484812259674, 0.13074766099452972, -0.10573765635490417, -0.6115073561668396, 0.5421544313430786, 0.13591144979000092, -0.1738482564687729, -0.15145394206047058], [-0.9686694741249084, 0.3327518701553345, -0.1297716349363327, -0.7057790160179138, -0.477732390165329, -0.10820186138153076, 0.3363524079322815, -0.8382090330123901], [0.4773711860179901, -0.0196344256401062, -0.17196324467658997, 0.031480684876441956, -0.1472809910774231, 0.5475075244903564, -0.6762877106666565, 0.15135934948921204], [-0.1207641139626503, 0.2425350546836853, 0.2073059380054474, 0.04804353788495064, 0.4279032051563263, 0.12354996055364609, -0.08364077657461166, -0.860031247138977], [0.5568886995315552, 0.14648112654685974, -0.1493721902370453, -0.7519975900650024, 0.6420458555221558, 0.1577988564968109, -0.2092583179473877, -0.23628799617290497], [-3.0679118633270264, 0.3466630280017853, -0.13446566462516785, -1.4820942878723145, -0.5516036152839661, -0.10891485959291458, 0.3668116629123688, -3.3611574172973633], [1.0578161478042603, -0.056158632040023804, -0.17798197269439697, 0.04591849446296692, -0.2653280794620514, 0.657671332359314, -0.9117619395256042, 0.16855637729167938], [-0.12254571914672852, 0.2478143572807312, 0.2985018789768219, 0.04844583570957184, 0.5060340762138367, 0.2835223078727722, -0.08987423777580261, -1.724891185760498]]}