{"step": 13, "width": 8, "height": 8, "values": [[0.44638878107070923, 0.724221408367157, -0.30493512749671936, -0.302156001329422, -0.07150020450353622, 0.03819679841399193, -0.051869142800569534, 0.10150087624788284], [-0.6932353973388672, 0.41927844285964966, 0.01370167639106512, -0.6527107357978821, 0.1937865912914276, -0.02348046936094761, -0.12425992637872696, -0.502121090888977], [0.3782941401004791, -0.06151748076081276, 0.008027286268770695, -0.8256295919418335, -0.22532130777835846, 0.34309667348861694, -0.10318036377429962, 0.393097460269928], [-0.025423916056752205, 0.031057387590408325, 0.30286404490470886, -0.2993573248386383, 0.5299135446548462, 0.347188800573349, -0.017117880284786224, -0.8351010084152222], [0.5629995465278625, 1.0068027973175049, -0.43119436502456665, -0.3148987293243408, -0.07476979494094849, 0.04149080440402031, -0.07273856550455093, 0.19205276668071747], [-0.8828322291374207, 0.6006425023078918, 0.015567207708954811, -4.01272439956665, 0.24854524433612823, -0.023562725633382797, -0.6442514061927795, -0.6375505328178406], [1.3531346321105957, -0.10878998786211014, 0.008127369917929173, -2.179452657699585, -0.2416178584098816, 0.3641839921474457, -0.10504866391420364, 0.46565043926239014], [-0.026005757972598076, 0.031117402017116547, 0.41835054755210876, -0.3132816553115845, 0.6296448111534119, 0.6515496969223022, -0.01854049041867256, -1.3976011276245117]]}