{"step": 29, "width": 8, "height": 8, "values": [[0.5007533431053162, 0.48061898350715637, -0.22801777720451355, -0.3528748154640198, 0.1287485510110855, 0.05646277219057083, -0.23845268785953522, 0.0250244140625], [-0.7736188769340515, 0.3263184428215027, -0.0016470305854454637, -0.6849150657653809, -0.2857360541820526, -0.04013624042272568, 0.30136290192604065, -0.8625436425209045], [0.6621902585029602, -0.058142080903053284, -0.2212296724319458, -0.21223387122154236, -0.0673537403345108, 0.6128769516944885, -0.7610132694244385, 0.3397802412509918], [-0.08013811707496643, 0.059245675802230835, 0.22192129492759705, -0.3186488449573517, 0.38247063755989075, 0.31534525752067566, -0.04397675767540932, -0.7093009948730469], [0.6020955443382263, 0.5689509510993958, -0.3542064130306244, -0.37542176246643066, 0.13359437882900238, 0.0632731169462204, -0.39603081345558167, 0.03998949006199837], [-1.165399193763733, 0.33934271335601807, -0.0017982234712690115, -3.607048988342285, -0.3424506187438965, -0.04022213816642761, 0.31381896138191223, -2.912968635559082], [1.239761233329773, -0.07903433591127396, -0.22783222794532776, -0.33621490001678467, -0.17452622950077057, 0.7665013670921326, -1.0529965162277222, 0.39832428097724915], [-0.08111985772848129, 0.059398993849754333, 0.4150552749633789, -0.33504238724708557, 0.44749683141708374, 0.4729221761226654, -0.047202084213495255, -1.3139950037002563]]}