{"step": 19, "width": 8, "height": 8, "values": [[0.18278370797634125, 0.62375807762146, 0.4673168361186981, -0.28450286388397217, -0.002970332745462656, 0.040275316685438156, -0.23718084394931793, 0.025044405832886696], [-0.8772807121276855, 0.09115688502788544, 0.008103149011731148, -0.810939610004425, -0.18373170495033264, -0.02939799427986145, -0.2972927391529083, -0.7695807218551636], [0.4607471525669098, 0.01991358958184719, 0.12179918587207794, -0.43321382999420166, 0.12610270082950592, 0.5567688345909119, -0.7424013614654541, 0.22806626558303833], [-0.04666653648018837, 0.042829934507608414, 0.20920784771442413, -0.1641344279050827, 0.27661430835723877, 0.4165191650390625, -0.025006547570228577, -0.006110130809247494], [0.21681833267211914, 0.836021363735199, 0.546259343624115, -0.3044056296348572, -0.003062698757275939, 0.04656672850251198, -0.25630199909210205, 0.03052837960422039], [-1.5107332468032837, 0.09151892364025116, 0.008770883083343506, -3.710176706314087, -0.530178427696228, -0.029520263895392418, -0.3078153431415558, -1.4499167203903198], [0.6675004363059998, 0.02228095568716526, 0.13026580214500427, -0.7990386486053467, 0.12856997549533844, 0.6563456058502197, -0.9987862706184387, 0.2461796998977661], [-0.047066036611795425, 0.04298252612352371, 0.4933202266693115, -0.17147213220596313, 0.332954078912735, 0.4658290147781372, -0.027454286813735962, -0.010455460287630558]]}