{"step": 63, "width": 8, "height": 8, "values": [[-0.05813673138618469, 0.18532337248325348, 0.62925785779953, -0.20513348281383514, 0.4396412670612335, 0.1399509608745575, -0.03001999668776989, -0.42662516236305237], [-0.973196804523468, 0.2577578127384186, -0.09092338383197784, -0.7092545628547668, -0.02432023361325264, -0.08507351577281952, -0.2350308746099472, -0.7258520722389221], [0.07320749014616013, 0.14634498953819275, 0.059943340718746185, -0.47604861855506897, -0.05264723673462868, 0.8862271904945374, -0.4845598638057709, -0.38389259576797485], [-0.14955952763557434, 0.16803166270256042, 0.0995209664106369, 0.052917998284101486, 0.4014725089073181, -0.0904855728149414, -0.07075512409210205, -0.24283726513385773], [-0.06786459684371948, 0.20905043184757233, 0.8721146583557129, -0.21091917157173157, 0.5122416019439697, 0.1535949856042862, -0.03502247855067253, -0.5171488523483276], [-3.601379156112671, 0.2749257981777191, -0.09486111998558044, -1.754420280456543, -0.08563169836997986, -0.08562071621417999, -0.25049060583114624, -2.5384464263916016], [0.17170622944831848, 0.2948535680770874, 0.06128842011094093, -0.6145484447479248, -0.05288318917155266, 1.469201922416687, -0.5376377105712891, -0.4474417567253113], [-0.15209746360778809, 0.17021521925926208, 0.3880436420440674, 0.055438701063394547, 0.4430585205554962, -0.09707421064376831, -0.07898524403572083, -0.30090615153312683]]}