{"step": 62, "width": 8, "height": 8, "values": [[-0.06568408012390137, 0.21145696938037872, 0.4508337676525116, -0.26500800251960754, 0.4221995770931244, 0.1286095529794693, -0.012962744571268559, -0.3159045875072479], [-0.9611311554908752, 0.4465230405330658, -0.09206748753786087, -0.6007377505302429, -0.20483069121837616, -0.08256648480892181, 0.09615761786699295, -0.8086878657341003], [0.24344567954540253, 0.2212289273738861, 0.06363125145435333, -0.7324995398521423, -0.22484749555587769, 0.3956843614578247, 0.26458966732025146, -0.0361366830766201], [-0.12789911031723022, 0.1656578928232193, 0.10726137459278107, 0.05706188827753067, 0.6841731071472168, 0.09597457945346832, -0.07097963243722916, -0.47549739480018616], [-0.07082812488079071, 0.2466820925474167, 0.5383586287498474, -0.2940731942653656, 0.48793116211891174, 0.14185351133346558, -0.015542805194854736, -0.45301368832588196], [-3.384984016418457, 0.49871453642845154, -0.09673663228750229, -1.5034725666046143, -0.2981283962726593, -0.08304276317358017, 0.6266397833824158, -2.6921615600585938], [0.7592801451683044, 0.42629262804985046, 0.06372464448213577, -1.2155542373657227, -0.3265857398509979, 0.5794705152511597, 0.2735370695590973, -0.05363833159208298], [-0.12970028817653656, 0.1674271821975708, 0.15937313437461853, 0.05872967839241028, 0.8597018122673035, 0.1548435240983963, -0.07815465331077576, -0.6411094069480896]]}