{"step": 21, "width": 8, "height": 8, "values": [[0.2707282602787018, 0.6367848515510559, -0.249593585729599, -0.19153425097465515, 0.032174330204725266, 0.04901048168540001, -0.13752113282680511, 0.029350602999329567], [-0.6987036466598511, 0.35635271668434143, 0.0002841660752892494, -0.6955279111862183, 0.1593177169561386, -0.030522778630256653, -0.06711848080158234, -0.8158058524131775], [0.3003101050853729, -0.07282590866088867, 0.02537311427295208, -0.7626172304153442, -0.33790475130081177, 0.5073074698448181, -0.21808968484401703, 0.33028972148895264], [-0.05313293635845184, 0.04361623153090477, 0.2825084328651428, -0.2795390188694, 0.47788405418395996, 0.3913648724555969, -0.028853628784418106, -0.8092131018638611], [0.3058554232120514, 0.8190521597862244, -0.33722853660583496, -0.19529268145561218, 0.034018099308013916, 0.05280347540974617, -0.19924795627593994, 0.05310171842575073], [-0.9240543842315674, 0.5579541325569153, 0.0003157495229970664, -3.822545289993286, 0.20167535543441772, -0.03062078170478344, -0.4644206166267395, -1.671370029449463], [1.092797875404358, -0.1301022619009018, 0.025733401998877525, -1.6694631576538086, -0.3695811927318573, 0.5762314200401306, -0.22601492702960968, 0.402144193649292], [-0.054185789078474045, 0.043704643845558167, 0.4010179042816162, -0.2930343449115753, 0.5546173453330994, 0.6529285907745361, -0.031284138560295105, -1.2800183296203613]]}