{"step": 83, "width": 8, "height": 8, "values": [[0.46765393018722534, 0.1648131161928177, -0.18733738362789154, -0.5009316205978394, 0.52739417552948, 0.12074603140354156, -0.16290271282196045, -0.09068064391613007], [-0.9469517469406128, 0.34086108207702637, -0.1323011964559555, -0.7626921534538269, -0.47045955061912537, -0.10891594737768173, -0.033846162259578705, -0.8099761605262756], [0.5756425261497498, -0.019442975521087646, 0.21919049322605133, 0.03563021868467331, -0.1357928365468979, 0.23976854979991913, -0.3662467896938324, 0.20030543208122253], [-0.11607160419225693, 0.24412643909454346, 0.18345583975315094, 0.005025571212172508, 0.439728707075119, 0.12079057097434998, -0.08442296832799911, -0.8575288653373718], [0.5936154723167419, 0.18605870008468628, -0.2339157611131668, -0.6890087127685547, 0.6411544680595398, 0.14900049567222595, -0.2073456346988678, -0.1355680525302887], [-2.5818729400634766, 0.36088860034942627, -0.13687433302402496, -1.749097466468811, -0.5922571420669556, -0.1098233312368393, -0.03852187842130661, -3.342682123184204], [1.1225056648254395, -0.024063678458333015, 0.22455452382564545, 0.05395539477467537, -0.1644306629896164, 0.25374314188957214, -0.3889802098274231, 0.2396075427532196], [-0.11794718354940414, 0.24970996379852295, 0.2356141209602356, 0.005143326241523027, 0.525545597076416, 0.29219305515289307, -0.09097835421562195, -1.9919962882995605]]}