{"step": 14, "width": 8, "height": 8, "values": [[0.3052472770214081, 0.6845929026603699, 0.26145491003990173, -0.2472999542951584, -0.057527098804712296, 0.04215589538216591, -0.12757112085819244, -0.047351494431495667], [-0.7180147171020508, 0.2809819281101227, 0.014138738624751568, -0.7118682265281677, -0.01308690756559372, -0.02449069917201996, -0.17650441825389862, -0.4497081935405731], [0.5529100298881531, 0.01441995333880186, -0.013990175910294056, -0.5620019435882568, -0.03259663283824921, 0.6262335181236267, -0.7564243674278259, 0.26846063137054443], [-0.03351285681128502, 0.033283621072769165, 0.2063014954328537, -0.24628420174121857, 0.3480023443698883, 0.46900779008865356, -0.0182926207780838, -0.27071714401245117], [0.35771867632865906, 0.9487990736961365, 0.31322282552719116, -0.2663188874721527, -0.06087224557995796, 0.046378906816244125, -0.13479116559028625, -0.05576884001493454], [-0.9501556754112244, 0.2893066108226776, 0.015486507676541805, -3.9463226795196533, -0.04860134422779083, -0.024585342034697533, -0.1787879765033722, -0.6083014011383057], [0.9388673901557922, 0.02144329994916916, -0.01411457359790802, -1.0461000204086304, -0.03407202661037445, 0.8104411363601685, -1.0244555473327637, 0.3164883255958557], [-0.03381333872675896, 0.03345780819654465, 0.5173543691635132, -0.26918599009513855, 0.4106939435005188, 0.5528393983840942, -0.020138628780841827, -0.40434736013412476]]}