{"step": 53, "width": 8, "height": 8, "values": [[0.07017660140991211, 0.2866155505180359, 0.7330695390701294, -0.38174352049827576, 0.3393891155719757, 0.10543990880250931, 0.1345643848180771, -0.42319783568382263], [-0.9830293655395508, 0.3601069748401642, -0.04759562760591507, -0.8146430850028992, -0.20402580499649048, -0.07183079421520233, -0.5884665250778198, -0.7914600372314453], [0.42808741331100464, 0.09235811233520508, 0.031124655157327652, -0.3810463547706604, 0.1667839139699936, 0.10741778463125229, -0.5761807560920715, 0.2625020444393158], [-0.12934929132461548, 0.1381015181541443, 0.24943822622299194, 0.17439578473567963, 0.3457220196723938, 0.06867937743663788, -0.06903963536024094, -0.2918912470340729], [0.08898544311523438, 0.33255475759506226, 1.0636014938354492, -0.439951092004776, 0.3919435143470764, 0.12358054518699646, 0.13867667317390442, -0.5051785707473755], [-3.546273708343506, 0.3772753179073334, -0.04967610538005829, -1.964798927307129, -0.3989883363246918, -0.0724438801407814, -0.6891979575157166, -2.3602771759033203], [0.8440471291542053, 0.23427632451057434, 0.03429439291357994, -0.5721419453620911, 0.17104609310626984, 0.11440134793519974, -0.6735301613807678, 0.28251251578330994], [-0.13128429651260376, 0.13926368951797485, 0.4275296926498413, 0.18642833828926086, 0.44630157947540283, 0.07748891413211823, -0.07528265565633774, -0.43087440729141235]]}