{"step": 52, "width": 8, "height": 8, "values": [[-0.11416959017515182, 0.32674717903137207, 0.39696502685546875, -0.34058478474617004, 0.34615853428840637, 0.11011093854904175, 0.1483737826347351, -0.27320602536201477], [-0.9746031761169434, 0.4707338809967041, -0.044783979654312134, -0.6065737009048462, 0.08806844055652618, -0.06769293546676636, 0.09663167595863342, -0.7863929867744446], [0.1293759047985077, 0.08675212413072586, 0.012831713072955608, -0.7821102738380432, 0.054870445281267166, -0.013782892376184464, 0.23521386086940765, 0.28806132078170776], [-0.12194151431322098, 0.1348019540309906, 0.19632874429225922, -0.25687798857688904, 0.5131888389587402, 0.06543558090925217, -0.06982715427875519, -0.802028477191925], [-0.13059985637664795, 0.39377880096435547, 0.5837913155555725, -0.37021663784980774, 0.40420204401016235, 0.12064056098461151, 0.1830463409423828, -0.39002725481987], [-3.1326804161071777, 0.6644127368927002, -0.048324234783649445, -1.7186205387115479, 0.11318987607955933, -0.06812348961830139, 0.4757916033267975, -2.1945793628692627], [0.9454432129859924, 0.4078747630119324, 0.012857130728662014, -1.2130255699157715, 0.05803382024168968, -0.016568249091506004, 0.24346154928207397, 0.3470119833946228], [-0.12441135942935944, 0.13584215939044952, 0.30087944865226746, -0.2684861719608307, 0.5852969288825989, 0.11730050295591354, -0.07479489594697952, -1.362921118736267]]}