{"step": 7, "width": 8, "height": 8, "values": [[0.6430289149284363, 0.6453233361244202, -0.19527822732925415, -0.4986736476421356, -0.15384307503700256, 0.027434129267930984, 0.05885598808526993, 0.007680531125515699], [-0.6890220046043396, 0.08513208478689194, 0.021097194403409958, -0.7752662301063538, -0.5323054194450378, -0.020164933055639267, -0.1452111154794693, -0.17427194118499756], [0.7117162942886353, 0.030053256079554558, 0.10234130173921585, -0.5234214067459106, 0.11022590100765228, 0.40828296542167664, -0.3604851961135864, 0.33294883370399475], [-0.004646589048206806, 0.029653605073690414, 0.1571647822856903, -0.10947377979755402, 0.36667880415916443, 0.13281488418579102, -0.0038588636089116335, -0.6197700500488281], [0.9310663938522339, 0.8128703832626343, -0.28558608889579773, -0.6537114381790161, -0.1642921268939972, 0.03282397240400314, 0.06197779253125191, 0.012172488495707512], [-0.8971675038337708, 0.08610096573829651, 0.022789770737290382, -2.7771077156066895, -0.6857941746711731, -0.020241646096110344, -0.18145602941513062, -0.1989758461713791], [1.7128263711929321, 0.03855198621749878, 0.10323328524827957, -0.8837610483169556, 0.22968479990959167, 0.4686368703842163, -0.3804219365119934, 0.37448596954345703], [-0.004724773578345776, 0.029699303209781647, 0.1968078464269638, -0.11278316378593445, 0.46407121419906616, 0.2346174567937851, -0.004168802406638861, -0.8283264636993408]]}