{"step": 94, "width": 8, "height": 8, "values": [[0.32843297719955444, 0.2772032618522644, -0.6002756953239441, -0.39345335960388184, 0.641054093837738, 0.06640099734067917, -0.09502167254686356, 0.052666451781988144], [-0.9670730233192444, 0.4490891695022583, -0.12976092100143433, -0.7383005023002625, -0.4366181492805481, -0.12663838267326355, 0.11420927941799164, -0.774179995059967], [0.4180738925933838, 0.115562304854393, 0.2683066725730896, 0.10458268225193024, 0.020633049309253693, 0.08325625211000443, 0.14030952751636505, 0.45863842964172363], [-0.15295644104480743, 0.284625768661499, 0.2838648855686188, 0.15787635743618011, 0.4873809218406677, 0.18904493749141693, -0.10197095572948456, -0.6306903958320618], [0.4143174886703491, 0.32699090242385864, -0.836639404296875, -0.49991607666015625, 0.8127501606941223, 0.08798252791166306, -0.2195950299501419, 0.08438937366008759], [-2.740034818649292, 0.4961506426334381, -0.13764788210391998, -3.4005959033966064, -0.6285791397094727, -0.1278342455625534, 0.11667684465646744, -3.168917417526245], [0.5126289129257202, 0.12070278078317642, 0.2772875726222992, 0.15018530189990997, 0.024210849776864052, 0.08495555073022842, 0.14169229567050934, 0.6164603233337402], [-0.15581458806991577, 0.2945389449596405, 0.36842748522758484, 0.1657327562570572, 0.5900458693504333, 0.32587864995002747, -0.11631032824516296, -1.6323599815368652]]}