{"step": 25, "width": 8, "height": 8, "values": [[0.35043659806251526, 0.5150172710418701, -0.00834796391427517, -0.38203078508377075, 0.07201981544494629, 0.05085786432027817, -0.23687520623207092, -0.15367165207862854], [-0.9240217804908752, 0.1384958028793335, -0.004277410451322794, -0.8110771179199219, -0.043120719492435455, -0.03689990192651749, -0.61744624376297, -0.8675283789634705], [0.2882380187511444, -0.020052453503012657, -0.01699882186949253, -0.5344807505607605, 0.1496766209602356, 0.7103505730628967, -0.7180185317993164, 0.3301321268081665], [-0.06399064511060715, 0.05195503681898117, 0.2688647508621216, -0.025159286335110664, 0.25286340713500977, 0.48202013969421387, -0.03289287909865379, -0.7864955067634583], [0.42193603515625, 0.6177034378051758, -0.012328620068728924, -0.4110402762889862, 0.07719463855028152, 0.05766313150525093, -0.25174471735954285, -0.18830744922161102], [-1.699062466621399, 0.14309947192668915, -0.004714814014732838, -3.136803150177002, -0.056136202067136765, -0.03708020597696304, -0.7547664642333984, -2.401851177215576], [1.103925347328186, -0.04099163040518761, -0.02133510634303093, -0.6970500946044922, 0.15128906071186066, 0.898338258266449, -0.9649258255958557, 0.3575783371925354], [-0.06507664173841476, 0.05209561064839363, 0.6718576550483704, -0.025296304374933243, 0.3607577681541443, 0.6569207906723022, -0.03609095886349678, -1.1741833686828613]]}