{"step": 35, "width": 8, "height": 8, "values": [[0.1487646847963333, 0.41807594895362854, -0.2656697630882263, -0.30720508098602295, 0.20311737060546875, 0.06176559999585152, -0.018037887290120125, -0.23133623600006104], [-0.9813861846923828, 0.22068244218826294, -0.005011168774217367, -0.698836624622345, -0.5449270606040955, -0.0463082492351532, 0.32162827253341675, -0.8662323355674744], [0.5628059506416321, 0.017563052475452423, -0.4379773437976837, -0.3653474748134613, -0.013650262728333473, 0.285317599773407, -0.7207726836204529, 0.510927677154541], [-0.0823267251253128, 0.07339605689048767, 0.19465738534927368, 0.21949255466461182, 0.3910467326641083, 0.05882410705089569, -0.04878551885485649, -0.5962175130844116], [0.17617543041706085, 0.49934741854667664, -0.36013245582580566, -0.33540239930152893, 0.2120932638645172, 0.07378937304019928, -0.01904812641441822, -0.3320356011390686], [-2.553957462310791, 0.2246137112379074, -0.0055451774969697, -2.0885679721832275, -0.7103564739227295, -0.046525243669748306, 0.34176820516586304, -3.4063196182250977], [1.3077746629714966, 0.12310825288295746, -0.474327951669693, -0.4740036725997925, -0.014937195926904678, 0.32428812980651855, -0.9485077261924744, 0.6137246489524841], [-0.0831230878829956, 0.07368367165327072, 0.29159972071647644, 0.22477973997592926, 0.4774383008480072, 0.08232101052999496, -0.053345952183008194, -1.1065984964370728]]}