{"step": 20, "width": 8, "height": 8, "values": [[0.11163472384214401, 0.6105340719223022, 0.10773719847202301, -0.20968616008758545, 0.020327232778072357, 0.04281533509492874, -0.158704474568367, 0.16490404307842255], [-0.7366420030593872, 0.17825646698474884, 0.000440010626334697, -0.7973138689994812, -0.12680788338184357, -0.029544958844780922, 0.20903173089027405, -0.7988358736038208], [0.2820008099079132, 0.007060202304273844, 0.23235885798931122, -0.660255491733551, 0.008902186527848244, 0.2842397391796112, -0.30991190671920776, 0.21476036310195923], [-0.048677198588848114, 0.04285068064928055, 0.25366249680519104, -0.28132393956184387, 0.4001826345920563, 0.4352242350578308, -0.02707015909254551, -0.33953335881233215], [0.12162027508020401, 0.848491907119751, 0.12030763924121857, -0.2260180413722992, 0.02143307775259018, 0.04883880168199539, -0.2526910603046417, 0.2538596987724304], [-1.1421576738357544, 0.18415257334709167, 0.00047169451136142015, -3.866792917251587, -0.1716870367527008, -0.029625684022903442, 0.24309822916984558, -1.5084352493286133], [0.6524550914764404, 0.007299075834453106, 0.23953449726104736, -1.0754384994506836, 0.011357157491147518, 0.31006860733032227, -0.32515963912010193, 0.2538451850414276], [-0.0495758019387722, 0.04298720136284828, 0.3610549867153168, -0.31024494767189026, 0.45425859093666077, 0.6122520565986633, -0.02924409694969654, -0.5264892578125]]}