{"step": 41, "width": 8, "height": 8, "values": [[0.0763837918639183, 0.49212217330932617, -0.2658252418041229, -0.4686357378959656, 0.27547088265419006, 0.10477051138877869, 0.11754852533340454, -0.18580631911754608], [-0.9849124550819397, 0.43011608719825745, -0.022620074450969696, -0.5343882441520691, 0.014802705496549606, -0.05754935368895531, 0.025031084194779396, -0.7981739640235901], [0.22828227281570435, 0.12072499841451645, -0.02661500871181488, -0.7554583549499512, -0.2541549801826477, 0.39182859659194946, 0.14021062850952148, 0.3621351718902588], [-0.08264786750078201, 0.0858660414814949, 0.2616090774536133, 0.26887741684913635, 0.4466545581817627, 0.1979682445526123, -0.051933422684669495, -0.6250411868095398], [0.0866822600364685, 0.576462984085083, -0.32883158326148987, -0.5206320881843567, 0.3132709860801697, 0.11507224291563034, 0.14153893291950226, -0.28307047486305237], [-2.9079887866973877, 0.8269960880279541, -0.024329395964741707, -1.442362666130066, 0.01906484179198742, -0.057812828570604324, 0.15888582170009613, -2.0466713905334473], [1.017275333404541, 0.5172830820083618, -0.02665378898382187, -1.2259910106658936, -0.28002282977104187, 0.458373099565506, 0.1445637345314026, 0.46712619066238403], [-0.08370471745729446, 0.08631586283445358, 0.3722705841064453, 0.28074830770492554, 0.49476107954978943, 0.33874285221099854, -0.058779191225767136, -0.7856610417366028]]}