{"step": 59, "width": 8, "height": 8, "values": [[0.2322843223810196, 0.22994346916675568, 0.59637850522995, -0.3628036379814148, 0.3474658727645874, 0.1278962790966034, -0.040663402527570724, -0.048757705837488174], [-0.9270647168159485, 0.2886713147163391, -0.07554006576538086, -0.8398132920265198, -0.2782301902770996, -0.07870437949895859, 0.43850430846214294, -0.8378438949584961], [0.07366541773080826, 0.08116365224123001, 0.044474512338638306, -0.7214652299880981, 0.04839462786912918, 0.41697975993156433, -0.15717977285385132, 0.1445578634738922], [-0.10976734757423401, 0.15951892733573914, 0.22896505892276764, 0.2513895034790039, 0.6129355430603027, 0.12004756182432175, -0.07055988907814026, -0.6581082344055176], [0.27439698576927185, 0.25687670707702637, 0.8660125136375427, -0.4826757311820984, 0.40675729513168335, 0.14437350630760193, -0.04205508157610893, -0.06412114948034286], [-3.7297706604003906, 0.3084428608417511, -0.07788795977830887, -2.6058013439178467, -0.311540424823761, -0.07910162955522537, 0.6706629991531372, -3.3982350826263428], [0.46774938702583313, 0.14459316432476044, 0.04456760361790657, -1.12693452835083, 0.08681105077266693, 0.5155990719795227, -0.1608165055513382, 0.16964447498321533], [-0.11171448975801468, 0.16127486526966095, 0.3135032653808594, 0.26355189085006714, 0.7491453886032104, 0.17534345388412476, -0.07774344831705093, -1.0379570722579956]]}