{"step": 91, "width": 8, "height": 8, "values": [[0.3913032114505768, 0.18158058822155, -0.31268444657325745, -0.47486430406570435, 0.5536954998970032, 0.08147170394659042, -0.11532721668481827, -0.061774447560310364], [-0.9839389324188232, 0.35629862546920776, -0.12534919381141663, -0.9098081588745117, -0.13234204053878784, -0.12186837196350098, -0.19526156783103943, -0.8188771605491638], [0.1595405489206314, 0.15645550191402435, 0.18814115226268768, 0.032847318798303604, 0.19465646147727966, 0.672841489315033, -0.6260259747505188, 0.4604056179523468], [-0.1585945338010788, 0.2770978808403015, 0.31706079840660095, 0.3922516405582428, 0.37606000900268555, -0.009607838466763496, -0.09759433567523956, -0.6237018704414368], [0.5445972084999084, 0.21461990475654602, -0.3562443256378174, -0.5666537284851074, 0.6677260994911194, 0.10910826176404953, -0.17074070870876312, -0.07148180902004242], [-3.3283588886260986, 0.37753206491470337, -0.13367794454097748, -3.2784876823425293, -0.4223000109195709, -0.1228308454155922, -0.2090992033481598, -3.4300332069396973], [0.26365771889686584, 0.15876592695713043, 0.19141939282417297, 0.0449792817234993, 0.20053881406784058, 0.8272589445114136, -0.73763507604599, 0.5675976276397705], [-0.16161906719207764, 0.2865433990955353, 0.6193537712097168, 0.42627111077308655, 0.4505862295627594, -0.011463464237749577, -0.11216727644205093, -1.312485933303833]]}