{"step": 77, "width": 8, "height": 8, "values": [[0.20074960589408875, 0.15823590755462646, -0.15817339718341827, -0.3048882484436035, 0.5373323559761047, 0.14890143275260925, -0.02929568849503994, -0.3476730287075043], [-0.9511569142341614, 0.29582738876342773, -0.13358938694000244, 0.06437486410140991, -0.0066926684230566025, -0.10229048132896423, -0.047598615288734436, -0.801184892654419], [0.36459600925445557, 0.06150395795702934, -0.016470884904265404, -0.6347973942756653, -0.33309102058410645, 0.6547679901123047, -0.01994793303310871, -0.13766738772392273], [-0.11050856113433838, 0.2122986763715744, 0.2291305661201477, 0.09224771708250046, 0.7025519013404846, 0.3765947222709656, -0.07171932607889175, -0.8255521059036255], [0.24163809418678284, 0.17387068271636963, -0.1992412656545639, -0.318515807390213, 0.6278161406517029, 0.17321212589740753, -0.05951627343893051, -0.5526259541511536], [-2.8526289463043213, 0.381373792886734, -0.14254508912563324, 0.0917922705411911, -0.007780253887176514, -0.10307314246892929, -0.3676712214946747, -2.50398325920105], [1.1071531772613525, 0.10726984590291977, -0.01658160611987114, -1.0252748727798462, -0.3612677752971649, 0.8036752939224243, -0.020328527316451073, -0.152918741106987], [-0.112873375415802, 0.2157587856054306, 0.34241947531700134, 0.09416662901639938, 0.9380722641944885, 0.5618968605995178, -0.07831323891878128, -1.29249906539917]]}