{"step": 4, "width": 8, "height": 8, "values": [[0.6551218032836914, 0.5704803466796875, -0.08559148758649826, -0.4639824628829956, -0.17281173169612885, 0.02339576743543148, 0.10472866147756577, -0.03240244463086128], [-0.4170844554901123, 0.12031463533639908, 0.01768478751182556, -0.6728595495223999, 0.04503881558775902, -0.017710119485855103, 0.2120974063873291, -0.054403986781835556], [0.45212212204933167, 0.096295066177845, -0.11127761006355286, -0.7200819253921509, 0.2511933743953705, 0.563045859336853, -0.1192392036318779, 0.31274712085723877], [0.004517021123319864, 0.01645760051906109, 0.30953046679496765, -0.05708547309041023, 0.40541404485702515, -0.10653417557477951, 0.0009633398149162531, -0.5403522849082947], [0.9707165360450745, 0.6695829033851624, -0.18039381504058838, -0.630994439125061, -0.1896592676639557, 0.026933107525110245, 0.10836125165224075, -0.0514705590903759], [-0.4568783640861511, 0.19457346200942993, 0.01944335177540779, -1.6853008270263672, 0.04985686391592026, -0.017791343852877617, 0.26659050583839417, -0.06291614472866058], [1.1608059406280518, 0.455939918756485, -0.11352146416902542, -1.0793424844741821, 0.30569466948509216, 0.6985182166099548, -0.12274489551782608, 0.34532642364501953], [0.0046292878687381744, 0.01651146076619625, 0.4138961732387543, -0.05866330862045288, 0.4951167702674866, -0.14484694600105286, 0.0010479948250576854, -0.6249092817306519]]}