{"step": 45, "width": 8, "height": 8, "values": [[0.43159979581832886, 0.40668827295303345, -0.18067656457424164, -0.5710565447807312, 0.2849928140640259, 0.10132072120904922, -0.019122647121548653, -0.005691671743988991], [-0.9738878011703491, 0.36026808619499207, 0.0006713091861456633, -0.7659947872161865, 0.025060275569558144, -0.06428421288728714, -0.2692790627479553, -0.8233247995376587], [0.54215008020401, -0.003128055250272155, -0.06693029403686523, -0.40425825119018555, 0.06041673943400383, 0.6566024422645569, -0.3076413869857788, 0.49019816517829895], [-0.12181596457958221, 0.12352605164051056, 0.27636295557022095, 0.24126465618610382, 0.33320173621177673, 0.15514054894447327, -0.06187745928764343, -0.9021967649459839], [0.553551197052002, 0.45398807525634766, -0.34927457571029663, -0.7204435467720032, 0.3211960792541504, 0.12528599798679352, -0.022140968590974808, -0.008391845971345901], [-2.60347318649292, 0.4575446844100952, 0.0007009193650446832, -2.7492659091949463, 0.026380693539977074, -0.06461089104413986, -0.33814164996147156, -2.63983416557312], [1.4579390287399292, -0.005996232386678457, -0.0721423327922821, -0.5802954435348511, 0.06630805879831314, 0.8082767128944397, -0.32236039638519287, 0.5582297444343567], [-0.12421237677335739, 0.12443353980779648, 0.3801565170288086, 0.24845154583454132, 0.40860477089881897, 0.330655574798584, -0.06799477338790894, -1.606056809425354]]}