{"step": 8, "width": 8, "height": 8, "values": [[0.5125843286514282, 0.6798217296600342, -0.23157183825969696, -0.4903848171234131, -0.13961340487003326, 0.02777821756899357, 0.04796387627720833, 0.06078903749585152], [-0.762572705745697, 0.15431781113147736, 0.018582211807370186, -0.7256976962089539, -0.4945027530193329, -0.020532118156552315, -0.15661707520484924, -0.17956124246120453], [0.7172147035598755, 0.052741698920726776, 0.052408989518880844, -0.6348732113838196, 0.1885766088962555, 0.1265462040901184, -0.10118178278207779, 0.3497351408004761], [-0.002342283260077238, 0.026714691892266273, 0.17432886362075806, -0.034134212881326675, 0.3796915113925934, 0.17489047348499298, -0.005323415622115135, -0.6278295516967773], [0.6912129521369934, 0.9012596607208252, -0.31969067454338074, -0.6451104283332825, -0.14718808233737946, 0.033186174929142, 0.05186188966035843, 0.10418129712343216], [-1.0595499277114868, 0.15678943693637848, 0.020217683166265488, -2.970703125, -0.6436623930931091, -0.020632058382034302, -0.1836838722229004, -0.20559833943843842], [1.83791184425354, 0.0659000501036644, 0.0527677983045578, -1.1543155908584595, 0.3080975115299225, 0.13421280682086945, -0.10227575153112411, 0.4056210219860077], [-0.002382763661444187, 0.026758037507534027, 0.20853278040885925, -0.035014428198337555, 0.48249152302742004, 0.3550366163253784, -0.005751864053308964, -0.924063503742218]]}