{"step": 5, "width": 8, "height": 8, "values": [[0.7074134349822998, 0.568588376045227, -0.1467830240726471, -0.6332090497016907, -0.18214043974876404, 0.022420573979616165, 0.08459459990262985, -0.10433964431285858], [-0.5981701016426086, 0.04665196314454079, 0.022708000615239143, -0.8453700542449951, 0.048504021018743515, -0.01951519586145878, -0.5003916621208191, -0.12369409948587418], [0.48135584592819214, -0.07497122883796692, -0.07506632804870605, -0.4884108603000641, 0.30790260434150696, 0.8801985383033752, -0.6950404047966003, 0.31500810384750366], [-0.006665057502686977, 0.027471324428915977, 0.3728081285953522, -0.013899445533752441, 0.250233918428421, 0.05817360058426857, -0.0011839561630040407, -0.5818398594856262], [1.3623688220977783, 0.6791266798973083, -0.3133171498775482, -0.8156705498695374, -0.19472059607505798, 0.027068639174103737, 0.0883215069770813, -0.1268685758113861], [-0.7040925025939941, 0.05502456799149513, 0.025591682642698288, -2.288321018218994, 0.07048973441123962, -0.019605902954936028, -0.6818802356719971, -0.1414431780576706], [1.2245171070098877, -0.08611632883548737, -0.08136163651943207, -0.6396267414093018, 0.3204893469810486, 1.3913588523864746, -0.8630487322807312, 0.33410510420799255], [-0.006885464768856764, 0.027543509379029274, 0.7299959659576416, -0.014137018471956253, 0.4031779170036316, 0.06770831346511841, -0.0013057857286185026, -0.685149610042572]]}