{"step": 42, "width": 8, "height": 8, "values": [[0.36168670654296875, 0.424894243478775, -0.23821856081485748, -0.6394622921943665, 0.2643999457359314, 0.1088922992348671, 0.09445259720087051, -0.276138573884964], [-0.9929581880569458, 0.5231807827949524, -0.009173989295959473, -0.7699419260025024, 0.03590163215994835, -0.061866581439971924, -0.6481255292892456, -0.8397214412689209], [0.31798800826072693, -0.04036962613463402, -0.10685214400291443, -0.42950305342674255, -0.12678122520446777, 0.8360984921455383, -0.6580896377563477, 0.42687150835990906], [-0.10037097334861755, 0.09759499132633209, 0.3264549672603607, 0.27484121918678284, 0.2831231653690338, 0.14800135791301727, -0.05462976545095444, -0.6556950807571411], [0.4649581015110016, 0.47980040311813354, -0.3257729411125183, -0.7681850790977478, 0.3036348521709442, 0.12504228949546814, 0.10044640302658081, -0.3304452896118164], [-3.259887933731079, 0.5945509672164917, -0.009967644698917866, -1.7660517692565918, 0.048385802656412125, -0.06217239424586296, -0.8317863345146179, -2.289483070373535], [1.1426304578781128, -0.07831411808729172, -0.11875543743371964, -0.533280074596405, -0.12846368551254272, 1.2243283987045288, -0.8773127794265747, 0.4679590165615082], [-0.1020541861653328, 0.0981428399682045, 0.7284859418869019, 0.28440696001052856, 0.3954501152038574, 0.20982316136360168, -0.06181720271706581, -0.8118895292282104]]}