{"step": 90, "width": 8, "height": 8, "values": [[0.3161134719848633, 0.2540799379348755, -0.1672796905040741, -0.48240038752555847, 0.5136727094650269, 0.09726975113153458, -0.13953036069869995, -0.01760585978627205], [-0.9844449758529663, 0.4265018105506897, -0.1283816546201706, -0.795635998249054, -0.2679230868816376, -0.11961253732442856, 0.31585898995399475, -0.8187246322631836], [0.14330662786960602, 0.10997766256332397, 0.03336585313081741, -0.20253247022628784, 0.18259955942630768, 0.485781729221344, -0.27916568517684937, 0.5385971069335938], [-0.15032927691936493, 0.2739853858947754, 0.29231342673301697, 0.37777721881866455, 0.4273971915245056, -0.0148472236469388, -0.09867854416370392, -0.8967680931091309], [0.4143519103527069, 0.2723662555217743, -0.23535023629665375, -0.5940113663673401, 0.6440598964691162, 0.1158313900232315, -0.1518578678369522, -0.02933616377413273], [-3.5036494731903076, 0.6143733859062195, -0.13472133874893188, -2.786975383758545, -0.3063260018825531, -0.1205950677394867, 0.47217774391174316, -3.5011954307556152], [0.6983085870742798, 0.38131386041641235, 0.03368489071726799, -0.24076278507709503, 0.20338477194309235, 0.5952891707420349, -0.31577858328819275, 0.6987352967262268], [-0.15280817449092865, 0.28267550468444824, 0.37285956740379333, 0.40146034955978394, 0.4869416356086731, -0.02944157086312771, -0.11015256494283676, -1.7240976095199585]]}