{"step": 2, "width": 8, "height": 8, "values": [[0.5975860953330994, 0.34858238697052, -0.18679410219192505, -0.6383293867111206, -0.17212708294391632, 0.016088128089904785, 0.09354940801858902, -0.16550904512405396], [-0.3237036466598511, 0.1446182280778885, 0.011556138284504414, -0.6847313046455383, 0.18592290580272675, -0.015343831852078438, -0.4741634428501129, -0.02243383228778839], [0.3030948340892792, -0.1487245112657547, -0.1952531337738037, -0.3613930940628052, 0.5066505074501038, 0.5737130641937256, -0.6401561498641968, 0.19141386449337006], [0.014630538411438465, 0.010394642129540443, 0.5212842226028442, 0.06316031515598297, 0.2357809692621231, -0.33201494812965393, 0.0032086025457829237, -0.5468263030052185], [1.0044196844100952, 0.38516727089881897, -0.27312904596328735, -0.8208741545677185, -0.18101853132247925, 0.019316991791129112, 0.0993955060839653, -0.19804635643959045], [-0.33853116631507874, 0.18218016624450684, 0.015528694726526737, -1.0089855194091797, 0.3168169856071472, -0.015425522811710835, -0.6485830545425415, -0.025123899802565575], [0.6969385743141174, -0.17973314225673676, -0.2137354612350464, -0.40258511900901794, 0.5602057576179504, 0.6582552790641785, -0.7776219844818115, 0.19866740703582764], [0.015229400247335434, 0.01045667752623558, 0.8516671657562256, 0.06671522557735443, 0.3401409089565277, -0.37449654936790466, 0.003505341475829482, -0.6496026515960693]]}