{"step": 67, "width": 8, "height": 8, "values": [[0.09661482274532318, 0.1464628279209137, 0.3872808814048767, -0.23046912252902985, 0.43412259221076965, 0.1483941674232483, -0.05580219253897667, -0.23086972534656525], [-0.9370237588882446, 0.2072518914937973, -0.10321558266878128, -0.692934513092041, 0.09627530723810196, -0.09151255339384079, -0.17326447367668152, -0.822836697101593], [0.2810288071632385, 0.036047566682100296, -0.04283924028277397, -0.7803230881690979, -0.007936077192425728, 0.6344760060310364, -0.21737873554229736, -0.11345428973436356], [-0.14442802965641022, 0.1859888732433319, 0.2087661474943161, 0.15962941944599152, 0.5510964393615723, 0.36602872610092163, -0.06987278163433075, -0.843450129032135], [0.10876665264368057, 0.15634407103061676, 0.5535844564437866, -0.2598680257797241, 0.5436334013938904, 0.1787373125553131, -0.062466878443956375, -0.3021371066570282], [-3.2674615383148193, 0.27539440989494324, -0.10730505734682083, -1.1549612283706665, 0.10216519236564636, -0.0921490490436554, -0.22128796577453613, -2.7748451232910156], [1.1763315200805664, 0.06020491570234299, -0.04609503224492073, -1.335906744003296, -0.008290144614875317, 0.7588748335838318, -0.22582398355007172, -0.11797440052032471], [-0.1485493779182434, 0.18843674659729004, 0.3094383776187897, 0.16480796039104462, 0.7122887372970581, 0.5808999538421631, -0.07674837857484818, -1.3232024908065796]]}