{"step": 95, "width": 8, "height": 8, "values": [[0.2361055612564087, 0.2786825895309448, -0.688162088394165, -0.5491477847099304, 0.6455226540565491, 0.07170888036489487, -0.09047291427850723, -0.0392984077334404], [-0.9806088805198669, 0.5936341285705566, -0.12924113869667053, -0.6142904758453369, -0.38921844959259033, -0.12886737287044525, -0.07790513336658478, -0.7769005298614502], [0.45941799879074097, 0.0968368873000145, 0.14147359132766724, 0.13766808807849884, -0.33226272463798523, 0.06053485348820686, 0.32618844509124756, 0.3765963017940521], [-0.14603005349636078, 0.28740939497947693, 0.24017423391342163, 0.1684400588274002, 0.5196869373321533, 0.15399867296218872, -0.1058960109949112, -0.7877331972122192], [0.28893226385116577, 0.3506307601928711, -1.001449704170227, -0.6518537402153015, 0.8082502484321594, 0.0835244283080101, -0.19959889352321625, -0.06817107647657394], [-2.757560968399048, 0.713544487953186, -0.13809382915496826, -3.269202947616577, -0.5615163445472717, -0.13020342588424683, -0.17110705375671387, -2.810732126235962], [0.6266493201255798, 0.1262853890657425, 0.14259855449199677, 0.2132560908794403, -0.3797489404678345, 0.06394259631633759, 0.33998817205429077, 0.6035825610160828], [-0.14847801625728607, 0.29658806324005127, 0.2973172068595886, 0.17429116368293762, 0.604166567325592, 0.3450234532356262, -0.11930794268846512, -2.118400812149048]]}