{"step": 44, "width": 8, "height": 8, "values": [[0.3145953118801117, 0.34828057885169983, -0.21195834875106812, -0.5415594577789307, 0.28525733947753906, 0.10731333494186401, 0.04497666284441948, -0.16662238538265228], [-0.9783535003662109, 0.3498746156692505, -0.0025953836739063263, -0.811214029788971, -0.30413344502449036, -0.06364980340003967, 0.26186785101890564, -0.8246678113937378], [0.5137723088264465, 0.0531027726829052, -0.17246346175670624, -0.09579760581254959, 0.03435218334197998, 0.6999247670173645, -0.7040945887565613, 0.4251523017883301], [-0.11799045652151108, 0.11750037223100662, 0.25286924839019775, 0.2570039927959442, 0.3209706246852875, 0.01742119900882244, -0.060626670718193054, -0.7708424925804138], [0.37312617897987366, 0.42635485529899597, -0.36290621757507324, -0.7168612480163574, 0.3052450716495514, 0.128494992852211, 0.05062107741832733, -0.22599411010742188], [-2.8396823406219482, 0.3696487545967102, -0.002698166063055396, -2.5528926849365234, -0.34882333874702454, -0.0639195367693901, 0.32170844078063965, -2.4593257904052734], [1.2252814769744873, 0.0756663903594017, -0.1753186136484146, -0.12317610532045364, 0.04190981760621071, 0.9192332625389099, -0.879910409450531, 0.48321908712387085], [-0.11977505683898926, 0.11840511113405228, 0.3617715537548065, 0.26701226830482483, 0.37586525082588196, 0.038161538541316986, -0.06653844565153122, -1.2462538480758667]]}