{"step": 39, "width": 8, "height": 8, "values": [[0.14959746599197388, 0.4444085955619812, -0.10756532847881317, -0.3864150643348694, 0.26388686895370483, 0.07671746611595154, 0.10280896723270416, -0.2447539120912552], [-0.987272322177887, 0.3915184438228607, -0.016707615926861763, -0.67138671875, -0.27195897698402405, -0.0556630939245224, -0.6158537864685059, -0.8017327189445496], [0.6044602990150452, 0.11953088641166687, -0.022115344181656837, -0.32555121183395386, 0.017706505954265594, 0.3735405504703522, -0.6032224297523499, 0.46933040022850037], [-0.06902141869068146, 0.0795200765132904, 0.3221580982208252, 0.3489527106285095, 0.3007614016532898, 0.21972249448299408, -0.05104028433561325, -0.2128644436597824], [0.1918252557516098, 0.5325570702552795, -0.11521615087985992, -0.42785710096359253, 0.28585684299468994, 0.08836251497268677, 0.10606606304645538, -0.29085472226142883], [-3.020676612854004, 0.4140368402004242, -0.01779237948358059, -1.5877031087875366, -0.5333678126335144, -0.056083932518959045, -0.7288469076156616, -2.442293167114258], [0.95374596118927, 0.26325270533561707, -0.022988874465227127, -0.5532270669937134, 0.017945384606719017, 0.41501858830451965, -0.739459753036499, 0.5353135466575623], [-0.06960736960172653, 0.07991207391023636, 0.5540128946304321, 0.37699094414711, 0.3863072991371155, 0.2584906816482544, -0.05681560933589935, -0.2620879113674164]]}