{"step": 97, "width": 8, "height": 8, "values": [[0.023517213761806488, 0.14212946593761444, -0.008908539079129696, -0.6389164924621582, 0.2227880358695984, 0.003923031967133284, 0.3113164007663727, -0.4641595184803009], [-0.9788660407066345, 0.8581679463386536, -0.12677030265331268, -0.012517315335571766, -0.20047301054000854, -0.13427940011024475, 0.4651893973350525, -0.3315466344356537], [0.31868067383766174, 0.18853215873241425, 0.5209967494010925, -0.01308340486139059, 0.10150568187236786, 0.41185346245765686, -0.7901395559310913, 0.7572489976882935], [-0.1334971785545349, 0.29906395077705383, 0.5242062211036682, 0.028329972177743912, 0.03689606860280037, 0.0024028602056205273, -0.11776681989431381, -0.06765973567962646], [0.0393054261803627, 0.2744675874710083, -0.06813830137252808, -1.1306859254837036, 0.5745038390159607, 0.023530514910817146, 0.8674626350402832, -0.7536906599998474], [-2.3073511123657227, 1.2917348146438599, -0.12846136093139648, -0.09428021311759949, -0.2695145905017853, -0.13595840334892273, 0.5094192624092102, -2.231705904006958], [1.0456186532974243, 0.7330565452575684, 0.6276355385780334, -0.07605171203613281, 0.25084641575813293, 0.44271552562713623, -1.073315978050232, 1.5721958875656128], [-0.14053864777088165, 0.30854690074920654, 0.6646389365196228, 0.05247658118605614, 0.07093619555234909, 0.07819677144289017, -0.12059906870126724, -0.25304439663887024]]}