{"step": 38, "width": 8, "height": 8, "values": [[0.056736066937446594, 0.5173400640487671, -0.4497848153114319, -0.38816317915916443, 0.2662505507469177, 0.07219617068767548, 0.12437291443347931, -0.10259325802326202], [-0.9792758226394653, 0.396244078874588, -0.020446674898266792, -0.3930480480194092, -0.02507687173783779, -0.048861194401979446, 0.016226353123784065, -0.7988751530647278], [0.40405768156051636, 0.08466220647096634, 0.028040792793035507, -0.7264983057975769, -0.17999593913555145, -0.035981159657239914, 0.21230082213878632, 0.4383178651332855], [-0.05849944055080414, 0.07375247031450272, 0.2825913727283478, -0.009085183963179588, 0.5065456628799438, 0.20809195935726166, -0.049419790506362915, -0.8338519930839539], [0.0663822814822197, 0.6270089745521545, -0.654161274433136, -0.4196404814720154, 0.29206109046936035, 0.0788915604352951, 0.1623843014240265, -0.1691150814294815], [-2.6672728061676025, 0.6958348751068115, -0.023035427555441856, -1.6368329524993896, -0.033641211688518524, -0.04916420951485634, 0.052319642156362534, -2.4949729442596436], [1.164940357208252, 0.41207581758499146, 0.02807760238647461, -1.1925009489059448, -0.19054743647575378, -0.040283430367708206, 0.2197043001651764, 0.5962159037590027], [-0.05922703817486763, 0.07405773550271988, 0.3964759111404419, -0.009197423234581947, 0.5836741328239441, 0.3393948972225189, -0.05542859062552452, -1.394461989402771]]}