{"step": 72, "width": 8, "height": 8, "values": [[0.005359302274882793, 0.09255479276180267, 0.6703972220420837, -0.1431109607219696, 0.4862569570541382, 0.16307899355888367, -0.10778536647558212, -0.47311878204345703], [-0.934574544429779, 0.2527451515197754, -0.11146512627601624, -0.6186715364456177, -0.4357071816921234, -0.09848619997501373, -0.34213462471961975, -0.8121631145477295], [0.2296951860189438, 0.04211193323135376, -0.2875595688819885, -0.5928843021392822, -0.2610330581665039, 0.7223814725875854, -0.6866122484207153, -0.06815297901630402], [-0.15794189274311066, 0.19966505467891693, 0.15670810639858246, 0.09715956449508667, 0.5569422841072083, 0.2545343339443207, -0.07305752485990524, -0.634837806224823], [0.006341411266475916, 0.10274862498044968, 1.1565145254135132, -0.1478506475687027, 0.5781194567680359, 0.19148635864257812, -0.11540723592042923, -0.706603467464447], [-2.9235568046569824, 0.2586407959461212, -0.11706515401601791, -0.9423701763153076, -0.5346001982688904, -0.09921576082706451, -0.36829623579978943, -2.525485038757324], [0.786820650100708, 0.15177710354328156, -0.29841601848602295, -0.8835892081260681, -0.29192256927490234, 0.9689021706581116, -0.8947594165802002, -0.0768955647945404], [-0.16117265820503235, 0.20254649221897125, 0.24311348795890808, 0.10089294612407684, 0.7563124895095825, 0.35846346616744995, -0.07956229150295258, -1.1008235216140747]]}