{"step": 50, "width": 8, "height": 8, "values": [[-0.08916807919740677, 0.28294050693511963, 0.42196178436279297, -0.2553402781486511, 0.34255388379096985, 0.1096654087305069, -0.08990034461021423, -0.33535367250442505], [-0.9457510709762573, 0.3275469243526459, -0.02791237086057663, -0.7212234735488892, -0.25763779878616333, -0.06686380505561829, 0.05644729360938072, -0.82423335313797], [0.3832141160964966, -0.0025921547785401344, 0.07515835762023926, -0.2589396834373474, -0.275707870721817, 0.2171783596277237, -0.19703826308250427, 0.2836122512817383], [-0.11798971891403198, 0.13169941306114197, 0.11444636434316635, -0.12600922584533691, 0.4870103895664215, 0.17983606457710266, -0.06907106190919876, -0.7490630149841309], [-0.09716013818979263, 0.3527728021144867, 0.5256158709526062, -0.271016925573349, 0.38184523582458496, 0.12278871983289719, -0.11955367773771286, -0.49652212858200073], [-2.5461347103118896, 0.34509000182151794, -0.029850419610738754, -2.010463237762451, -0.3342363238334656, -0.0671839714050293, 0.28768789768218994, -2.4317643642425537], [0.9050095677375793, -0.003501977538689971, 0.07536738365888596, -0.3607105612754822, -0.34959831833839417, 0.2758074402809143, -0.20086954534053802, 0.36476531624794006], [-0.1198275089263916, 0.13260743021965027, 0.17203156650066376, -0.13059934973716736, 0.5550740361213684, 0.31126636266708374, -0.07391945272684097, -1.4438483715057373]]}