{"step": 98, "width": 8, "height": 8, "values": [[-0.020446935668587685, 0.08578862249851227, -0.001936175744049251, -0.5382141470909119, 0.3186802566051483, 0.002124830149114132, 0.27970659732818604, -0.7566806077957153], [-0.9927277565002441, 0.8822740912437439, -0.12512558698654175, -0.030705902725458145, 0.22144818305969238, -0.1349843144416809, -0.0034015735145658255, -0.44322293996810913], [0.05795253813266754, 0.3469983637332916, 0.23808453977108002, -0.059915028512477875, 0.06344251334667206, 0.7648375034332275, -0.9556467533111572, 0.8838450312614441], [-0.11624039709568024, 0.30194926261901855, 0.6249059438705444, 0.0012361585395410657, -0.2903934419155121, 0.0005239380989223719, -0.12100844085216522, 0.1162538230419159], [-0.061964407563209534, 0.16519969701766968, -0.010672265663743019, -1.889360785484314, 0.5219509601593018, 0.011042002588510513, 0.692210853099823, -1.0050179958343506], [-2.984408140182495, 1.649061918258667, -0.12784598767757416, -0.12164396047592163, 0.37982940673828125, -0.13616032898426056, -0.05512062832713127, -2.2076940536499023], [1.050478219985962, 0.3945465683937073, 0.26284119486808777, -0.13631096482276917, 0.06433732062578201, 1.0465586185455322, -1.9180121421813965, 2.0847091674804688], [-0.12382359802722931, 0.31176304817199707, 1.183953881263733, 0.0013693871442228556, -0.6879003643989563, 0.022825174033641815, -0.12233345210552216, 0.22008931636810303]]}