{"step": 26, "width": 8, "height": 8, "values": [[0.2866482734680176, 0.5086935758590698, -0.11144617199897766, -0.32685744762420654, 0.09768456220626831, 0.05058133602142334, -0.16649843752384186, 0.03595738485455513], [-0.7857394814491272, 0.1639159470796585, -0.00981815718114376, -0.7945668697357178, -0.2681826651096344, -0.03723114728927612, 0.1714617758989334, -0.8823742270469666], [0.42786362767219543, -0.03359398990869522, 0.06476879864931107, -0.5164060592651367, 0.01827806979417801, 0.48024171590805054, -0.26414382457733154, 0.310945063829422], [-0.06652997434139252, 0.05224793776869774, 0.2592718303203583, -0.19434359669685364, 0.4007427394390106, 0.41830363869667053, -0.035395823419094086, -0.6185640692710876], [0.32694974541664124, 0.6327142715454102, -0.13541458547115326, -0.35835760831832886, 0.10098710656166077, 0.05734149366617203, -0.27522435784339905, 0.056248750537633896], [-1.2662696838378906, 0.16870100796222687, -0.010511291213333607, -3.565274477005005, -0.33880847692489624, -0.037309035658836365, 0.1926930993795395, -2.4202561378479004], [1.0375690460205078, -0.03490327671170235, 0.06559322774410248, -0.8049157857894897, 0.035708021372556686, 0.5369057059288025, -0.27319714426994324, 0.3619440197944641], [-0.0675741508603096, 0.052468132227659225, 0.38116180896759033, -0.20017825067043304, 0.45010748505592346, 0.6627318263053894, -0.03870603069663048, -1.1686009168624878]]}