{"step": 89, "width": 8, "height": 8, "values": [[0.2731749415397644, 0.19153793156147003, -0.13643088936805725, -0.5737263560295105, 0.5583798885345459, 0.09625473618507385, -0.22327972948551178, -0.014594507403671741], [-0.9832533597946167, 0.28177589178085327, -0.1276697814464569, -0.8476316928863525, -0.8267948031425476, -0.11904441565275192, 0.30591103434562683, -0.8464704155921936], [0.33243489265441895, -0.0012348272139206529, 0.1222410649061203, 0.2413632571697235, -0.10810069739818573, 0.46966972947120667, -0.5360371470451355, 0.3839309811592102], [-0.1495775580406189, 0.27196308970451355, 0.2306603491306305, 0.3867964446544647, 0.3134782910346985, -0.0052615269087255, -0.09955273568630219, -0.7222626805305481], [0.3626933693885803, 0.20827291905879974, -0.1498139649629593, -0.7009787559509277, 0.6517645716667175, 0.1137799397110939, -0.23715689778327942, -0.02729715034365654], [-3.3903002738952637, 0.29003989696502686, -0.13175465166568756, -3.2003822326660156, -1.3439885377883911, -0.11988744139671326, 0.33210036158561707, -3.582166910171509], [0.5783467888832092, -0.00578053155913949, 0.13318833708763123, 0.5261965990066528, -0.1511162668466568, 0.7025189995765686, -1.042820692062378, 0.4383889138698578], [-0.1512882560491562, 0.28008928894996643, 0.2812902629375458, 0.4134429693222046, 0.3416231870651245, -0.007273308467119932, -0.10984650999307632, -1.3519572019577026]]}