{"step": 92, "width": 8, "height": 8, "values": [[0.3473324179649353, 0.1872415989637375, -0.3264079988002777, -0.4049607217311859, 0.5718571543693542, 0.08023019134998322, -0.14178374409675598, -0.10349833220243454], [-0.9846253991127014, 0.34099408984184265, -0.12800472974777222, -0.8307933807373047, -0.5626429915428162, -0.12307710200548172, 0.2643675208091736, -0.807016909122467], [0.32001835107803345, 0.10446958988904953, -0.0745248794555664, 0.07912746071815491, 0.15840280055999756, 0.49057522416114807, -0.4387052059173584, 0.472456157207489], [-0.16308656334877014, 0.28291094303131104, 0.2862039804458618, 0.3747137784957886, 0.4109801650047302, -0.0009056692942976952, -0.09997378289699554, -0.793811023235321], [0.4503457248210907, 0.22459183633327484, -0.505515992641449, -0.5190005898475647, 0.6750721335411072, 0.10332784056663513, -0.1740787774324417, -0.15001945197582245], [-3.077080726623535, 0.3594684600830078, -0.13384537398815155, -3.3066484928131104, -0.740186870098114, -0.124120332300663, 0.3233104944229126, -3.4172890186309814], [0.5626228451728821, 0.1529112011194229, -0.07521133124828339, 0.1064499169588089, 0.17648620903491974, 0.5621283650398254, -0.47234728932380676, 0.5861078500747681], [-0.16591735184192657, 0.29216864705085754, 0.3764640986919403, 0.4009592831134796, 0.4902220666408539, -0.0015351495239883661, -0.11322364956140518, -1.6281887292861938]]}