{"step": 70, "width": 8, "height": 8, "values": [[0.08540020138025284, 0.1288953274488449, 0.7180852890014648, -0.19561924040317535, 0.5017048716545105, 0.1614861637353897, -0.11240651458501816, -0.23054572939872742], [-0.9460749626159668, -0.00823171529918909, -0.10061080753803253, -0.8305681347846985, -0.096153125166893, -0.09723684936761856, -0.08193989843130112, -0.8355502486228943], [0.20497077703475952, 0.036817312240600586, -0.014339754357933998, -0.3750762939453125, -0.071390800178051, 0.9570661187171936, -0.7383421063423157, -0.13782444596290588], [-0.17394977807998657, 0.19441600143909454, 0.12982177734375, 0.08340708166360855, 0.47566187381744385, 0.3484371602535248, -0.0701737031340599, -0.2765968143939972], [0.10001518577337265, 0.1510152518749237, 0.9701496958732605, -0.19917669892311096, 0.5683088302612305, 0.1789005547761917, -0.13541197776794434, -0.2812836468219757], [-2.695006847381592, -0.008256813511252403, -0.10538198053836823, -1.7228505611419678, -0.32081830501556396, -0.09772256761789322, -0.09440135955810547, -2.8638551235198975], [0.3667469620704651, 0.039271850138902664, -0.014541344717144966, -0.7744624018669128, -0.07353568822145462, 2.0660037994384766, -0.9789233207702637, -0.15603046119213104], [-0.17688311636447906, 0.1974611133337021, 0.38507336378097534, 0.08529830724000931, 0.5386355519294739, 0.38303449749946594, -0.08060004562139511, -0.4147038757801056]]}