{"step": 86, "width": 8, "height": 8, "values": [[0.5167713761329651, 0.18789023160934448, -0.4615460932254791, -0.6998817920684814, 0.5123472809791565, 0.10487500578165054, -0.21234335005283356, -0.12865126132965088], [-0.9786528944969177, 0.494530588388443, -0.12937656044960022, -0.764922022819519, -0.27160921692848206, -0.11433213204145432, -0.6056448221206665, -0.8146281838417053], [0.57912677526474, -0.09994842857122421, 0.134571373462677, 0.11263720691204071, -0.20478031039237976, 0.2665524482727051, -0.6190022230148315, 0.3171481192111969], [-0.13737159967422485, 0.2542787194252014, 0.3003789782524109, 0.4199207127094269, 0.3383082151412964, 0.18227718770503998, -0.09273363649845123, -0.8682081699371338], [0.7100709676742554, 0.21488527953624725, -0.5666843056678772, -0.9257214665412903, 0.6450064778327942, 0.12313351780176163, -0.25864070653915405, -0.15862350165843964], [-2.5823142528533936, 0.543836236000061, -0.1360034942626953, -2.7173402309417725, -0.41181591153144836, -0.11536828428506851, -0.7276655435562134, -3.4534668922424316], [1.0960428714752197, -0.12565870583057404, 0.13861237466335297, 0.1801658719778061, -0.21869808435440063, 0.28085657954216003, -0.7705236077308655, 0.37426984310150146], [-0.13987591862678528, 0.2604782283306122, 0.5223191976547241, 0.4528205990791321, 0.4253644049167633, 0.30595120787620544, -0.10147159546613693, -1.7441070079803467]]}