{"step": 68, "width": 8, "height": 8, "values": [[0.09625409543514252, 0.13214869797229767, 0.44096511602401733, -0.23337821662425995, 0.467349112033844, 0.15482701361179352, -0.1046268567442894, -0.2707318961620331], [-0.9659677743911743, -0.03827488794922829, -0.102622389793396, -0.7687058448791504, -0.003384576179087162, -0.09297120571136475, -0.07261238992214203, -0.8113113641738892], [0.15963301062583923, 0.04324832931160927, -0.04204030707478523, -0.5429224967956543, 0.017521312460303307, 0.9023882150650024, -0.7520762085914612, -0.1703414022922516], [-0.1561107188463211, 0.1876978576183319, 0.19391049444675446, 0.1551763266324997, 0.4812287986278534, 0.13840408623218536, -0.06759291142225266, -0.42392587661743164], [0.11380469053983688, 0.14154714345932007, 0.635686457157135, -0.24889157712459564, 0.5531963109970093, 0.17798377573490143, -0.11134450137615204, -0.31443071365356445], [-3.440941572189331, -0.03894273191690445, -0.10717611014842987, -1.4371113777160645, -0.005887746810913086, -0.09351739287376404, -0.07347728312015533, -2.790541887283325], [0.6235755085945129, 0.08112160861492157, -0.050729282200336456, -0.7318861484527588, 0.0178116075694561, 1.563241720199585, -1.064056634902954, -0.17886006832122803], [-0.15868952870368958, 0.19084247946739197, 0.6471120715141296, 0.1585891991853714, 0.5838454961776733, 0.14673472940921783, -0.07737497240304947, -0.49954113364219666]]}