{"step": 51, "width": 8, "height": 8, "values": [[-0.11090633273124695, 0.30665379762649536, 0.5920321941375732, -0.1704195737838745, 0.3619372844696045, 0.10022523254156113, 0.06001581624150276, -0.22690413892269135], [-0.9338457584381104, 0.33292683959007263, -0.039718203246593475, -0.7054832577705383, -0.31599247455596924, -0.06758517771959305, -0.16883531212806702, -0.7613703012466431], [0.5281710028648376, 0.006596575956791639, 0.12082972377538681, -0.23585763573646545, -0.18517467379570007, -0.05849289521574974, -0.37583962082862854, 0.25350069999694824], [-0.12188177555799484, 0.13301332294940948, 0.14459677040576935, -0.23815684020519257, 0.41486042737960815, 0.06801247596740723, -0.06922957301139832, -0.33955124020576477], [-0.1255655735731125, 0.3590063750743866, 0.765763521194458, -0.1847202032804489, 0.41110044717788696, 0.11664595454931259, 0.07490941137075424, -0.324079692363739], [-2.7705256938934326, 0.34644433856010437, -0.04139605164527893, -1.925158977508545, -0.4146502614021301, -0.06798598915338516, -0.1709473729133606, -2.435594320297241], [0.7455607652664185, 0.011658561415970325, 0.13271816074848175, -0.36827677488327026, -0.23423980176448822, -0.0663345530629158, -0.4128020703792572, 0.28454744815826416], [-0.12342390418052673, 0.13417501747608185, 0.2049405574798584, -0.27857235074043274, 0.4844353199005127, 0.08702407032251358, -0.0746379941701889, -0.6885532736778259]]}