{"step": 22, "width": 8, "height": 8, "values": [[0.1023041158914566, 0.5771380066871643, 0.2829277515411377, -0.16097165644168854, 0.0441521592438221, 0.05551137402653694, -0.2376742660999298, -0.16390962898731232], [-0.7278960943222046, 0.2769986093044281, -0.00032998103415593505, -0.7099603414535522, -0.016393790021538734, -0.031632501631975174, -0.11442773789167404, -0.7553101181983948], [0.47266870737075806, -0.0005850494490005076, 0.00996849313378334, -0.4421617090702057, -0.10393126308917999, 0.7039502263069153, -0.7894867658615112, 0.21568915247917175], [-0.06191686540842056, 0.04524264484643936, 0.17138803005218506, -0.2528989613056183, 0.3003818690776825, 0.4551800489425659, -0.02941461093723774, -0.2637755870819092], [0.11154069751501083, 0.7432816624641418, 0.3390912115573883, -0.16929110884666443, 0.04674460366368294, 0.06037917733192444, -0.25674933195114136, -0.1950753629207611], [-0.9925099611282349, 0.2851134240627289, -0.00035660192952491343, -3.597179412841797, -0.057654280215501785, -0.03173907473683357, -0.11526496708393097, -1.6269569396972656], [0.7854321599006653, -0.000835978367831558, 0.010052800178527832, -0.7387974858283997, -0.10900524258613586, 0.9962546229362488, -1.1318304538726807, 0.2569502294063568], [-0.06241147965192795, 0.04547305032610893, 0.46206215023994446, -0.2756820321083069, 0.34720540046691895, 0.5324171185493469, -0.03248386085033417, -0.3699507713317871]]}