{"step": 6, "width": 8, "height": 8, "values": [[0.707983672618866, 0.5712562203407288, -0.15738238394260406, -0.5529108047485352, -0.17824260890483856, 0.024948760867118835, 0.07738775759935379, -0.07035702466964722], [-0.7232441306114197, 0.027858398854732513, 0.023242995142936707, -0.8134271502494812, -0.3904359042644501, -0.01986677199602127, 0.12254644930362701, -0.16100431978702545], [0.5753310918807983, 0.01125667616724968, -0.2054618000984192, -0.49448156356811523, 0.1559726446866989, 0.7435715794563293, -0.679720938205719, 0.31926536560058594], [-0.010273878462612629, 0.03249696269631386, 0.22553938627243042, -0.025323990732431412, 0.34425702691078186, 0.04320404678583145, -0.0025963173247873783, -0.514718770980835], [1.1580771207809448, 0.7168495059013367, -0.33898448944091797, -0.7398716807365417, -0.1841532289981842, 0.02975483052432537, 0.08160719275474548, -0.1069275438785553], [-0.9472143650054932, 0.028032874688506126, 0.02541285939514637, -2.6153979301452637, -0.4737952649593353, -0.01992953196167946, 0.15925045311450958, -0.18088708817958832], [1.500990390777588, 0.016029683873057365, -0.20974476635456085, -0.6989110112190247, 0.2336551398038864, 1.0391464233398438, -0.8328577280044556, 0.3473634123802185], [-0.010429867543280125, 0.03257378190755844, 0.3020680844783783, -0.02562541700899601, 0.433861643075943, 0.07016052305698395, -0.0028238955419510603, -0.649181067943573]]}