{"step": 85, "width": 8, "height": 8, "values": [[0.4666401445865631, 0.21703054010868073, -0.4800313115119934, -0.6474353671073914, 0.5555427074432373, 0.110831119120121, -0.057249654084444046, -0.05111631751060486], [-0.9685436487197876, 0.4976249933242798, -0.12985177338123322, -0.6170127391815186, 0.12053113430738449, -0.11071749031543732, -0.16144578158855438, -0.783437967300415], [0.5937713384628296, -0.08675284683704376, 0.09422324597835541, -0.22928744554519653, -0.2474890798330307, 0.19499653577804565, -0.030707282945513725, 0.3661414682865143], [-0.12916503846645355, 0.24892444908618927, 0.32785508036613464, -0.12707670032978058, 0.500529408454895, 0.13913245499134064, -0.08938813954591751, -0.9398464560508728], [0.6100578904151917, 0.2513079047203064, -0.7969910502433777, -0.797015368938446, 0.6684724688529968, 0.1274155229330063, -0.19283048808574677, -0.09030454605817795], [-2.3045928478240967, 0.8141824007034302, -0.13825082778930664, -2.4517414569854736, 0.14952121675014496, -0.11172769963741302, -0.5028756260871887, -3.3510191440582275], [1.2526578903198242, -0.15082871913909912, 0.09626302123069763, -0.32872021198272705, -0.2577282786369324, 0.20109862089157104, -0.03101995401084423, 0.45480644702911377], [-0.13179413974285126, 0.2549169063568115, 0.4581174850463867, -0.12917658686637878, 0.5866924524307251, 0.3230149447917938, -0.09762776643037796, -2.1932754516601562]]}