{"step": 34, "width": 8, "height": 8, "values": [[0.19750504195690155, 0.4530147910118103, -0.31973525881767273, -0.2868369221687317, 0.1901250034570694, 0.057714562863111496, 0.0011734259314835072, -0.17647428810596466], [-0.9531424045562744, 0.37537315487861633, -0.00910783838480711, -0.770223081111908, -0.31301549077033997, -0.04393399506807327, -0.39220017194747925, -0.8086969256401062], [0.6710513234138489, 0.16531279683113098, -0.04613494873046875, -0.40643802285194397, 0.28372642397880554, -0.0033396841026842594, -0.5328116416931152, 0.4855083227157593], [-0.0802169069647789, 0.06785332411527634, 0.20956829190254211, 0.15177378058433533, 0.35059359669685364, 0.005222764331847429, -0.048403289169073105, -0.615235447883606], [0.23214899003505707, 0.5565603971481323, -0.5060308575630188, -0.3596946895122528, 0.20250459015369415, 0.0719330832362175, 0.0013348046923056245, -0.2546166479587555], [-2.0636961460113525, 0.3970552384853363, -0.009817355312407017, -2.1800060272216797, -0.4306142330169678, -0.044203076511621475, -0.45162880420684814, -3.2124242782592773], [1.430485725402832, 0.2574060261249542, -0.046363022178411484, -0.5593419075012207, 0.3106757700443268, -0.003553487826138735, -0.5958153009414673, 0.6292959451675415], [-0.0812128558754921, 0.06814863532781601, 0.265438437461853, 0.15922001004219055, 0.4633619785308838, 0.010568475350737572, -0.052516765892505646, -1.3252240419387817]]}