{"step": 2, "width": 4, "height": 4, "values": [[0.13564002513885498, 0.3982265293598175, -0.9580340385437012, 0.9622420072555542], [-0.30743473768234253, 0.045588232576847076, -0.564487636089325, 0.805502712726593], [1.017272710800171, 0.46835100650787354, -2.4186389446258545, 2.035400390625], [-0.3198721408843994, 0.04779889062047005, -0.6394315361976624, 1.6990995407104492]]}