{"step": 32, "width": 4, "height": 4, "values": [[-0.3586498200893402, 0.7275013327598572, -0.39039820432662964, -0.9898495674133301], [0.9100295901298523, 0.07818131893873215, 0.6554809212684631, 0.8612385392189026], [-0.7466192841529846, 1.0594291687011719, -3.930959463119507, -3.84169340133667], [1.5735247135162354, 0.290609747171402, 0.7848791480064392, 3.936579942703247]]}