{"step": 19, "width": 4, "height": 4, "values": [[0.20579484105110168, -0.21599584817886353, -0.16081179678440094, 0.619866132736206], [0.07804905623197556, 0.012929309159517288, -0.9828923344612122, 0.7714760899543762], [0.2580101191997528, -0.6949292421340942, -0.9559632539749146, 0.7854360342025757], [0.0789923295378685, 0.06352891772985458, -2.3772530555725098, 1.1454899311065674]]}