{"step": 18, "width": 4, "height": 4, "values": [[0.20998170971870422, -0.21429742872714996, -0.16748826205730438, 0.6485224366188049], [0.07633008062839508, 0.026705091819167137, -0.9798066020011902, 0.7732690572738647], [0.2631700336933136, -0.6912250518798828, -0.9548771977424622, 0.8415340781211853], [0.07724158465862274, 0.12898841500282288, -2.2934210300445557, 1.149849534034729]]}