{"step": 40, "width": 4, "height": 4, "values": [[-0.48579075932502747, 0.1818847358226776, -0.7474662661552429, -0.9541434049606323], [0.9302486181259155, 0.6374810338020325, 0.9984930753707886, 0.41241538524627686], [-1.7237639427185059, 0.19175882637500763, -2.2685086727142334, -3.7886481285095215], [4.66262149810791, 2.934830665588379, 3.6056127548217773, 6.979766845703125]]}