{"step": 12, "width": 4, "height": 4, "values": [[0.4333413243293762, -0.5982399582862854, -0.2780917286872864, 0.4784521460533142], [0.01177816092967987, 0.3351118266582489, 0.6965292692184448, 0.7309916615486145], [1.3171138763427734, -0.8094404339790344, -0.5017573237419128, 0.532157838344574], [0.051141053438186646, 0.9069646000862122, 0.8607007265090942, 0.9961599707603455]]}