{"step": 37, "width": 4, "height": 4, "values": [[-0.45944416522979736, 0.792107105255127, -0.4213186204433441, -0.9873524904251099], [0.9905593395233154, 0.3049399256706238, 0.9789109230041504, 0.8512685894966125], [-1.0124813318252563, 1.2893695831298828, -6.884652137756348, -7.954917907714844], [3.47853946685791, 1.5116671323776245, 2.271313428878784, 8.318339347839355]]}