{"step": 9, "width": 4, "height": 4, "values": [[0.13695022463798523, 0.005495288409292698, -0.7371005415916443, 0.9697532653808594], [0.008668842725455761, -0.18574810028076172, -0.9948932528495789, 0.8909241557121277], [0.3174273371696472, 0.005974932108074427, -1.6679056882858276, 2.2184691429138184], [0.0087416497990489, -0.8179075717926025, -2.99143648147583, 1.81446373462677]]}