{"step": 10, "width": 4, "height": 4, "values": [[0.2590164840221405, 0.12252078950405121, -0.6365074515342712, 0.723552405834198], [0.15788763761520386, -0.03816353529691696, -0.9772233366966248, 0.7234259843826294], [0.4557749629020691, 0.1360699087381363, -0.945038914680481, 0.9412368535995483], [0.1595388650894165, -0.14028820395469666, -2.2325010299682617, 1.1833512783050537]]}