{"step": 35, "width": 4, "height": 4, "values": [[-0.4251714050769806, 0.7715022563934326, -0.41375282406806946, -0.9880140423774719], [0.9838417768478394, 0.2431057244539261, 0.8996196389198303, 0.8542617559432983], [-0.9197478294372559, 1.2080546617507935, -5.664576053619385, -6.302250385284424], [2.723814010620117, 0.9944135546684265, 1.4703342914581299, 6.568210601806641]]}