{"step": 11, "width": 4, "height": 4, "values": [[0.3614111542701721, -0.5141990780830383, -0.4021050035953522, 0.7713421583175659], [0.09711294621229172, -0.2548247277736664, -0.15750107169151306, 0.6649329662322998], [0.43567776679992676, -0.5750728249549866, -0.8121725916862488, 1.0561102628707886], [0.1069849282503128, -0.7103977799415588, -0.15882669389247894, 1.508449673652649]]}