{"step": 26, "width": 4, "height": 4, "values": [[0.280146986246109, -0.4073939025402069, -0.08070528507232666, -0.14393898844718933], [-0.07020530104637146, -0.0012301356764510274, -0.01884368062019348, 0.09334557503461838], [0.364175021648407, -0.5252079963684082, -0.3614572286605835, -0.16212622821331024], [-0.17831368744373322, -0.058501940220594406, -0.018846698105335236, 0.10060951113700867]]}