{"step": 1, "width": 4, "height": 4, "values": [[0.24828869104385376, 0.6878732442855835, -0.8883789777755737, 0.8475533127784729], [-0.2960580885410309, 0.013312156312167645, 0.17958712577819824, 0.7546760439872742], [0.686828076839447, 0.8688697814941406, -1.5016645193099976, 1.2620506286621094], [-0.3111971318721771, 0.01390406209975481, 0.1815616488456726, 1.281531810760498]]}