{"step": 21, "width": 4, "height": 4, "values": [[0.07052914798259735, -0.28704211115837097, 0.15829037129878998, 0.5090696811676025], [0.42378345131874084, -0.0013976407935842872, -0.7654669284820557, 0.5742359757423401], [0.07337623834609985, -0.41117754578590393, 0.4677775204181671, 0.63679039478302], [0.45535656809806824, -0.006761120166629553, -1.009299874305725, 0.7715950012207031]]}