{"step": 25, "width": 4, "height": 4, "values": [[0.6004328727722168, 0.024613436311483383, -0.04901420697569847, -0.5797062516212463], [-0.25841039419174194, 0.007617006078362465, -0.5451717972755432, 0.23395824432373047], [1.7874687910079956, 0.028123345226049423, -0.8136829137802124, -0.93660569190979], [-0.3785306513309479, 0.008630172349512577, -0.6114976406097412, 0.9422927498817444]]}