{"step": 31, "width": 4, "height": 4, "values": [[-0.348545104265213, 0.6896668672561646, -0.43429020047187805, -0.9897796511650085], [0.8240550756454468, 0.020146725699305534, 0.6715238094329834, 0.8891968131065369], [-0.7222854495048523, 0.9601038098335266, -3.362842559814453, -3.024228096008301], [1.1896482706069946, 0.08174068480730057, 0.813536524772644, 3.0518810749053955]]}