{"step": 4, "width": 4, "height": 4, "values": [[0.17333857715129852, 0.05764974281191826, -0.7778310775756836, 0.9819161295890808], [-0.16495372354984283, -0.08040393888950348, -0.9604031443595886, 0.9068506360054016], [0.3790665566921234, 0.06215350329875946, -1.93107271194458, 2.5426125526428223], [-0.16783849895000458, -0.28192955255508423, -1.951931118965149, 2.085157871246338]]}