{"step": 28, "width": 4, "height": 4, "values": [[0.012828453443944454, 0.3053697645664215, -0.7417493462562561, -0.7125838994979858], [0.630576491355896, -0.09290103614330292, 0.75661301612854, 0.5288988351821899], [0.03908589482307434, 0.31553494930267334, -0.9547805786132812, -0.8955942988395691], [0.7437346577644348, -0.09377540647983551, 0.9882619380950928, 1.0537258386611938]]}