{"step": 36, "width": 4, "height": 4, "values": [[-0.44510793685913086, 0.7835147380828857, -0.4188476502895355, -0.9876360297203064], [0.9884097576141357, 0.279430627822876, 0.9519621729850769, 0.852824330329895], [-0.9720038175582886, 1.2543046474456787, -6.275020599365234, -7.130434513092041], [3.103731155395508, 1.2495654821395874, 1.852537751197815, 7.444506645202637]]}