{"step": 30, "width": 4, "height": 4, "values": [[-0.12902775406837463, 0.5569707155227661, -0.8189252018928528, -0.9696166515350342], [0.7038523554801941, -0.04112766310572624, 0.7817492485046387, 0.7386376857757568], [-0.8457499146461487, 0.7056291103363037, -2.764815330505371, -2.165832757949829], [0.8830867409706116, -0.04391211271286011, 1.0498985052108765, 2.1824493408203125]]}