{"step": 24, "width": 4, "height": 4, "values": [[0.6930701732635498, -0.032240767031908035, -0.15395107865333557, -0.505263090133667], [-0.42523956298828125, -0.001022495562210679, 0.47247740626335144, 0.661224901676178], [1.906081199645996, -0.037061966955661774, -0.5063253045082092, -0.6260975003242493], [-0.4681548774242401, -0.0011151049984619021, 0.5132671594619751, 1.1654753684997559]]}