{"step": 38, "width": 4, "height": 4, "values": [[-0.5521639585494995, 0.8202414512634277, -0.5309767723083496, -0.9698376655578613], [0.9962339401245117, 0.31120312213897705, 0.9910902380943298, 0.7144891023635864], [-0.9512813091278076, 1.482330322265625, -2.0703225135803223, -5.326701641082764], [3.455442190170288, 1.572197437286377, 2.7051446437835693, 8.549691200256348]]}