{"step": 8, "width": 4, "height": 4, "values": [[0.13809795677661896, 0.003000790486112237, -0.7375204563140869, 0.9707544445991516], [-0.011078699491918087, -0.1750243604183197, -0.9935340881347656, 0.8910864591598511], [0.31819117069244385, 0.0032597461249679327, -1.6712113618850708, 2.239988088607788], [-0.011171914637088776, -0.7468037009239197, -2.871568202972412, 1.8182971477508545]]}