{"step": 41, "width": 4, "height": 4, "values": [[-0.52980637550354, 0.1817905157804489, -0.26030272245407104, -0.4926799535751343], [0.9941813349723816, 0.551412045955658, 0.9995554685592651, 0.2048046737909317], [-2.6502597332000732, 0.19954702258110046, -2.9310808181762695, -4.687700271606445], [4.538076877593994, 3.179007053375244, 4.22806978225708, 7.700096607208252]]}