{"step": 33, "width": 4, "height": 4, "values": [[-0.3782839775085449, 0.7439702749252319, -0.40128186345100403, -0.9890517592430115], [0.9533823728561401, 0.13970308005809784, 0.722739040851593, 0.8582245111465454], [-0.8017960786819458, 1.1122722625732422, -4.492293834686279, -4.656564712524414], [1.9581965208053589, 0.5141233205795288, 0.9133951663970947, 4.8156280517578125]]}