{"step": 27, "width": 4, "height": 4, "values": [[0.03329547867178917, -0.3277019262313843, -0.4271618127822876, -0.7379024624824524], [0.5742296576499939, -0.02785637602210045, 0.6412720084190369, 0.21746273338794708], [0.39226213097572327, -0.3436029851436615, -0.6377584934234619, -0.9655597805976868], [0.6565169095993042, -0.21387630701065063, 0.7603371143341064, 1.0102338790893555]]}