{"step": 20, "width": 4, "height": 4, "values": [[0.3505353629589081, -0.18240299820899963, -0.09353428333997726, 0.32213062047958374], [0.22852098941802979, -0.000866637856233865, -0.9386404752731323, 0.6457691788673401], [0.41386276483535767, -0.639315128326416, -0.31493714451789856, 0.3841013014316559], [0.2331973910331726, -0.00433792220428586, -1.726586937904358, 0.9311510324478149]]}