{"step": 22, "width": 4, "height": 4, "values": [[0.6578165888786316, 0.21224524080753326, 0.44533467292785645, 0.48906999826431274], [0.1616438627243042, 0.04402764141559601, -0.22626875340938568, 0.6961525082588196], [0.8741828799247742, 0.3698436915874481, 0.7473397850990295, 0.9793416857719421], [0.17381076514720917, 0.04440130293369293, -0.2302689403295517, 1.0196603536605835]]}