{"step": 17, "width": 4, "height": 4, "values": [[0.2164403647184372, -0.21165940165519714, -0.17694008350372314, 0.6889195442199707], [0.0760108232498169, 0.04552162438631058, -0.9744912981987, 0.7759464383125305], [0.2711278796195984, -0.684832751750946, -0.9534968733787537, 0.928954005241394], [0.07691172510385513, 0.2155766785144806, -2.175086259841919, 1.1565864086151123]]}