{"step": 23, "width": 4, "height": 4, "values": [[0.44746434688568115, 0.10613957047462463, -0.06854330748319626, -0.33670559525489807], [0.09443490207195282, 0.03681636601686478, -0.4980441629886627, 0.25307437777519226], [1.0330125093460083, 0.129751056432724, -0.33159857988357544, -0.8499085307121277], [0.1294773370027542, 0.03925212845206261, -0.5467174053192139, 0.956099808216095]]}