{"step": 0, "width": 4, "height": 4, "values": [[0.09855719655752182, 0.5535579919815063, -0.5791245102882385, 0.5297767519950867], [-0.1793852001428604, -0.01710064522922039, 0.7221776247024536, 0.5466533303260803], [0.33824628591537476, 0.623744010925293, -0.661226212978363, 0.5922850370407104], [-0.18157564103603363, -0.017190897837281227, 0.9122098684310913, 0.9957107901573181]]}