{"step": 3, "width": 4, "height": 4, "values": [[0.24068006873130798, 0.22169174253940582, -0.8055245876312256, 0.9812363982200623], [-0.23114416003227234, -0.029726415872573853, -0.890102207660675, 0.9092146754264832], [0.5352982878684998, 0.2436354011297226, -2.2292397022247314, 2.477266550064087], [-0.23727799952030182, -0.10167379677295685, -1.4226607084274292, 2.0930089950561523]]}