{"step": 39, "width": 4, "height": 4, "values": [[-0.6197566390037537, 0.7326580286026001, -0.2152525931596756, -0.97909015417099], [0.9119566082954407, 0.42943528294563293, 0.9921786785125732, 0.5302420258522034], [-0.8133420944213867, 0.949925422668457, -2.0105600357055664, -5.292572021484375], [4.281919479370117, 2.3623125553131104, 2.7705650329589844, 9.308845520019531]]}