{"step": 29, "width": 4, "height": 4, "values": [[0.014192282222211361, 0.663798451423645, -0.8630297183990479, -0.8917746543884277], [0.6321478486061096, -0.06539920717477798, 0.7114551067352295, 0.7362064719200134], [0.035542432218790054, 0.8216092586517334, -1.831158995628357, -1.4508014917373657], [0.7620163559913635, -0.06950873881578445, 0.8901521563529968, 1.4582592248916626]]}