{"step": 16, "width": 4, "height": 4, "values": [[0.22764743864536285, -0.20740821957588196, -0.19015954434871674, 0.7413684725761414], [0.0782417580485344, 0.07109048962593079, -0.9639815092086792, 0.7797722220420837], [0.28485172986984253, -0.6714767217636108, -0.9523488879203796, 1.061777114868164], [0.07917019724845886, 0.3302563428878784, -1.9997320175170898, 1.166448950767517]]}