{"step": 42, "width": 4, "height": 4, "values": [[-0.5408293604850769, 0.09363458305597305, -0.4546952247619629, -0.9050548076629639], [0.9940928816795349, 0.9415229558944702, 0.9993271827697754, 0.8318331241607666], [-3.3693606853485107, 0.39608412981033325, -3.507572889328003, -5.3014445304870605], [4.624413013458252, 3.1630265712738037, 4.00709867477417, 6.656520366668701]]}