{"step": 15, "width": 4, "height": 4, "values": [[0.25413182377815247, -0.1972322165966034, -0.21162967383861542, 0.7997012734413147], [0.0842728540301323, 0.10482460260391235, -0.9379474520683289, 0.7848291993141174], [0.3170366883277893, -0.6283632516860962, -0.9521768093109131, 1.244989275932312], [0.08528731763362885, 0.47970354557037354, -1.7208927869796753, 1.1785448789596558]]}