{"step": 13, "width": 4, "height": 4, "values": [[0.5132045745849609, -0.0741078108549118, -0.26645031571388245, 0.7504730224609375], [0.08995513617992401, 0.17377853393554688, -0.3733026087284088, 0.7720956802368164], [0.6523712277412415, -0.21837326884269714, -1.0144153833389282, 1.0977004766464233], [0.09127786010503769, 0.780406653881073, -0.39226067066192627, 1.1005971431732178]]}