{"step": 5, "width": 4, "height": 4, "values": [[0.1494746059179306, 0.0028228003066033125, -0.7509543299674988, 0.9787520170211792], [-0.11152143031358719, -0.1156945750117302, -0.9798003435134888, 0.900740921497345], [0.3337145745754242, 0.00305002904497087, -1.7720177173614502, 2.444704055786133], [-0.11291942000389099, -0.43538931012153625, -2.294433116912842, 1.961125373840332]]}