{"step": 6, "width": 4, "height": 4, "values": [[0.14255400002002716, -0.003839790588244796, -0.7416135668754578, 0.9751124978065491], [-0.06933249533176422, -0.14181391894817352, -0.9874656200408936, 0.8951455950737], [0.3224799931049347, -0.004159203730523586, -1.7067639827728271, 2.344482183456421], [-0.07002588361501694, -0.560042679309845, -2.5362160205841064, 1.874194860458374]]}