{"step": 7, "width": 4, "height": 4, "values": [[0.13973058760166168, -0.0005855690687894821, -0.738596498966217, 0.9724462628364563], [-0.03652602434158325, -0.16086602210998535, -0.991326630115509, 0.8921634554862976], [0.3194085955619812, -0.0006353366770781577, -1.6809868812561035, 2.2784957885742188], [-0.03684845194220543, -0.6620422005653381, -2.7226810455322266, 1.8334094285964966]]}