{"step": 14, "width": 4, "height": 4, "values": [[0.33841174840927124, -0.14986483752727509, -0.2567853033542633, 0.8357205390930176], [0.0932837724685669, 0.14548154175281525, -0.8440338373184204, 0.7872129678726196], [0.4195408821105957, -0.45109736919403076, -0.9587164521217346, 1.3882826566696167], [0.09449151158332825, 0.6528390049934387, -1.2350852489471436, 1.1711230278015137]]}