{"step": 34, "width": 4, "height": 4, "values": [[-0.40146419405937195, 0.7575545310974121, -0.40649527311325073, -0.9885458946228027], [0.974093496799469, 0.19562393426895142, 0.8172661066055298, 0.8556795716285706], [-0.8606151938438416, 1.1579352617263794, -5.067270278930664, -5.476312160491943], [2.3415305614471436, 0.7486045360565186, 1.1485902070999146, 5.691807746887207]]}