{"step": 33, "width": 8, "height": 8, "values": [[0.45338529348373413, 0.9621509313583374, -0.07602012902498245, 0.1950770765542984, -0.7364745736122131, -0.9474011063575745, -0.3051203191280365, -0.21230535209178925], [0.8106587529182434, 0.09086160361766815, 0.04054759442806244, -0.202773779630661, 0.1880849450826645, -0.1261131912469864, 0.3960105776786804, -0.20435801148414612], [-0.8362098336219788, 0.02525625005364418, -0.5729520320892334, -0.09007872641086578, 0.18759785592556, -0.019836561754345894, 0.35569122433662415, 0.5250405073165894], [0.013102909550070763, -0.1543811410665512, 0.5332884788513184, -0.029255088418722153, 0.22305822372436523, -0.9570195078849792, -0.07785654813051224, 0.45021331310272217], [0.5021834373474121, 3.017855167388916, -0.4646223783493042, 0.26827412843704224, -0.9568148255348206, -2.751258134841919, -0.3385089039802551, -0.4633975923061371], [1.160001277923584, 0.23979555070400238, 0.20435301959514618, -0.29046767950057983, 0.20113778114318848, -0.12695106863975525, 0.6063736081123352, -0.23247432708740234], [-1.9199155569076538, 0.37744781374931335, -0.6686842441558838, -0.09187676757574081, 0.2428257018327713, -0.28752219676971436, 0.5390384793281555, 0.6001799702644348], [0.013496859930455685, -0.158670112490654, 0.7002636194229126, -0.06457165628671646, 0.2699316740036011, -3.4846532344818115, -0.08134973794221878, 0.501444399356842]]}