{"step": 21, "width": 8, "height": 8, "values": [[0.7704216241836548, 0.6950428485870361, -0.09130754321813583, -0.09534227102994919, -0.09565980732440948, -0.020853446796536446, -0.3540230989456177, -0.14721255004405975], [0.03824559971690178, -0.42072102427482605, 0.1298712193965912, 0.7754174470901489, -0.7718183994293213, -0.07789440453052521, 0.2252950370311737, -0.25421419739723206], [0.08337276428937912, -0.004135768860578537, 0.05159974843263626, 0.18704597651958466, 0.11481444537639618, 0.24403730034828186, 0.017824824899435043, 0.6983906030654907], [0.04209765046834946, 0.07231000810861588, 0.18939049541950226, 0.08175493776798248, 0.2855047583580017, -0.12570160627365112, -0.02700219303369522, -0.048192352056503296], [1.8897311687469482, 0.94617760181427, -0.18756714463233948, -0.10432267934083939, -0.09691561013460159, -0.025367414578795433, -0.376115620136261, -0.2803576588630676], [0.04149051383137703, -0.4580284059047699, 0.16600270569324493, 1.363409161567688, -1.1021358966827393, -0.07821591943502426, 0.4059446156024933, -0.29676470160484314], [0.10243676602840424, -0.006776260212063789, 0.051892220973968506, 0.21752852201461792, 0.35697126388549805, 0.860775887966156, 0.018765630200505257, 0.8964725732803345], [0.043002594262361526, 0.07268211245536804, 0.22465214133262634, 0.08666791021823883, 0.3626789450645447, -0.16729554533958435, -0.02815808169543743, -0.058733776211738586]]}