{"step": 30, "width": 8, "height": 8, "values": [[0.9024358987808228, 0.9434077739715576, -0.25795984268188477, -0.021398603916168213, -0.7360065579414368, -0.9109905958175659, -0.40947234630584717, -0.22334083914756775], [0.7825871706008911, -0.04298284649848938, 0.044228363782167435, 0.09433237463235855, -0.48449885845184326, -0.11639612913131714, 0.5523489117622375, 0.035194844007492065], [-0.8486607670783997, -0.012319301255047321, -0.6816938519477844, 0.5697491765022278, -0.16185089945793152, -0.058609019964933395, -0.03977060317993164, 0.4920107424259186], [0.04233027249574661, -0.11592705547809601, 0.4817979335784912, 0.009819631464779377, 0.2138291895389557, -0.9080992341041565, -0.07146833837032318, 0.5717923045158386], [1.8689556121826172, 2.7823240756988525, -0.5830108523368835, -0.022403912618756294, -0.9484918713569641, -1.9987236261367798, -0.44261905550956726, -0.5376927852630615], [1.0813454389572144, -0.04339093342423439, 0.18820643424987793, 0.11059670895338058, -0.5515653491020203, -0.11707772314548492, 0.6640118956565857, 0.03838267922401428], [-1.6043206453323364, -0.15506945550441742, -0.8524844646453857, 0.6784021854400635, -0.35416990518569946, -0.6117997765541077, -0.1150231808423996, 0.5477514266967773], [0.043663740158081055, -0.11790750175714493, 0.5962075591087341, 0.02044285647571087, 0.2582344710826874, -2.346595287322998, -0.07330197095870972, 1.01824951171875]]}