{"step": 42, "width": 8, "height": 8, "values": [[-0.04665927588939667, 0.2458912581205368, 0.22420057654380798, -0.38862156867980957, 0.4211953580379486, -0.12042879313230515, 0.8945269584655762, -0.5491195917129517], [-0.8701655268669128, 0.6074762940406799, 0.2441398799419403, -0.26988252997398376, -0.02348821423947811, -0.18159639835357666, 0.5324366092681885, -0.45674675703048706], [0.33772027492523193, 0.7310274839401245, 0.7025143504142761, 0.043910957872867584, 0.5444648861885071, 0.025126127526164055, -0.7615305781364441, 0.8604013323783875], [-0.037148598581552505, -0.16436834633350372, 0.6005740761756897, 0.19806021451950073, -0.0731172114610672, -0.02068433165550232, -0.06643187999725342, -0.20219790935516357], [-0.2258608341217041, 0.549026370048523, 0.7825539708137512, -1.2848048210144043, 0.5638986229896545, -1.2502450942993164, 1.452133297920227, -0.7418081164360046], [-1.386122465133667, 0.7050154805183411, 0.2736433148384094, -1.7106988430023193, -0.028710270300507545, -0.1849423497915268, 0.9148420095443726, -2.6155176162719727], [0.6745153069496155, 0.9397794604301453, 0.8965723514556885, 0.09651653468608856, 0.6116175055503845, 0.25850072503089905, -1.002050757408142, 1.4274320602416992], [-0.03829469159245491, -0.16636475920677185, 1.1481484174728394, 0.2628767192363739, -0.11529962718486786, -0.6448037028312683, -0.0680379718542099, -1.5587776899337769]]}