{"step": 15, "width": 8, "height": 8, "values": [[0.17822988331317902, 0.6428968906402588, 0.05222160741686821, 0.018413366749882698, -0.016534550115466118, 0.1447579562664032, -0.07017543911933899, -0.20678558945655823], [0.084169901907444, -0.10797334462404251, 0.12272381037473679, 0.5660794973373413, -0.25071755051612854, -0.06289396435022354, 0.05368044972419739, -0.4496877193450928], [0.09807734936475754, 0.09574197232723236, -0.10409557074308395, -0.7990870475769043, -0.01815726049244404, 0.8086491823196411, 0.14946939051151276, 0.5156776309013367], [0.010770341381430626, 0.03515549749135971, 0.22747965157032013, 0.30483782291412354, 0.5987842679023743, 0.10497746616601944, -0.01886794902384281, -0.19750763475894928], [0.20403315126895905, 0.8308205604553223, 0.1022426038980484, 0.018610911443829536, -0.016875671222805977, 0.15675058960914612, -0.07156754285097122, -0.3594167232513428], [0.09250151365995407, -0.25119748711586, 0.14481468498706818, 1.0127031803131104, -0.2713451385498047, -0.06310363113880157, 0.5235467553138733, -0.5832126140594482], [0.3027254343032837, 0.434187650680542, -0.10458778589963913, -1.2085448503494263, -0.02819652669131756, 2.2640748023986816, 0.15595977008342743, 0.6028348207473755], [0.011028376407921314, 0.03525261580944061, 0.34979844093322754, 0.3270286023616791, 0.7309985756874084, 0.14082425832748413, -0.020365050062537193, -0.20994189381599426]]}