{"step": 18, "width": 8, "height": 8, "values": [[0.6175838112831116, 0.6872865557670593, -0.16519613564014435, -0.09402713924646378, -0.028541281819343567, 0.09106943011283875, -0.16215883195400238, -0.21122407913208008], [0.22337706387043, -0.24840058386325836, 0.1252710372209549, 0.7290862202644348, -0.7456673383712769, -0.07071395963430405, 0.04801115766167641, -0.28828102350234985], [0.5533872246742249, 0.019644329324364662, 0.061469998210668564, -0.368050754070282, 0.10387957096099854, 0.47098246216773987, -0.01103729847818613, 0.6480692028999329], [0.047548528760671616, 0.05072098970413208, 0.1489737629890442, 0.2336490899324417, 0.389385461807251, 0.3222188353538513, -0.02006089873611927, -0.08435176312923431], [0.9206916689872742, 0.9017992615699768, -0.2682887017726898, -0.10046902298927307, -0.029158400371670723, 0.11160599440336227, -0.1650337278842926, -0.3784061372280121], [0.24585530161857605, -0.2586245536804199, 0.1563059240579605, 1.3842661380767822, -1.0457221269607544, -0.07102195173501968, 0.05727376043796539, -0.3440260589122772], [0.7893490791320801, 0.028652844950556755, 0.06166667863726616, -0.436667799949646, 0.235787034034729, 0.6914851665496826, -0.011389470659196377, 0.8036467432975769], [0.04844008386135101, 0.050907377153635025, 0.17926889657974243, 0.24948853254318237, 0.5501854419708252, 0.6009489297866821, -0.021312372758984566, -0.10067135840654373]]}