{"step": 43, "width": 8, "height": 8, "values": [[0.08826688677072525, 0.35652682185173035, 0.012664887122809887, -0.6619565486907959, 0.17816612124443054, -0.10754873603582382, 0.48939552903175354, -0.5443829894065857], [-0.9808141589164734, 0.9099145531654358, 0.26500293612480164, -0.0720611959695816, -0.2299855351448059, -0.1819612681865692, 0.7385695576667786, -0.4394909143447876], [0.20542676746845245, 0.05748152360320091, 0.2245165854692459, -0.005436346400529146, 0.05609399825334549, 0.24398775398731232, -0.7632495164871216, 0.8653528690338135], [-0.030541488900780678, -0.16331103444099426, 0.6348140835762024, 0.05919378250837326, 0.05404209345579147, -0.004578981548547745, -0.06734688580036163, -0.02608676068484783], [0.2795760929584503, 0.563566267490387, 0.06260670721530914, -1.2028878927230835, 0.41622471809387207, -0.9454171061515808, 1.2874301671981812, -0.895511269569397], [-2.3451061248779297, 1.531771183013916, 0.275199294090271, -0.7080102562904358, -0.3038350045681, -0.1852668821811676, 1.005781650543213, -2.2092645168304443], [0.9960799813270569, 0.5983761548995972, 0.250011146068573, -0.031078707426786423, 0.1946192979812622, 0.28052380681037903, -1.0051666498184204, 1.8979604244232178], [-0.03227563947439194, -0.16480955481529236, 0.8455137610435486, 0.10760356485843658, 0.0995769053697586, -0.04988724738359451, -0.06875815987586975, -0.24326778948307037]]}