{"step": 38, "width": 8, "height": 8, "values": [[-0.18651962280273438, 0.46173524856567383, 0.8672515749931335, -0.3191312849521637, 0.5725410580635071, -0.7052309513092041, -0.5805820822715759, -0.703334629535675], [-0.5545257329940796, 0.47535863518714905, 0.24305622279644012, -0.22323685884475708, -0.6782666444778442, -0.17839159071445465, 0.06778489053249359, -0.581829845905304], [-0.9329953193664551, -0.6108077168464661, 0.7993466258049011, 0.21125879883766174, -0.887593686580658, 0.000464179232949391, -0.5386520624160767, 0.7100189328193665], [-0.016032114624977112, -0.17935854196548462, 0.26608142256736755, 0.10371038317680359, -0.14186754822731018, -0.7079060077667236, -0.05840171128511429, 0.13937495648860931], [-0.29348066449165344, 0.9600561857223511, 1.324203610420227, -0.3704270124435425, 0.6610144972801208, -1.7924723625183105, -0.6736183166503906, -0.9042456150054932], [-0.65371173620224, 0.5170785188674927, 0.2853430211544037, -0.508582592010498, -1.2905378341674805, -0.18347899615764618, 0.08177309483289719, -2.1639480590820312], [-2.885261297225952, -1.3416788578033447, 1.2719777822494507, 0.2782083749771118, -1.4105676412582397, 0.7894325256347656, -0.762269139289856, 0.8904209136962891], [-0.016185887157917023, -0.18561029434204102, 0.3863649070262909, 0.25110670924186707, -0.16269339621067047, -1.8976925611495972, -0.059565890580415726, 1.0607008934020996]]}