{"step": 36, "width": 8, "height": 8, "values": [[-0.597034752368927, 0.931128203868866, -0.5190410614013672, -0.00010483377991477028, -0.509876549243927, -0.9574865102767944, -0.19060267508029938, -0.3837920129299164], [0.7744989395141602, 0.13549809157848358, 0.05528320372104645, -0.23625695705413818, 0.05594305321574211, -0.14515909552574158, 0.005185674875974655, -0.7367149591445923], [-0.952619194984436, -0.03195616602897644, -0.4990009069442749, -0.08947908878326416, -0.48131993412971497, -0.25027307868003845, 0.42399483919143677, 0.015041448175907135], [-0.0042589446529746056, -0.18257106840610504, 0.5023511052131653, 0.032342374324798584, 0.41450273990631104, -0.9715532660484314, -0.06160980463027954, 0.22519676387310028], [-0.7004891633987427, 2.154381275177002, -1.1678252220153809, -0.00010807313083205372, -0.5692395567893982, -2.90248966217041, -0.30230218172073364, -0.8072498440742493], [1.053643822669983, 0.5155438184738159, 0.2294142246246338, -0.5668003559112549, 0.06584569811820984, -0.1465587466955185, 0.021804938092827797, -1.1941053867340088], [-2.8603808879852295, -0.17270292341709137, -0.5541442632675171, -0.09335421770811081, -0.5438546538352966, -0.6054328680038452, 0.5115129947662354, 0.015554497018456459], [-0.004351419862359762, -0.1855546534061432, 0.6873928308486938, 0.07132087647914886, 0.49559059739112854, -3.7956950664520264, -0.06583287566900253, 0.23571166396141052]]}