{"step": 6, "width": 8, "height": 8, "values": [[0.3511617183685303, 0.49682414531707764, -0.39372140169143677, -0.6645449995994568, -0.015031945891678333, 0.01169089786708355, -0.039925962686538696, -0.32661399245262146], [0.15492311120033264, 0.24519504606723785, 0.02285449393093586, -0.4958737790584564, 0.11454480141401291, -0.043909378349781036, -0.7165943384170532, -0.16149193048477173], [0.4458978474140167, -0.07949255406856537, -0.17609578371047974, -0.13738347589969635, 0.022760111838579178, 0.5934035778045654, -0.5096060037612915, -0.12813492119312286], [-0.06863757967948914, 0.011986608617007732, 0.45072391629219055, -0.10632718354463577, 0.22156456112861633, 0.04741066321730614, -0.010739516466856003, 0.3917132616043091], [0.39360305666923523, 0.5957933664321899, -0.8249256014823914, -0.8290212154388428, -0.015426082536578178, 0.013120551593601704, -0.04321393370628357, -0.4503803253173828], [0.15726996958255768, 0.2667565941810608, 0.032615695148706436, -0.9395821690559387, 0.17422640323638916, -0.04420757293701172, -0.9135186076164246, -0.18553310632705688], [0.5853639841079712, -0.14946626126766205, -0.20670028030872345, -0.14544685184955597, 0.022815480828285217, 0.684924840927124, -0.6088619232177734, -0.13446640968322754], [-0.07066754251718521, 0.012026066891849041, 0.8841842412948608, -0.11329717189073563, 0.40526941418647766, 0.055196620523929596, -0.01192405540496111, 0.42487025260925293]]}