{"step": 8, "width": 8, "height": 8, "values": [[0.005614164285361767, 0.6156784892082214, -0.4411756992340088, -0.37532106041908264, -0.010847183875739574, 0.06352931261062622, -0.0022424638736993074, -0.18052168190479279], [-0.11893510818481445, 0.1993374228477478, 0.0328533798456192, -0.30287569761276245, -0.19421939551830292, -0.04586028680205345, 0.3646915853023529, -0.20753346383571625], [0.6784091591835022, 0.1254686415195465, 0.10041188448667526, -0.483804315328598, 0.32553571462631226, 0.30256304144859314, 0.4058794677257538, 0.04649343341588974], [-0.052767474204301834, 0.015366594307124615, 0.2123773843050003, -0.00549724604934454, 0.46070626378059387, 0.05301249399781227, -0.012147843837738037, 0.2768910527229309], [0.005909536965191364, 0.7873045206069946, -0.5899987816810608, -0.5730657577514648, -0.011408577673137188, 0.07203271985054016, -0.0024812950287014246, -0.2965208888053894], [-0.12208768725395203, 0.2136511653661728, 0.0371643602848053, -0.6935054063796997, -0.2535599172115326, -0.04614429920911789, 0.5517990589141846, -0.24150176346302032], [1.266797423362732, 0.2624344825744629, 0.10088901221752167, -0.5870601534843445, 0.47588106989860535, 0.4800180494785309, 0.4511135220527649, 0.05907485634088516], [-0.05351562052965164, 0.015420172363519669, 0.25139451026916504, -0.005834031850099564, 0.5637825131416321, 0.07443534582853317, -0.013494163751602173, 0.304605633020401]]}