{"step": 2, "width": 8, "height": 8, "values": [[0.46899136900901794, 0.07766217738389969, 0.3929937481880188, -0.054810523986816406, 0.00703204283490777, 0.0957692563533783, -0.1027795672416687, -0.17554882168769836], [-0.051857221871614456, -0.03491603955626488, 0.017078163102269173, -0.3421346843242645, -0.13101045787334442, -0.01714080385863781, -0.2397868037223816, -0.12116602808237076], [-0.004346148576587439, -0.035057514905929565, -0.2103409469127655, 0.06207537651062012, -0.014715660363435745, 0.6791238784790039, -0.5782166123390198, -0.11447440087795258], [-0.033211175352334976, 0.007098761852830648, 0.4379863142967224, -0.022606084123253822, 0.1823934018611908, -0.3583284616470337, -0.0042139808647334576, 0.3535390794277191], [0.6185887455940247, 0.08663791418075562, 0.45722246170043945, -0.0571100227534771, 0.007143061142414808, 0.10919453203678131, -0.1134551465511322, -0.21648608148097992], [-0.05317896232008934, -0.03507506847381592, 0.020495079457759857, -0.39727064967155457, -0.3165144622325897, -0.017195215448737144, -0.24614959955215454, -0.140540212392807], [-0.005014088936150074, -0.038648687303066254, -0.24677011370658875, 0.07606741786003113, -0.015027736313641071, 0.8812406659126282, -0.7690207958221436, -0.12016157060861588], [-0.03373442590236664, 0.007178588770329952, 0.782569944858551, -0.027314241975545883, 0.21646124124526978, -0.3837767243385315, -0.004552887286990881, 0.528643012046814]]}