{"step": 37, "width": 8, "height": 8, "values": [[-0.7141576409339905, 0.7424606680870056, 0.5028300881385803, -0.4492214024066925, 0.43171218037605286, -0.8625736236572266, -0.6826359629631042, -0.6564298868179321], [-0.11022605746984482, 0.6208609938621521, 0.1338614821434021, -0.09936624020338058, -0.5364974737167358, -0.17643330991268158, 0.0737425833940506, -0.7464351654052734], [-0.9914551973342896, -0.4335387647151947, 0.5777908563613892, 0.34425923228263855, -0.8000186681747437, 0.008796760812401772, -0.599892258644104, 0.5645490884780884], [-0.009947696700692177, -0.1761212944984436, 0.5310482978820801, 0.1992504894733429, 0.07509436458349228, -0.9460858106613159, -0.05778433009982109, 0.5205754637718201], [-0.977721095085144, 1.466625690460205, 0.554341197013855, -0.5438845157623291, 0.4647604823112488, -2.466047763824463, -0.8552743196487427, -0.8158721327781677], [-0.11249237507581711, 0.7285116314888, 0.2770152688026428, -0.45025405287742615, -0.8306079506874084, -0.18042923510074615, 0.08067283779382706, -1.8082300424575806], [-3.113266706466675, -0.8435176014900208, 0.866887092590332, 0.41733744740486145, -1.098847508430481, 0.5028510689735413, -0.9186867475509644, 0.6409285664558411], [-0.010092387907207012, -0.18665865063667297, 0.8627186417579651, 0.5441568493843079, 0.09556231647729874, -3.5432980060577393, -0.05966551601886749, 1.0815048217773438]]}