{"step": 40, "width": 8, "height": 8, "values": [[-0.17412662506103516, 0.6255851984024048, 0.6771360039710999, -0.5888645648956299, 0.46701499819755554, -0.8613268733024597, 0.6849077343940735, -0.49558162689208984], [-0.9512537121772766, 0.6944535970687866, 0.23657166957855225, -0.584968090057373, 0.16721978783607483, -0.18081508576869965, 0.03779757395386696, -0.6212451457977295], [-0.14630115032196045, -0.008288295939564705, 0.3312061131000519, -0.6825306415557861, -0.007909107021987438, -0.045973487198352814, -0.2656683921813965, 0.8497347235679626], [-0.03164643421769142, -0.18476925790309906, 0.36207759380340576, 0.09550600498914719, -0.4373052418231964, -0.22743472456932068, -0.05906657502055168, -0.5549963712692261], [-0.23060621321201324, 0.8452463746070862, 1.2210336923599243, -0.7138684391975403, 0.6723553538322449, -1.6643253564834595, 0.9505295753479004, -0.8721696138381958], [-1.9650709629058838, 1.0910319089889526, 0.2760924994945526, -1.2766591310501099, 0.2156590223312378, -0.1839553266763687, 0.15065938234329224, -1.9121025800704956], [-0.5012940168380737, -0.07669760286808014, 0.34451472759246826, -0.9238808155059814, -0.008979052305221558, -0.38170069456100464, -0.2775462567806244, 1.4163521528244019], [-0.03218011185526848, -0.18729878962039948, 0.4596775472164154, 0.16371431946754456, -0.4980714023113251, -1.2570223808288574, -0.06267337501049042, -0.8538293242454529]]}