{"step": 23, "width": 8, "height": 8, "values": [[0.6997804641723633, 0.907654345035553, -0.13389275968074799, -0.4394467771053314, -0.15204322338104248, -0.04749339818954468, 0.12715685367584229, -0.11811637878417969], [0.5859495997428894, -0.04868754372000694, 0.10032400488853455, 0.6460182666778564, -0.13072337210178375, -0.08215710520744324, 0.15093617141246796, 0.05255674943327904], [-0.2594093382358551, 0.028028400614857674, -0.3137678802013397, -0.4370470345020294, 0.46227896213531494, -0.0336667075753212, 0.22218048572540283, 0.8339701890945435], [0.07012959569692612, 0.047709736973047256, 0.45643115043640137, -0.06020219251513481, 0.3213712275028229, -0.3663603663444519, -0.02402467653155327, -0.28834712505340576], [2.4117181301116943, 1.7127559185028076, -0.525346577167511, -0.5282421112060547, -0.15536203980445862, -0.05851776897907257, 0.12919259071350098, -0.30500176548957825], [0.6982129812240601, -0.06746674329042435, 0.16442902386188507, 1.3924932479858398, -0.14169104397296906, -0.08273988217115402, 0.1750212162733078, 0.0618952251970768], [-0.34619539976119995, 0.31693705916404724, -0.32773709297180176, -0.4882808327674866, 0.7197486758232117, -0.054012589156627655, 0.24135659635066986, 1.318123459815979], [0.07271699607372284, 0.04810137674212456, 0.5425413250923157, -0.06865432858467102, 0.451116144657135, -0.6049880981445312, -0.02538980543613434, -0.36442407965660095]]}