{"step": 41, "width": 8, "height": 8, "values": [[0.1277310699224472, 0.5930464267730713, 0.6472961902618408, -0.8679124712944031, 0.4109075665473938, -0.7681353092193604, 0.6159662008285522, -0.6039592623710632], [-0.9913017153739929, 0.7631956338882446, 0.2501848042011261, -0.7972779273986816, 0.3102165758609772, -0.18091987073421478, -0.6423922777175903, -0.7360145449638367], [0.02415481023490429, -0.00373268174007535, 0.14641234278678894, -0.3813971281051636, 0.011859732680022717, 0.19526731967926025, -0.8068757057189941, 0.8696749210357666], [-0.03682676702737808, -0.17433634400367737, 0.48020070791244507, 0.16262952983379364, -0.21215173602104187, -0.32169103622436523, -0.06194020435214043, -0.7369700074195862], [0.20241999626159668, 0.7390995025634766, 1.2737162113189697, -1.4371795654296875, 0.6553951501846313, -1.6361613273620605, 0.757172167301178, -0.7881865501403809], [-2.8280138969421387, 1.0081959962844849, 0.2796994745731354, -1.8665343523025513, 0.47069090604782104, -0.18480901420116425, -0.8152849078178406, -2.2230093479156494], [0.07816806435585022, -0.020198915153741837, 0.17411170899868011, -0.4513329267501831, 0.011965683661401272, 0.2252303957939148, -1.1569194793701172, 1.363236904144287], [-0.0374496728181839, -0.1763499677181244, 0.8939771056175232, 0.17525506019592285, -0.3493536412715912, -0.8375583291053772, -0.06680469214916229, -1.2257641553878784]]}