{"step": 24, "width": 8, "height": 8, "values": [[0.6755775213241577, 0.8870783448219299, -0.12780003249645233, -0.3633114695549011, -0.16570523381233215, -0.08132120221853256, 0.07945147156715393, -0.2637987434864044], [0.28982284665107727, -0.19976294040679932, 0.11540648341178894, 0.6653133630752563, -0.3542875349521637, -0.08783520758152008, -0.5227739810943604, 0.25145381689071655], [-0.6402899026870728, 0.2042056769132614, -0.20657414197921753, 0.18291792273521423, 0.738886296749115, -0.4696214199066162, -0.3984752297401428, 0.8263947367668152], [0.07173764705657959, 0.05165689438581467, 0.506246030330658, 0.32962891459465027, 0.20298011600971222, -0.4943050742149353, -0.024897636845707893, 0.31624799966812134], [2.7360615730285645, 1.7980207204818726, -0.17758579552173615, -0.4488423764705658, -0.16862860321998596, -0.10522358119487762, 0.07978832721710205, -0.357575386762619], [0.3033389151096344, -0.2043476104736328, 0.16893230378627777, 0.9837467074394226, -0.6198092103004456, -0.08850869536399841, -0.6094710230827332, 0.3010852038860321], [-0.8431329131126404, 0.3097268044948578, -0.21262545883655548, 0.20685668289661407, 1.0216960906982422, -0.6060950756072998, -0.425936758518219, 1.2022403478622437], [0.07343495637178421, 0.052150990813970566, 0.686056911945343, 0.45209574699401855, 0.3241650462150574, -0.6085205674171448, -0.02658095583319664, 0.5866366624832153]]}