{"step": 29, "width": 8, "height": 8, "values": [[0.8697080612182617, 0.9586620330810547, -0.1275346577167511, -0.14489273726940155, -0.6969884634017944, -0.81743985414505, -0.39469844102859497, -0.3510206937789917], [0.7097862958908081, -0.13245950639247894, 0.040024008601903915, 0.5034700632095337, 0.03047083504498005, -0.11169976741075516, -0.6817878484725952, 0.09396857023239136], [-0.8737499713897705, -0.06317736953496933, -0.4958142042160034, 0.6439433693885803, -0.11950226128101349, -0.28640031814575195, -0.34715014696121216, 0.5143823623657227], [0.047313299030065536, -0.0814298465847969, 0.5786685943603516, 0.05900486558675766, 0.11454099416732788, -0.9036824703216553, -0.06309661269187927, 0.4658603370189667], [2.235419511795044, 2.638362407684326, -0.5129575133323669, -0.15008758008480072, -0.8788265585899353, -1.4325417280197144, -0.42422547936439514, -0.5765053033828735], [0.9040321707725525, -0.15245036780834198, 0.18755315244197845, 0.6312177181243896, 0.033039286732673645, -0.11242297291755676, -0.8548139929771423, 0.10671017318964005], [-1.7765130996704102, -0.27339816093444824, -0.7084113955497742, 0.811099648475647, -0.12368226796388626, -0.4321853220462799, -0.6713272929191589, 0.5735910534858704], [0.05082504823803902, -0.08231783658266068, 0.9349885582923889, 0.11179893463850021, 0.21749930083751678, -1.7514582872390747, -0.06517062336206436, 0.5373408198356628]]}