{"step": 1, "width": 8, "height": 8, "values": [[0.3959119915962219, 0.09610720723867416, 0.06925971806049347, -0.11185870319604874, -0.03268318250775337, 0.053584665060043335, -0.06237407773733139, -0.0415271520614624], [0.012213541194796562, 0.043349739164114, 0.00841803103685379, -0.13880547881126404, 0.3385387361049652, -0.008845865726470947, -0.027961425483226776, -0.1744285523891449], [0.1677909940481186, -0.026114916428923607, -0.17479339241981506, -0.38654905557632446, -0.0015960014425218105, 0.3172217309474945, 0.027043884620070457, -0.025491708889603615], [-0.009385739453136921, 0.0001949753932422027, 0.4656651020050049, -0.046239227056503296, 0.17864173650741577, -0.30084341764450073, -0.0013462519273161888, -0.4082232713699341], [0.5131465196609497, 0.10270751267671585, 0.0889662355184555, -0.12045521289110184, -0.03393159061670303, 0.06184910237789154, -0.07600928843021393, -0.0647813230752945], [0.012780002318322659, 0.06939700245857239, 0.010463588871061802, -0.17093425989151, 0.3741832971572876, -0.008887873962521553, -0.06416992843151093, -0.19911879301071167], [0.3586742877960205, -0.04580913484096527, -0.20330139994621277, -0.4374178349971771, -0.0016996307531371713, 0.4137205481529236, 0.03582172468304634, -0.026169048622250557], [-0.009829776361584663, 0.0001954396429937333, 0.5920863151550293, -0.055516548454761505, 0.2073410600423813, -0.3313390910625458, -0.0014295957516878843, -0.44092851877212524]]}