{"step": 3, "width": 8, "height": 8, "values": [[0.44831883907318115, 0.22050875425338745, -0.015330610796809196, -0.0328885093331337, -0.00909966230392456, 0.09764677286148071, -0.10495233535766602, -0.11938914656639099], [0.17415586113929749, 0.072618268430233, 0.017373397946357727, -0.4162055253982544, -0.3237544894218445, -0.018313834443688393, 0.25285059213638306, -0.16167765855789185], [0.1633169800043106, 0.02630314603447914, 0.009610498324036598, -0.25762999057769775, 0.02702881582081318, 0.21074092388153076, 0.17743711173534393, 0.024646984413266182], [-0.021074017509818077, 0.005765694193542004, 0.31730636954307556, -0.0360259972512722, 0.28413498401641846, -0.23352843523025513, -0.004873247817158699, -0.0794014260172844], [0.5423686504364014, 0.2510388493537903, -0.019003666937351227, -0.039258453994989395, -0.00932226050645113, 0.11174678802490234, -0.11541066318750381, -0.1852784901857376], [0.18868745863437653, 0.07810802757740021, 0.020055191591382027, -0.5366424322128296, -0.36276909708976746, -0.01837240718305111, 0.36738497018814087, -0.18501371145248413], [0.23024725914001465, 0.032468345016241074, 0.00974280945956707, -0.29097259044647217, 0.036550622433423996, 0.2616889476776123, 0.18942098319530487, 0.026313474401831627], [-0.021749410778284073, 0.005781582091003656, 0.3861636519432068, -0.044370636343955994, 0.3284685015678406, -0.2714928686618805, -0.0051710656844079494, -0.08573659509420395]]}