{"step": 39, "width": 8, "height": 8, "values": [[-0.15821826457977295, 0.627317488193512, 0.8230170011520386, -0.1592036783695221, 0.5744636654853821, -0.8419216275215149, 0.4345138370990753, -0.44183066487312317], [-0.7575559020042419, 0.48752182722091675, 0.24186037480831146, -0.6120227575302124, -0.4564759135246277, -0.18136443197727203, 0.1377795934677124, -0.644905149936676], [-0.8407207727432251, -0.35410672426223755, 0.7703041434288025, -0.03367405757308006, -0.6356156468391418, -0.011073981411755085, -0.5146723985671997, 0.8349007368087769], [-0.028546955436468124, -0.1846001297235489, 0.18491874635219574, 0.03875089809298515, -0.26380637288093567, -0.650248110294342, -0.058224666863679886, 0.03384613245725632], [-0.19438692927360535, 0.8855541348457336, 1.3370600938796997, -0.17614342272281647, 0.6955874562263489, -1.6929219961166382, 0.5038396120071411, -0.8737586736679077], [-1.1864413022994995, 0.5332748293876648, 0.28135496377944946, -0.9307430982589722, -0.5988544821739197, -0.18404757976531982, 0.13918371498584747, -2.2650320529937744], [-2.254429340362549, -1.2835057973861694, 1.0768834352493286, -0.04095190763473511, -1.0369945764541626, -0.3767285645008087, -0.753905177116394, 1.2801121473312378], [-0.028775842860341072, -0.18790601193904877, 0.22670036554336548, 0.17762857675552368, -0.2990771532058716, -1.438850998878479, -0.06052441522479057, 0.16002506017684937]]}