{"step": 12, "width": 8, "height": 8, "values": [[0.17871393263339996, 0.5369201898574829, -0.04102984815835953, -0.3388635218143463, -0.00274712685495615, 0.10141579806804657, -0.08301208168268204, -0.15234944224357605], [-0.6324381232261658, -0.3873591721057892, 0.10416284203529358, -0.022199470549821854, -0.2106723189353943, -0.05909339711070061, -0.14895275235176086, -0.5478870272636414], [0.1806909590959549, -0.0479547493159771, -0.20894736051559448, -0.29778361320495605, -0.01248247642070055, 0.9022618532180786, -0.595897376537323, 0.1524788737297058], [0.04078593850135803, 0.0239929910749197, 0.1985708475112915, 0.381179541349411, 0.4394381046295166, 0.36862751841545105, -0.016787482425570488, 0.19952264428138733], [0.20705464482307434, 0.6409827470779419, -0.04966028407216072, -0.3542333245277405, -0.0027798486407846212, 0.11377853155136108, -0.0898054763674736, -0.20184707641601562], [-0.761265754699707, -0.4200088381767273, 0.12191829085350037, -0.03151777386665344, -0.3861485421657562, -0.05931676924228668, -0.16546349227428436, -0.7348600029945374], [0.21829740703105927, -0.0607093907892704, -0.2275373339653015, -0.3705872893333435, -0.012608588673174381, 1.545254111289978, -0.7204025387763977, 0.15568217635154724], [0.04113646224141121, 0.024097273126244545, 0.66866534948349, 0.4041995704174042, 0.5373566746711731, 0.41913625597953796, -0.019128115847706795, 0.21643179655075073]]}