{"step": 7, "width": 8, "height": 8, "values": [[0.22257226705551147, 0.4935583770275116, -0.5075628757476807, -0.46027088165283203, -0.01003375742584467, 0.05280372127890587, -0.026921281591057777, -0.18036030232906342], [-0.28274187445640564, 0.08944667130708694, 0.031714558601379395, -0.4932694435119629, -0.23244769871234894, -0.04477797821164131, 0.1964273750782013, -0.19216784834861755], [0.6537008881568909, -0.005453680641949177, -0.19865942001342773, -0.17331580817699432, 0.24698463082313538, 0.5149004459381104, -0.14854973554611206, -0.10470716655254364], [-0.07877570390701294, 0.01673790067434311, 0.3174228072166443, -0.10628519207239151, 0.3647650182247162, -0.0004998043295927346, -0.01204030029475689, 0.5071293115615845], [0.24253422021865845, 0.6474913954734802, -0.7666143774986267, -0.7091202735900879, -0.010109837166965008, 0.06075508892536163, -0.029395829886198044, -0.2940562963485718], [-0.29449307918548584, 0.09057889878749847, 0.03534087538719177, -1.0085320472717285, -0.2814306318759918, -0.04497990757226944, 0.23357820510864258, -0.22011655569076538], [0.9744599461555481, -0.010228133760392666, -0.20873478055000305, -0.19839103519916534, 0.2730614244937897, 0.6985568404197693, -0.1546260118484497, -0.10860282927751541], [-0.07965036481618881, 0.016829704865813255, 0.3864019513130188, -0.11625032871961594, 0.43446189165115356, -0.0006092753610573709, -0.013151662424206734, 0.61404949426651]]}