{"step": 10, "width": 8, "height": 8, "values": [[-0.10202212631702423, 0.5195053815841675, -0.5632398724555969, -0.5437555909156799, 0.027783842757344246, 0.05568458139896393, -0.01156841404736042, -0.26609742641448975], [-0.7726203799247742, 0.01514497771859169, 0.056311845779418945, -0.20938096940517426, -0.5403167009353638, -0.05490472540259361, 0.22813542187213898, -0.30549952387809753], [0.731120765209198, 0.026893634349107742, -0.5840890407562256, -0.4514601528644562, 0.2216983586549759, 0.423671692609787, -0.3998714089393616, 0.07544605433940887], [0.029223306104540825, 0.02285640686750412, 0.23985955119132996, 0.40188664197921753, 0.47741127014160156, 0.31985238194465637, -0.012005587108433247, 0.4655837118625641], [-0.11610651016235352, 0.6353591084480286, -0.7754226326942444, -0.655081033706665, 0.028239300474524498, 0.06733347475528717, -0.012364620342850685, -0.40156441926956177], [-1.0375444889068604, 0.01518132071942091, 0.06594320386648178, -0.3938397765159607, -0.7046703100204468, -0.055302344262599945, 0.24335192143917084, -0.3519817888736725], [1.5579113960266113, 0.15454179048538208, -0.6771255135536194, -0.5327233672142029, 0.23727275431156158, 0.5008213520050049, -0.4563700556755066, 0.07965657114982605], [0.029535964131355286, 0.022914567962288857, 0.3177383542060852, 0.43088382482528687, 0.6369235515594482, 0.40648671984672546, -0.013590124435722828, 0.5979338884353638]]}