{"step": 26, "width": 8, "height": 8, "values": [[0.8247823715209961, 0.9322999715805054, -0.36793163418769836, 0.08589914441108704, -0.38906240463256836, -0.34851422905921936, 0.036143455654382706, -0.24844123423099518], [0.6654504537582397, 0.07353032380342484, 0.05883735418319702, 0.6324995756149292, -0.017236897721886635, -0.09377093613147736, -0.09781136363744736, 0.2361227422952652], [-0.7669529914855957, -0.06577746570110321, -0.4186761677265167, 0.22176963090896606, -0.4335232675075531, -0.3276396095752716, 0.10463818907737732, 0.7299243807792664], [0.08430670946836472, -0.00807772297412157, 0.4623030424118042, 0.04737440496683121, 0.43116191029548645, -0.640813410282135, -0.03047093190252781, -0.04791351780295372], [2.8603036403656006, 2.192483425140381, -1.0442190170288086, 0.08746704459190369, -0.4154406487941742, -0.4145358204841614, 0.038454364985227585, -0.5222947597503662], [0.8209592700004578, 0.12780556082725525, 0.17902551591396332, 1.3864455223083496, -0.018921157345175743, -0.094383604824543, -0.2913661301136017, 0.2780519425868988], [-1.1412802934646606, -0.3556199073791504, -0.44852685928344727, 0.24117033183574677, -0.5404082536697388, -0.53553307056427, 0.1102885752916336, 0.9535679817199707], [0.08898543566465378, -0.008123339153826237, 0.6077549457550049, 0.0730581283569336, 0.5343994498252869, -0.9130077958106995, -0.0319211483001709, -0.05104520916938782]]}