{"step": 20, "width": 8, "height": 8, "values": [[0.7252781987190247, 0.6001577973365784, -0.017535734921693802, -0.141230046749115, -0.1025170162320137, -0.027210252359509468, -0.3606702983379364, -0.2236630916595459], [-0.4853880703449249, -0.49823325872421265, 0.1243695616722107, 0.7027621269226074, -0.5856766104698181, -0.0772118791937828, -0.07522588968276978, -0.30987343192100525], [0.007060411386191845, -0.009189240634441376, -0.26697903871536255, 0.34394729137420654, 0.32371294498443604, 0.8737649917602539, -0.6396444439888, 0.6655920147895813], [0.024142621085047722, 0.08309008181095123, 0.2696751356124878, 0.22251184284687042, 0.17471706867218018, -0.1150708720088005, -0.026515215635299683, 0.29742956161499023], [1.8302112817764282, 0.7418315410614014, -0.06396858394145966, -0.14347819983959198, -0.1037754938006401, -0.032085396349430084, -0.37889790534973145, -0.3172104060649872], [-0.5472100973129272, -0.5738773345947266, 0.16717499494552612, 1.0231629610061646, -0.7248616814613342, -0.07749055325984955, -0.08548115938901901, -0.3516590893268585], [0.01519765518605709, -0.0276531670242548, -0.319709450006485, 0.38422319293022156, 0.3490025997161865, 1.8517578840255737, -1.0858392715454102, 0.80884850025177], [0.024766534566879272, 0.08351510018110275, 0.6616491675376892, 0.227657750248909, 0.2693118751049042, -0.12862999737262726, -0.027982104569673538, 0.31846877932548523]]}