{"step": 25, "width": 8, "height": 8, "values": [[0.7306377291679382, 0.8383644819259644, -0.4118883013725281, -0.0008985764579847455, -0.23086252808570862, -0.1618884801864624, 0.05700390785932541, -0.2158757448196411], [0.17785868048667908, -0.24458034336566925, 0.08096906542778015, 0.6563324332237244, -0.3453471064567566, -0.09056851267814636, 0.458053857088089, 0.29214704036712646], [-0.7613955140113831, 0.1481517106294632, -0.5918452739715576, 0.4534996449947357, 0.0907716229557991, -0.4694634974002838, 0.027668455615639687, 0.7607297301292419], [0.07454513013362885, 0.028028415516018867, 0.4775641858577728, 0.08689332008361816, 0.3606395125389099, -0.5432743430137634, -0.026766784489154816, 0.2675637900829315], [2.719658374786377, 1.9126479625701904, -0.6794629096984863, -0.0010191940236836672, -0.23595118522644043, -0.22912929952144623, 0.0598151795566082, -0.3670984208583832], [0.18275055289268494, -0.25437837839126587, 0.1709214448928833, 1.0647473335266113, -0.439208984375, -0.09117351472377777, 0.5145694017410278, 0.343248575925827], [-1.152328610420227, 0.1964046061038971, -0.683369517326355, 0.5089957118034363, 0.1128300130367279, -0.6793584227561951, 0.027892636135220528, 1.0222997665405273], [0.07749839872121811, 0.028462018817663193, 0.6299034953117371, 0.13195732235908508, 0.4475041627883911, -0.6841515898704529, -0.028412844985723495, 1.0614023208618164]]}