{"step": 44, "width": 8, "height": 8, "values": [[-0.1323486715555191, 0.17065547406673431, -0.008149992674589157, -0.39730581641197205, 0.22808042168617249, -0.18349142372608185, 0.516585648059845, -0.885199785232544], [-0.9925289154052734, 0.9085071086883545, 0.2594798505306244, -0.039712369441986084, 0.040559347718954086, -0.18261419236660004, 0.00523489061743021, -0.5156978368759155], [0.13617299497127533, 0.42352765798568726, 0.5359096527099609, 0.015571464784443378, 0.11347629129886627, 0.37666985392570496, -0.956579864025116, 0.831868052482605], [-0.009397563524544239, -0.16174732148647308, 0.6336642503738403, 0.024065673351287842, -0.3232440948486328, -0.0005860657547600567, -0.06941309571266174, 0.09043789654970169], [-0.38587498664855957, 0.3646605908870697, -0.016526198014616966, -1.735601782798767, 0.37150049209594727, -0.8929325342178345, 1.093752384185791, -1.4291260242462158], [-3.085252523422241, 1.5341612100601196, 0.27312925457954407, -0.21693113446235657, 0.10193024575710297, -0.18525587022304535, 0.05643732100725174, -2.1017067432403564], [1.0124706029891968, 0.47078391909599304, 0.6008508801460266, 0.04514062777161598, 0.12116803973913193, 0.5056228637695312, -1.929327130317688, 2.1748220920562744], [-0.009820142760872841, -0.16321715712547302, 1.1234763860702515, 0.03497442230582237, -0.6990689039230347, -0.02939407341182232, -0.06987263262271881, 0.6936352252960205]]}