{"step": 11, "width": 8, "height": 8, "values": [[0.14589540660381317, 0.5724765062332153, -0.5712209939956665, -0.4796617031097412, -0.029659898951649666, 0.0719466507434845, -0.048320211470127106, -0.050915807485580444], [-0.5284392833709717, -0.0904666855931282, 0.07419223338365555, 0.02512533962726593, -0.22677980363368988, -0.05603599548339844, -0.16216501593589783, -0.5512548685073853], [0.6745201945304871, -0.009186654351651669, -0.21862949430942535, -0.6906341910362244, 0.1561926007270813, 0.5134574174880981, 0.05476576089859009, 0.22325465083122253], [0.07868725061416626, 0.01850719377398491, 0.21240155398845673, 0.3922101557254791, 0.5191251635551453, 0.5520461797714233, -0.012343025766313076, -0.24901749193668365], [0.16416841745376587, 0.6738744974136353, -0.8321856260299683, -0.5627752542495728, -0.03134838864207268, 0.0861629769206047, -0.05181754752993584, -0.0759475976228714], [-0.6007974743843079, -0.12562625110149384, 0.08464427292346954, 0.045036349445581436, -0.2437867820262909, -0.05637318268418312, -0.26303133368492126, -0.7114438414573669], [1.7837200164794922, -0.017566939815878868, -0.22914142906665802, -0.9702122211456299, 0.1665065437555313, 0.5990767478942871, 0.060312703251838684, 0.2304217666387558], [0.08023834228515625, 0.018549930304288864, 0.28227314352989197, 0.41870731115341187, 0.7043627500534058, 0.8621079325675964, -0.014095607213675976, -0.25675514340400696]]}