{"step": 5, "width": 8, "height": 8, "values": [[0.19398987293243408, 0.585980236530304, -0.49795466661453247, -0.17672905325889587, 0.048483509570360184, 0.06449398398399353, 0.015110827051103115, -0.15647460520267487], [0.47127455472946167, 0.18038928508758545, 0.017503727227449417, -0.30771997570991516, 0.04723979905247688, -0.027593735605478287, 0.06955302506685257, -0.03652530536055565], [0.264558345079422, 0.1397525519132614, -0.021592937409877777, -0.7344265580177307, -0.2678597569465637, -0.2134667932987213, 0.5105568170547485, -0.13441306352615356], [-0.026254214346408844, 0.0034013802651315928, 0.4753569960594177, -0.20429283380508423, 0.5231060981750488, -0.19681665301322937, -0.00669959606602788, -0.3962503969669342], [0.21147961914539337, 0.7626851201057434, -0.824309766292572, -0.18931421637535095, 0.04953455179929733, 0.06952913105487823, 0.023336144164204597, -0.31671133637428284], [0.5202227830886841, 0.8017285466194153, 0.025179678574204445, -0.7995540499687195, 0.06448110193014145, -0.02774834632873535, 0.15643532574176788, -0.04286875203251839], [0.35197702050209045, 0.6027224659919739, -0.02167046070098877, -0.9998913407325745, -0.28383269906044006, -0.23172491788864136, 0.5830019116401672, -0.18256837129592896], [-0.027069920673966408, 0.0034199710935354233, 0.6252986192703247, -0.2576843500137329, 0.6157978773117065, -0.24108532071113586, -0.007436488289386034, -0.44383499026298523]]}