{"step": 35, "width": 8, "height": 8, "values": [[-0.3063431978225708, 0.9201233386993408, -0.458959698677063, 0.20641978085041046, -0.467876136302948, -0.9091207981109619, -0.24980324506759644, -0.35458311438560486], [0.48728594183921814, 0.0872088074684143, 0.05681582912802696, -0.42477187514305115, -0.20133407413959503, -0.13907039165496826, 0.5205086469650269, -0.5147705674171448], [-0.9722880125045776, 0.24577543139457703, -0.6494007706642151, 0.44999879598617554, 0.014540120959281921, -0.3731488287448883, 0.24417445063591003, 0.058475885540246964], [-0.005214422941207886, -0.16728481650352478, 0.5045397281646729, 0.04150554537773132, 0.2911123037338257, -0.9832379817962646, -0.07160596549510956, 0.5957751870155334], [-0.323549747467041, 2.8865585327148438, -1.0118824243545532, 0.2607824504375458, -0.5093583464622498, -2.746896982192993, -0.3471505641937256, -0.688533365726471], [0.543700098991394, 0.09398692846298218, 0.21555101871490479, -0.7661594748497009, -0.2835361659526825, -0.14022500813007355, 0.6074665188789368, -0.6556077003479004], [-2.8497958183288574, 0.35401514172554016, -0.7812653183937073, 0.5091866254806519, 0.01632223092019558, -0.9200405478477478, 0.253351092338562, 0.0604650042951107], [-0.005303902551531792, -0.1715575009584427, 0.7093201279640198, 0.11871188133955002, 0.36311250925064087, -3.762857675552368, -0.0768446996808052, 1.5194940567016602]]}