{"step": 19, "width": 8, "height": 8, "values": [[0.6614946722984314, 0.6104941964149475, -0.09538108855485916, -0.14906306564807892, -0.08029304444789886, 0.03705746307969093, -0.3252473771572113, -0.2541399598121643], [-0.20709308981895447, -0.39505818486213684, 0.12235298752784729, 0.6971131563186646, -0.4866359233856201, -0.07536531984806061, -0.671200692653656, -0.284593403339386], [0.07587984949350357, -0.03375369310379028, -0.27412742376327515, 0.08765275776386261, 0.3583034873008728, 0.8711433410644531, -0.636734664440155, 0.6750286221504211], [0.03227713331580162, 0.0608760342001915, 0.33738720417022705, 0.2352837175130844, 0.15605831146240234, 0.29489949345588684, -0.0221260953694582, 0.2609461545944214], [1.5015779733657837, 0.7514759302139282, -0.24489250779151917, -0.151370108127594, -0.08168379217386246, 0.04600410908460617, -0.3386709988117218, -0.3994554877281189], [-0.2143506109714508, -0.4318169057369232, 0.16377753019332886, 1.1211433410644531, -0.6166024208068848, -0.07576821744441986, -0.8362880945205688, -0.3378727436065674], [0.11472422629594803, -0.0763477236032486, -0.29891344904899597, 0.09395317733287811, 0.37787750363349915, 1.407450795173645, -0.9079698920249939, 0.8353694081306458], [0.03305354714393616, 0.061126433312892914, 0.6581891775131226, 0.24271202087402344, 0.33011120557785034, 0.4142461121082306, -0.0236348994076252, 0.2906145751476288]]}