{"step": 28, "width": 8, "height": 8, "values": [[0.9001914262771606, 0.9210739731788635, -0.13838431239128113, 0.42376407980918884, -0.554280161857605, -0.7259088158607483, -0.13094249367713928, -0.2662118971347809], [0.7739598751068115, -0.008914364501833916, 0.04947648197412491, 0.6697508096694946, 0.052372198551893234, -0.10062749683856964, 0.06216069310903549, 0.24563626945018768], [-0.8383658528327942, -0.060421496629714966, -0.4001321494579315, 0.42985138297080994, -0.20266485214233398, -0.3478911817073822, 0.1821954846382141, 0.5526967644691467], [0.05577673017978668, -0.030130373314023018, 0.45891374349594116, 0.0105286855250597, 0.31657692790031433, -0.8284887671470642, -0.04835953190922737, -0.19124026596546173], [2.1121668815612793, 2.5468955039978027, -0.6586669683456421, 0.46427106857299805, -0.6287013292312622, -1.0441845655441284, -0.13837212324142456, -0.613758385181427], [1.0788981914520264, -0.018844665959477425, 0.1866598278284073, 1.147578239440918, 0.055188506841659546, -0.10115784406661987, 0.18832865357398987, 0.28721877932548523], [-1.5000779628753662, -0.3149665296077728, -0.4285971224308014, 0.48035210371017456, -0.24008947610855103, -0.7130295634269714, 0.19721268117427826, 0.6308843493461609], [0.05926648899912834, -0.030393660068511963, 0.6315227150917053, 0.020740576088428497, 0.37014293670654297, -1.6696702241897583, -0.049796972423791885, -0.20661713182926178]]}