{"step": 4, "width": 8, "height": 8, "values": [[0.3671325445175171, 0.45920732617378235, -0.46638503670692444, 0.1589653193950653, 0.1795731633901596, 0.0950784906744957, -0.014870140701532364, -0.006151746492832899], [0.24155519902706146, 0.2737180292606354, 0.01764715649187565, -0.4444126784801483, -0.28041157126426697, -0.02226680889725685, 0.0721755251288414, 0.006618843413889408], [-0.1020776703953743, 0.14721918106079102, 0.20835450291633606, -0.22277401387691498, -0.03793304041028023, -0.32236969470977783, 0.3813718557357788, -0.1714230477809906], [-0.01529222447425127, 0.0045587169006466866, 0.427208811044693, -0.17245590686798096, 0.3705778419971466, -0.2611381709575653, -0.0053901877254247665, 0.24616290628910065], [0.4390682280063629, 0.5470949411392212, -0.5583342909812927, 0.2045833319425583, 0.18491017818450928, 0.11235173046588898, -0.018832823261618614, -0.010919257067143917], [0.26826897263526917, 0.29882943630218506, 0.020319601520895958, -0.6896753311157227, -0.3871484398841858, -0.022368501871824265, 0.0729847103357315, 0.008052743971347809], [-0.10624948143959045, 0.16024766862392426, 0.22401510179042816, -0.28344082832336426, -0.042860399931669235, -0.3552611470222473, 0.40960511565208435, -0.18972840905189514], [-0.015585631132125854, 0.004606434144079685, 0.5221613049507141, -0.35358938574790955, 0.43998631834983826, -0.2858884036540985, -0.00590974697843194, 0.37519949674606323]]}