{"step": 17, "width": 8, "height": 8, "values": [[0.5311515927314758, 0.5752866864204407, -0.07570270448923111, -0.10764520615339279, -0.05683344975113869, 0.07786080986261368, -0.15685954689979553, -0.23448677361011505], [-0.21889205276966095, -0.3511238098144531, 0.12369644641876221, 0.6821466684341431, -0.6361991763114929, -0.06965146958827972, 0.3168894648551941, -0.45412591099739075], [0.3790804147720337, 0.011286088265478611, -0.48614969849586487, -0.3747890591621399, 0.0968756377696991, 0.779346227645874, -0.4229394495487213, 0.5863582491874695], [0.0023564721923321486, 0.06081454083323479, 0.18438485264778137, 0.2933477461338043, 0.38916072249412537, 0.19515563547611237, -0.020222924649715424, 0.10634641349315643], [0.7332673072814941, 0.747779369354248, -0.1859496533870697, -0.11419720947742462, -0.057322438806295395, 0.09256340563297272, -0.15967068076133728, -0.3821057081222534], [-0.23336045444011688, -0.3710024058818817, 0.15542210638523102, 1.0810645818710327, -0.7998054623603821, -0.06989298015832901, 0.4404187798500061, -0.5611621141433716], [0.664768636226654, 0.017870774492621422, -0.53252774477005, -0.42138776183128357, 0.1788078099489212, 1.562515139579773, -0.459966242313385, 0.6856205463409424], [0.0023936100769788027, 0.06111210957169533, 0.24309679865837097, 0.309064656496048, 0.5185886025428772, 0.32153308391571045, -0.021524982526898384, 0.125651553273201]]}