{"step": 31, "width": 8, "height": 8, "values": [[0.8887295722961426, 0.967425525188446, -0.38981711864471436, 0.049123745411634445, -0.7112990021705627, -0.9154974222183228, -0.36488279700279236, -0.2446359395980835], [0.7250031232833862, 0.2518797218799591, 0.05199889838695526, -0.019262157380580902, -0.4157722294330597, -0.1203867644071579, 0.07971078902482986, 0.008269429206848145], [-0.9299792647361755, -0.09987939894199371, -0.24668146669864655, 0.4601317346096039, -0.1906052678823471, -0.1720026433467865, 0.14665599167346954, 0.572404146194458], [0.0418824702501297, -0.15359929203987122, 0.4558250904083252, -0.0200545322149992, 0.23365770280361176, -0.9074949622154236, -0.07073662430047989, 0.6128870248794556], [1.6143600940704346, 3.019852876663208, -0.8789655566215515, 0.057647429406642914, -0.9051501750946045, -2.3024468421936035, -0.394614577293396, -0.5997486710548401], [0.9605851769447327, 0.27972546219825745, 0.19471678137779236, -0.02313844859600067, -0.4997473657131195, -0.12117809057235718, 0.08968587964773178, 0.009244323708117008], [-1.964236855506897, -0.22774691879749298, -0.2530002295970917, 0.5366466641426086, -0.2755724787712097, -1.1051315069198608, 0.1807948350906372, 0.6814845204353333], [0.043199460953474045, -0.15694372355937958, 0.5366132855415344, -0.10133534669876099, 0.30960726737976074, -2.688678503036499, -0.07314658910036087, 0.9636271595954895]]}