{"step": 14, "width": 8, "height": 8, "values": [[0.18635015189647675, 0.5724858641624451, 0.25138017535209656, -0.0655752643942833, 0.0146256098523736, 0.14255794882774353, -0.10582131892442703, -0.27520400285720825], [-0.40994489192962646, -0.42807140946388245, 0.12193749099969864, 0.32590824365615845, -0.22633782029151917, -0.06214211881160736, -0.22249358892440796, -0.48025453090667725], [-0.30021029710769653, 0.11561725288629532, -0.09863022714853287, -0.3713039755821228, -0.05945504456758499, 0.9648562073707581, -0.620110809803009, 0.30968940258026123], [0.009089518338441849, 0.03275546059012413, 0.20675861835479736, 0.33735668659210205, 0.4026743471622467, 0.06894394755363464, -0.019382735714316368, 0.21594853699207306], [0.2274361401796341, 0.6958346962928772, 0.3485044836997986, -0.06583075225353241, 0.014805136248469353, 0.16299153864383698, -0.10962559282779694, -0.3670409023761749], [-0.45039263367652893, -0.4675429165363312, 0.14629937708377838, 0.43811169266700745, -0.3909834325313568, -0.06236358359456062, -0.24194364249706268, -0.6521463394165039], [-0.390293687582016, 0.15491706132888794, -0.10264521092176437, -0.4585093557834625, -0.06042258441448212, 2.3786845207214355, -0.7510996460914612, 0.32408711314201355], [0.00918527040630579, 0.03286431357264519, 0.6776175498962402, 0.3614233732223511, 0.5066253542900085, 0.074177585542202, -0.02144184522330761, 0.2509019672870636]]}