{"step": 27, "width": 8, "height": 8, "values": [[0.8800185322761536, 0.8902615308761597, -0.09528036415576935, 0.1278989166021347, -0.42487236857414246, -0.5432096719741821, -0.11574991792440414, -0.45281702280044556], [0.6032837629318237, -0.35726678371429443, 0.06873732060194016, 0.6248571872711182, -0.07362133264541626, -0.09876122325658798, -0.001424748101271689, 0.2540065348148346], [-0.8713749647140503, 0.025768274441361427, -0.6814042925834656, 0.6662048101425171, -0.12686064839363098, -0.3018531799316406, -0.5304749011993408, 0.5572612881660461], [0.06356367468833923, 0.0004645202134270221, 0.45580220222473145, 0.014212160371243954, 0.1993137001991272, -0.7820806503295898, -0.03563644737005234, 0.3346344828605652], [2.224486827850342, 2.271695375442505, -0.1534077376127243, 0.1453377902507782, -0.4586838185787201, -0.6935321092605591, -0.11717823892831802, -0.6569539904594421], [0.7089970111846924, -0.3752218186855316, 0.18378308415412903, 0.9799265265464783, -0.15195699036121368, -0.0993584394454956, -0.0014260609168559313, 0.3191421627998352], [-1.4664595127105713, 0.06076551601290703, -0.8390746712684631, 0.8646735548973083, -0.1409236639738083, -0.9528689384460449, -0.6715660691261292, 0.6460012793540955], [0.06487925350666046, 0.0004803897754754871, 0.8041257262229919, 0.06785596907138824, 0.25751540064811707, -1.147099494934082, -0.037363532930612564, 0.7057009339332581]]}