{"step": 22, "width": 8, "height": 8, "values": [[0.7036038637161255, 0.8230330944061279, -0.19876088201999664, -0.0321318693459034, -0.05282210558652878, -0.007868652231991291, -0.09370744228363037, -0.09636600315570831], [0.32861465215682983, -0.3180308938026428, 0.12700657546520233, 0.7232697010040283, -0.7819464206695557, -0.08012732118368149, 0.12295970320701599, 0.0397632010281086], [-0.31350716948509216, 0.06198666989803314, 0.2794578969478607, 0.1751972883939743, 0.4092404544353485, -0.006137710530310869, 0.2254907637834549, 0.782581090927124], [0.06965608894824982, 0.06674695014953613, 0.27084076404571533, -0.0572570376098156, 0.2987605035305023, -0.2849380671977997, -0.025820977985858917, 0.03293604031205177], [2.0159757137298584, 1.3284947872161865, -0.29709577560424805, -0.03694162145256996, -0.05322162061929703, -0.009561962448060513, -0.09468366950750351, -0.23609958589076996], [0.37160876393318176, -0.33386150002479553, 0.16363969445228577, 1.2814074754714966, -1.2060812711715698, -0.08059455454349518, 0.13339170813560486, 0.04765750840306282], [-0.34554874897003174, 0.14675335586071014, 0.29254329204559326, 0.2201700061559677, 0.7077767848968506, -0.015838585793972015, 0.24726521968841553, 1.108720064163208], [0.07080256193876266, 0.0673755556344986, 0.2985231876373291, -0.07445341348648071, 0.39288049936294556, -0.36778315901756287, -0.026977933943271637, 0.05823931470513344]]}