{"step": 16, "width": 8, "height": 8, "values": [[0.5089644193649292, 0.572005569934845, -0.0017841862281784415, -0.12452820688486099, -0.0596955269575119, 0.07551097869873047, -0.15521512925624847, -0.3198487162590027], [-0.2320210337638855, -0.3317738175392151, 0.11996645480394363, 0.6081849336624146, -0.284954309463501, -0.06896508485078812, -0.6766114830970764, -0.4715971350669861], [0.17958839237689972, -0.018401673063635826, -0.3271063268184662, -0.417165607213974, 0.07777772843837738, 0.977315366268158, -0.6436801552772522, 0.5531955361366272], [-0.00955231860280037, 0.05273379758000374, 0.32640424370765686, 0.3068152666091919, 0.23310233652591705, 0.3063717186450958, -0.019514193758368492, 0.1290743499994278], [0.7412950396537781, 0.6841548085212708, -0.004294286482036114, -0.12601159512996674, -0.061176709830760956, 0.08942613005638123, -0.15708598494529724, -0.42899471521377563], [-0.2423398792743683, -0.36176320910453796, 0.15518248081207275, 0.8801923394203186, -0.3269664943218231, -0.06927526742219925, -0.8498673439025879, -0.6094877123832703], [0.30785295367240906, -0.042869869619607925, -0.3598794639110565, -0.4705439805984497, 0.07896241545677185, 2.532486915588379, -0.8461349606513977, 0.6303908824920654], [-0.009794073179364204, 0.05290079116821289, 0.7043452858924866, 0.32289180159568787, 0.47934937477111816, 0.3857165277004242, -0.02130569890141487, 0.1360800713300705]]}