{"step": 9, "width": 8, "height": 8, "values": [[-0.08948607742786407, 0.551831841468811, -0.5842834115028381, -0.5414591431617737, 0.033342037349939346, 0.06139705330133438, -0.0037329387851059437, -0.23827771842479706], [-0.518264651298523, 0.27614834904670715, 0.041466619819402695, -0.2755937874317169, -0.24613827466964722, -0.04921277239918709, -0.36549776792526245, -0.1917928010225296], [0.8195403218269348, 0.2071855515241623, -0.23856854438781738, -0.47550806403160095, 0.5598663091659546, 0.19997479021549225, -0.0026022784877568483, 0.04574555903673172], [-0.0020288254600018263, 0.01709447056055069, 0.28278306126594543, 0.29628798365592957, 0.3902258574962616, 0.09855371713638306, -0.011940852738916874, 0.27567654848098755], [-0.09814474731683731, 0.7092985510826111, -0.9750452041625977, -0.7552986145019531, 0.03415003418922424, 0.07561449706554413, -0.004472706466913223, -0.3943813145160675], [-0.5824850797653198, 0.28807294368743896, 0.04863147437572479, -0.5185834169387817, -0.3425087630748749, -0.04965509474277496, -0.43482086062431335, -0.22776713967323303], [1.5618778467178345, 0.30553191900253296, -0.24446739256381989, -0.577353298664093, 0.6562422513961792, 0.21372686326503754, -0.0026206288021057844, 0.05225177854299545], [-0.002057498088106513, 0.017158646136522293, 0.3315117657184601, 0.3293329179286957, 0.5913816094398499, 0.15092074871063232, -0.013444672338664532, 0.3325909674167633]]}