{"step": 32, "width": 8, "height": 8, "values": [[0.7041059732437134, 0.9616655111312866, -0.4507978856563568, 0.5413085222244263, -0.6938917636871338, -0.9327988028526306, -0.41491439938545227, -0.4098163843154907], [0.5674699544906616, 0.07431203126907349, 0.04451907053589821, -0.18934179842472076, -0.04638181999325752, -0.12477105855941772, -0.3227826654911041, -0.0583609864115715], [-0.9548159837722778, -0.1069909855723381, -0.3372604250907898, 0.6791304349899292, -0.16223053634166718, -0.0947786271572113, -0.3670150339603424, 0.27874210476875305], [0.016763508319854736, -0.14720116555690765, 0.3877450227737427, -0.026095321401953697, 0.11298897862434387, -0.9875085949897766, -0.08024200052022934, 0.7286711931228638], [0.9764993786811829, 2.9758989810943604, -0.98613440990448, 0.6129137277603149, -0.8608142137527466, -2.4875566959381104, -0.4810701310634613, -0.7230709791183472], [0.6519891619682312, 0.0803137794137001, 0.20293454825878143, -0.2454635351896286, -0.10318592935800552, -0.125594362616539, -0.34948617219924927, -0.06873144209384918], [-2.237783193588257, -0.27840641140937805, -0.371101975440979, 0.980036199092865, -0.1645454615354538, -0.27214768528938293, -0.47159823775291443, 0.28867149353027344], [0.017077317461371422, -0.15003542602062225, 0.962390661239624, -0.07656128704547882, 0.13617010414600372, -2.930603265762329, -0.08360422402620316, 1.2702950239181519]]}