{"step": 13, "width": 8, "height": 8, "values": [[0.17345154285430908, 0.5938283801078796, -0.04079631343483925, -0.23808802664279938, -0.024347666651010513, 0.11149563640356064, -0.05748523771762848, -0.14826849102973938], [-0.2389499992132187, -0.11703243106603622, 0.10886479169130325, 0.31743547320365906, -0.2857897877693176, -0.05971772223711014, 0.04122127965092659, -0.5172656774520874], [0.19278672337532043, 0.10729503631591797, -0.08548244088888168, -0.7680188417434692, -0.019039977341890335, 0.7916755080223083, 0.04150937497615814, 0.43132245540618896], [0.04306522384285927, 0.02600046992301941, 0.1960204839706421, 0.36234208941459656, 0.6250646114349365, 0.309410035610199, -0.017791904509067535, -0.1490860879421234], [0.19218814373016357, 0.7320325970649719, -0.06462766230106354, -0.24595865607261658, -0.025125868618488312, 0.11943578720092773, -0.059262048453092575, -0.26306167244911194], [-0.26123371720314026, -0.295271635055542, 0.12262895703315735, 0.5196195840835571, -0.31494638323783875, -0.05992655083537102, 0.4791145920753479, -0.6801173090934753], [0.6236057281494141, 0.3640190362930298, -0.085810586810112, -1.1536531448364258, -0.025246726348996162, 1.4915889501571655, 0.043539781123399734, 0.4910634756088257], [0.04387658089399338, 0.026073206216096878, 0.31270715594291687, 0.3846510648727417, 0.7716330289840698, 0.4701493978500366, -0.019575240090489388, -0.1537965089082718]]}