{"step": 45, "width": 8, "height": 8, "values": [[-0.17347943782806396, 0.08835041522979736, -0.008421845734119415, -0.4302169978618622, 0.2575620412826538, -0.17831453680992126, 0.23298358917236328, -0.930781900882721], [-0.99704909324646, 0.9086526036262512, 0.25921252369880676, -0.02302519790828228, 0.0582430362701416, -0.18262410163879395, -0.0035542906261980534, -0.5137417316436768], [0.0828474909067154, 0.23086202144622803, 0.44814538955688477, 0.022775348275899887, 0.06511596590280533, 0.44965070486068726, -0.9897942543029785, 0.7827226519584656], [0.003627134719863534, -0.15994073450565338, 0.7136861085891724, 0.06394791603088379, -0.4209269881248474, -0.0004241361457388848, -0.07073251903057098, 0.11675623059272766], [-0.5358765721321106, 0.2745250165462494, -0.017255466431379318, -2.309230327606201, 0.3401002883911133, -0.8394007086753845, 1.0017039775848389, -1.7104562520980835], [-3.793840169906616, 1.5302927494049072, 0.27174314856529236, -0.16585636138916016, 0.13683083653450012, -0.1852346956729889, -0.08589239418506622, -2.085184097290039], [1.014276146888733, 0.2446090131998062, 0.4862336814403534, 0.05769496411085129, 0.0703050047159195, 0.6412971019744873, -2.748785972595215, 2.1774654388427734], [0.0037694848142564297, -0.16135558485984802, 1.3490198850631714, 0.09348312765359879, -0.838119387626648, -0.015181969851255417, -0.07120587676763535, 1.0077565908432007]]}