{"step": 0, "width": 8, "height": 8, "values": [[0.16335518658161163, -0.029573723673820496, 0.5260925889015198, 0.021176248788833618, 0.016492631286382675, 0.04566451534628868, -0.04392163082957268, -0.14167259633541107], [-0.1737169325351715, -0.09355904906988144, 0.00861380621790886, -0.15888792276382446, -0.14120763540267944, -0.008199912495911121, -0.15867041051387787, 0.053150828927755356], [-0.2349458783864975, -0.03314680978655815, -0.0069845207035541534, 0.19242876768112183, -0.044946927577257156, 0.3067547082901001, -0.4744625687599182, -0.14115671813488007], [-0.020584581419825554, 0.0058692628517746925, 0.4479990005493164, -0.04181702062487602, 0.021342745050787926, -0.22478139400482178, -0.002864743350073695, 0.5186567306518555], [0.19986678659915924, -0.0341712161898613, 0.6076247096061707, 0.02215801179409027, 0.016846133396029472, 0.05274233967065811, -0.050598934292793274, -0.17869159579277039], [-0.1793045997619629, -0.09427286684513092, 0.010404154658317566, -0.18521258234977722, -0.3493671417236328, -0.00824254471808672, -0.16190767288208008, 0.060731690376996994], [-0.28360840678215027, -0.03630805388092995, -0.008983783423900604, 0.23121778666973114, -0.045418623834848404, 0.3456384241580963, -0.7364082932472229, -0.1520901918411255], [-0.020948410034179688, 0.005947162862867117, 0.6922853589057922, -0.05827527120709419, 0.02501543238759041, -0.23350206017494202, -0.003126002848148346, 0.8290589451789856]]}