{"step": 34, "width": 8, "height": 8, "values": [[0.23216110467910767, 0.9554952383041382, -0.430042028427124, 0.07584181427955627, -0.6047028303146362, -0.9252267479896545, -0.32340720295906067, -0.42399200797080994], [0.5681989789009094, -0.09479480236768723, 0.06579001992940903, -0.5269753932952881, -0.273470938205719, -0.13368991017341614, -0.19483499228954315, -0.40340059995651245], [-0.9451003670692444, 0.2757377028465271, -0.40977102518081665, 0.4000261425971985, 0.5285712480545044, -0.18930073082447052, 0.006114883814007044, 0.3341062366962433], [0.004289667122066021, -0.15451189875602722, 0.5555114150047302, 0.10469529777765274, 0.1474035531282425, -0.9907000660896301, -0.07445274293422699, 0.654102087020874], [0.24875140190124512, 2.9491524696350098, -0.7580870389938354, 0.10086063295602798, -0.7084970474243164, -2.770678997039795, -0.3380315601825714, -0.6030914783477783], [0.6579350233078003, -0.09865596145391464, 0.20972104370594025, -0.7025126814842224, -0.45678746700286865, -0.13477036356925964, -0.21253308653831482, -0.4999031722545624], [-2.3253567218780518, 0.49628081917762756, -0.4485791325569153, 0.4636600613594055, 0.6045259237289429, -0.9224686622619629, 0.0063032531179487705, 0.3520563840866089], [0.00436004064977169, -0.15833160281181335, 0.7962045073509216, 0.4609224498271942, 0.2306032031774521, -3.5488121509552, -0.07924290001392365, 1.1227469444274902]]}