{"step": 15, "width": 4, "height": 4, "values": [[0.03983808308839798, -0.2930304706096649, -0.41465961933135986, -0.7429550290107727], [0.6721507906913757, -0.030203500762581825, 0.7654896378517151, 0.22464272379875183], [0.45127975940704346, -0.30495113134384155, -0.5934885740280151, -0.9780242443084717], [0.818657636642456, -0.21991869807243347, 1.0093501806259155, 1.0168935060501099]]}