{"step": 17, "width": 4, "height": 4, "values": [[-2.699989636312239e-05, 0.6767348051071167, -0.8612707853317261, -0.9081600904464722], [0.7467520236968994, -0.08263890445232391, 0.7539516091346741, 0.7397990822792053], [-6.843617302365601e-05, 0.8469725847244263, -1.8122732639312744, -1.5417959690093994], [0.9927319288253784, -0.0878177285194397, 0.9820805788040161, 1.503416895866394]]}