{"step": 26, "width": 4, "height": 4, "values": [[-0.5128389596939087, 0.5995895862579346, -0.4296015799045563, -0.8815373778343201], [0.9771780371665955, 0.0035583528224378824, 0.9881299734115601, 0.7857145071029663], [-0.904484748840332, 0.8269491791725159, -0.8430128693580627, -1.6176217794418335], [2.2761387825012207, 0.01224367693066597, 2.5610010623931885, 1.7582799196243286]]}