{"step": 25, "width": 4, "height": 4, "values": [[-0.5949054956436157, -0.045757755637168884, -0.1892511248588562, -0.8939951658248901], [0.9196114540100098, -0.009008720517158508, 0.9874281883239746, 0.4303525686264038], [-1.368298053741455, -0.05983607843518257, -0.6586087346076965, -1.6273913383483887], [2.3883731365203857, -0.038460083305835724, 2.532808780670166, 1.0305874347686768]]}