{"step": 6, "width": 4, "height": 4, "values": [[0.4398694932460785, -0.595855712890625, -0.27573779225349426, 0.4893960654735565], [0.019305899739265442, 0.3396284878253937, 0.7000650763511658, 0.7314443588256836], [1.3481709957122803, -0.8061136603355408, -0.48744767904281616, 0.5470654964447021], [0.08402750641107559, 0.908836305141449, 0.8675961494445801, 0.9964581727981567]]}