{"step": 21, "width": 4, "height": 4, "values": [[-0.4025413393974304, 0.7686765193939209, -0.4175686836242676, -0.989176869392395], [0.9690544605255127, 0.13950318098068237, 0.9016497135162354, 0.86256343126297], [-0.8609158992767334, 1.2000101804733276, -4.6592278480529785, -4.88909912109375], [2.225909471511841, 0.5047270655632019, 1.4810845851898193, 4.915927410125732]]}