{"step": 19, "width": 4, "height": 4, "values": [[-0.3635903596878052, 0.7035439014434814, -0.442109614610672, -0.9908449053764343], [0.887682318687439, 0.01644287444651127, 0.8183538913726807, 0.8911118507385254], [-0.7688603401184082, 1.0005910396575928, -3.3920352458953857, -3.189814567565918], [1.444501280784607, 0.06544361263513565, 1.1518564224243164, 3.1247968673706055]]}