{"step": 5, "width": 4, "height": 4, "values": [[0.38162243366241455, -0.5064036250114441, -0.40166139602661133, 0.7762699127197266], [0.12732240557670593, -0.2531464397907257, -0.11844564229249954, 0.6697092056274414], [0.4631000757217407, -0.5643751621246338, -0.7987842559814453, 1.0695890188217163], [0.14059703052043915, -0.6898726224899292, -0.11900679767131805, 1.5664842128753662]]}