{"step": 10, "width": 4, "height": 4, "values": [[0.3775452971458435, -0.1711883544921875, -0.08708683401346207, 0.35923489928245544], [0.20563863217830658, 0.0053968424908816814, -0.9039916396141052, 0.6508644223213196], [0.44789087772369385, -0.605286180973053, -0.24282583594322205, 0.4373975396156311], [0.2091055065393448, 0.024216804653406143, -1.4936901330947876, 0.9346383810043335]]}