{"step": 16, "width": 4, "height": 4, "values": [[0.012851287610828876, 0.3737301826477051, -0.738792896270752, -0.7296403646469116], [0.7338840365409851, -0.11093145608901978, 0.7639455795288086, 0.5348104238510132], [0.03857523575425148, 0.39289185404777527, -0.9482055306434631, -0.9315969944000244], [0.9391786456108093, -0.11208055913448334, 1.0056387186050415, 1.0660332441329956]]}