{"step": 11, "width": 4, "height": 4, "values": [[0.07339954376220703, -0.273127019405365, 0.16716539859771729, 0.5195030570030212], [0.41302183270454407, -0.0013283609878271818, -0.7611931562423706, 0.56465744972229], [0.07631491124629974, -0.38909465074539185, 0.4688626229763031, 0.6540855169296265], [0.44222596287727356, -0.006301871035248041, -0.9990584254264832, 0.7500956654548645]]}