{"step": 23, "width": 4, "height": 4, "values": [[-0.5170164704322815, -0.23943811655044556, -0.14910201728343964, -0.8938600420951843], [0.7757090926170349, 0.0684250071644783, 0.9889688491821289, 0.32406046986579895], [-1.745229721069336, -0.27979832887649536, -0.7478289604187012, -1.6102447509765625], [2.0574536323547363, 0.6572719812393188, 2.598022937774658, 2.0136122703552246]]}