{"step": 2, "width": 4, "height": 4, "values": [[0.1724911481142044, 0.1899031698703766, -0.7637306451797485, 0.9628239274024963], [0.05670631676912308, -0.053388748317956924, -0.9649533629417419, 0.903271496295929], [0.38584813475608826, 0.20867645740509033, -1.7788540124893188, 2.0882205963134766], [0.057191699743270874, -0.17072269320487976, -2.0141243934631348, 2.1484897136688232]]}