{"step": 28, "width": 4, "height": 4, "values": [[-0.4702233672142029, 0.1218964159488678, -0.664330005645752, -0.7394418120384216], [0.9204172492027283, 0.5150149464607239, 0.9971468448638916, 0.43324053287506104], [-1.6660736799240112, 0.12782782316207886, -1.352556824684143, -1.0267294645309448], [3.43496036529541, 1.246672511100769, 3.2815816402435303, 2.1513943672180176]]}