{"step": 0, "width": 4, "height": 4, "values": [[0.003986896015703678, 0.5572690367698669, -0.7257592678070068, 0.6664546728134155], [-0.018191134557127953, 0.03055655024945736, -0.45733585953712463, 0.6476799845695496], [0.022686408832669258, 0.7314466834068298, -0.9848411083221436, 0.8292684555053711], [-0.018292035907506943, 0.031924113631248474, -0.4939765930175781, 0.9311092495918274]]}