{"step": 27, "width": 4, "height": 4, "values": [[-0.5964200496673584, 0.5106383562088013, -0.17537306249141693, -0.9542264938354492], [0.8923568725585938, 0.2533080279827118, 0.985798180103302, 0.5767114758491516], [-0.777274489402771, 0.5707985758781433, -0.9546489119529724, -2.1510119438171387], [3.089850902557373, 0.778099775314331, 2.4705116748809814, 2.63594126701355]]}