{"step": 3, "width": 4, "height": 4, "values": [[0.16224305331707, 0.07735981792211533, -0.7578123211860657, 0.9722545146942139], [0.06600674986839294, -0.10176688432693481, -0.9855262041091919, 0.9100573062896729], [0.3694872260093689, 0.08416767418384552, -1.8036484718322754, 2.283094882965088], [0.06661756336688995, -0.3491430878639221, -2.462970018386841, 2.191445827484131]]}