{"step": 9, "width": 4, "height": 4, "values": [[0.25595229864120483, -0.1961738020181656, -0.21261349320411682, 0.803126871585846], [0.09407240152359009, 0.10630642622709274, -0.9381135106086731, 0.7862317562103271], [0.31948763132095337, -0.6263062953948975, -0.9523552656173706, 1.2591910362243652], [0.09525930881500244, 0.4844268262386322, -1.722274661064148, 1.1833277940750122]]}