{"step": 20, "width": 4, "height": 4, "values": [[-0.37974831461906433, 0.7479663491249084, -0.4038197994232178, -0.9899460673332214], [0.9423243999481201, 0.07631020247936249, 0.8474928140640259, 0.864662766456604], [-0.799895703792572, 1.1267576217651367, -4.026989459991455, -4.039697647094727], [1.8345364332199097, 0.2776322364807129, 1.247259259223938, 4.022135257720947]]}