{"step": 12, "width": 4, "height": 4, "values": [[0.6593419313430786, 0.21682336926460266, 0.4491659998893738, 0.48822999000549316], [0.15579478442668915, 0.044176772236824036, -0.22840210795402527, 0.6966686844825745], [0.8772230744361877, 0.3788894712924957, 0.7465689182281494, 0.9806487560272217], [0.16738450527191162, 0.044549454003572464, -0.23251870274543762, 1.0192937850952148]]}