{"step": 24, "width": 4, "height": 4, "values": [[-0.40532588958740234, 0.05849495530128479, -0.061238911002874374, -0.9147152900695801], [0.964177668094635, 0.1005934327840805, 0.9313260316848755, 0.9193261861801147], [-0.5130572319030762, 0.19443237781524658, -1.0711677074432373, -2.342679500579834], [2.1647915840148926, 0.6575812697410583, 1.6683753728866577, 2.2817368507385254]]}