{"step": 8, "width": 4, "height": 4, "values": [[0.34227636456489563, -0.1475134640932083, -0.258873850107193, 0.8386385440826416], [0.10792455822229385, 0.1473068743944168, -0.8431982398033142, 0.7892197966575623], [0.42495933175086975, -0.4456031322479248, -0.959144115447998, 1.4047931432724], [0.10942813754081726, 0.6569254398345947, -1.2321856021881104, 1.1774839162826538]]}