{"step": 7, "width": 4, "height": 4, "values": [[0.5179209113121033, -0.07165838778018951, -0.26986226439476013, 0.7547096610069275], [0.1112920269370079, 0.17580048739910126, -0.3682021200656891, 0.7726207971572876], [0.6599662899971008, -0.21155740320682526, -1.0105760097503662, 1.1122279167175293], [0.11309315264225006, 0.7828596234321594, -0.3863471746444702, 1.1017507314682007]]}