{"step": 1, "width": 4, "height": 4, "values": [[0.1606186181306839, 0.4383052587509155, -0.7407126426696777, 0.9162892699241638], [0.0347931869328022, -0.004172423854470253, -0.8725595474243164, 0.8754627704620361], [0.34199485182762146, 0.5176978707313538, -1.5978044271469116, 1.607978105545044], [0.035057183355093, -0.01348775066435337, -1.343892216682434, 1.7312736511230469]]}