{"step": 4, "width": 4, "height": 4, "values": [[0.27640029788017273, 0.15506860613822937, -0.6367212533950806, 0.7333853244781494], [0.18491901457309723, -0.029474539682269096, -0.9686416983604431, 0.7393255233764648], [0.4835011661052704, 0.17271052300930023, -0.9406317472457886, 0.9647402763366699], [0.1874324083328247, -0.10121391713619232, -2.070244073867798, 1.270263910293579]]}