{"step": 22, "width": 4, "height": 4, "values": [[-0.5190716981887817, 0.807255744934082, -0.4871881604194641, -0.9715094566345215], [0.9841066598892212, 0.15926781296730042, 0.9473966360092163, 0.729648232460022], [-0.8858805894851685, 1.4129081964492798, -1.4325268268585205, -3.390542984008789], [2.4757931232452393, 0.5680602788925171, 1.805816650390625, 5.298991680145264]]}