{"step": 13, "width": 4, "height": 4, "values": [[0.4482640027999878, 0.10624042898416519, -0.06866000592708588, -0.33673298358917236], [0.09064631909132004, 0.03819772228598595, -0.499239981174469, 0.25264060497283936], [1.035292148590088, 0.12980513274669647, -0.3319709599018097, -0.8496107459068298], [0.12424741685390472, 0.04072622209787369, -0.5483090877532959, 0.9554762840270996]]}