{"step": 18, "width": 4, "height": 4, "values": [[-0.13147081434726715, 0.5702767372131348, -0.8182085752487183, -0.9758794903755188], [0.8074831366539001, -0.05838640406727791, 0.8509672284126282, 0.7403861880302429], [-0.8881572484970093, 0.7327983379364014, -2.748241424560547, -2.312220573425293], [1.1334030628204346, -0.06230806186795235, 1.2597136497497559, 2.2455687522888184]]}