{"step": 14, "width": 4, "height": 4, "values": [[0.29696860909461975, -0.37290337681770325, -0.08017478138208389, -0.14919066429138184], [0.027729593217372894, -0.0013744402676820755, 0.2322239875793457, 0.11704013496637344], [0.39653441309928894, -0.49201616644859314, -0.3004743158817291, -0.1736423671245575], [0.06814625859260559, -0.05529079958796501, 0.2365485429763794, 0.12633776664733887]]}