{"step": 203, "width": 8, "height": 8, "values": [[0.6027988791465759, -0.9635290503501892, 0.34189873933792114, 0.011667896993458271, -0.9739092588424683, -0.9577149748802185, -0.20140011608600616, -0.1678878515958786], [-0.05726231634616852, -0.9165687561035156, 0.4108993113040924, 0.9271206259727478, -0.21298982203006744, -0.5138436555862427, -0.2446373701095581, 0.8926246166229248], [-0.9542965888977051, 0.28426796197891235, 0.028057299554347992, 0.8210465908050537, 0.5772534608840942, -0.26896607875823975, 0.06952473521232605, -0.6668784022331238], [-0.006180288270115852, -0.9462921619415283, 0.8095720410346985, -0.007560947444289923, 0.5660830140113831, -0.9942423701286316, 0.8376502394676208, 0.2627527415752411], [4.825911998748779, -20.481510162353516, 0.38815033435821533, 0.03582421690225601, -2.224331855773926, -11.062667846679688, -0.2929438352584839, -0.23329831659793854], [-0.071085624396801, -1.757631540298462, 0.921788215637207, 2.6895058155059814, -0.5239256024360657, -0.5731061100959778, -0.283886194229126, 1.693916916847229], [-2.2663421630859375, 0.29790425300598145, 0.06661095470190048, 2.1577069759368896, 0.7218419313430786, -1.2522509098052979, 0.08581986278295517, -0.8484703302383423], [-0.006587069947272539, -4.999471664428711, 1.4110691547393799, -0.14144349098205566, 0.7275077104568481, -3.15384578704834, 1.2404985427856445, 0.944601833820343]]}