{"step": 240, "width": 8, "height": 8, "values": [[0.8063473701477051, -0.9978886246681213, -0.36323508620262146, -0.06548406928777695, -0.8611428141593933, -0.974137544631958, -0.21669062972068787, -0.11818727850914001], [0.7689334750175476, -0.08604291081428528, 0.17966397106647491, 0.6949414014816284, -0.18326671421527863, -0.731926441192627, -0.17733511328697205, -0.892181932926178], [-0.9777497053146362, -0.007019038777798414, -0.5300052762031555, 0.09960515797138214, 0.02299412153661251, -0.09129276871681213, 0.13252738118171692, 0.5464559197425842], [-0.1365833580493927, -0.970561683177948, 0.6737891435623169, 0.04371444508433342, 0.2904309928417206, -0.9535635709762573, 0.9407844543457031, 0.6143519878387451], [6.482823371887207, -12.012526512145996, -0.808364987373352, -0.07588063925504684, -1.3726752996444702, -29.214744567871094, -0.23364534974098206, -0.2991936206817627], [1.1169829368591309, -0.16177095472812653, 0.7591519951820374, 5.7574381828308105, -0.19284017384052277, -0.9363728165626526, -0.2145930975675583, -1.8466042280197144], [-5.507572174072266, -0.04519307613372803, -0.7125342488288879, 0.11221274733543396, 0.054311200976371765, -1.228756070137024, 0.3296023905277252, 0.6211488842964172], [-0.14100831747055054, -6.937802314758301, 0.8885676264762878, 0.10576826333999634, 0.39009255170822144, -3.695241689682007, 1.833033561706543, 0.7989089488983154]]}