{"step": 105, "width": 8, "height": 8, "values": [[0.2868305444717407, -0.9755369424819946, 0.8962545990943909, -0.34150052070617676, 0.6347419619560242, 0.4810433089733124, -0.7272790670394897, -0.1251569241285324], [-0.01612895354628563, -0.8643129467964172, 0.8018474578857422, 0.64337158203125, -0.9293199181556702, -0.4014245271682739, 0.39828744530677795, 0.8040697574615479], [0.047580692917108536, -0.02023102156817913, -0.3996856212615967, -0.8451545834541321, -0.01982680708169937, 0.5242415070533752, -0.5611228346824646, 0.22147516906261444], [0.96913081407547, -0.9533333778381348, 0.10757334530353546, 0.1107991561293602, 0.5543076992034912, 0.6316067576408386, 0.5054898858070374, -0.11340754479169846], [17.418682098388672, -13.017647743225098, 2.3648369312286377, -0.36956170201301575, 0.7616115212440491, 0.5971286296844482, -0.9285399317741394, -0.2669103443622589], [-0.0659702867269516, -1.3111134767532349, 1.4127471446990967, 1.1109892129898071, -1.8261985778808594, -0.42869967222213745, 0.45041733980178833, 1.1982423067092896], [0.1557340919971466, -0.03863591328263283, -0.4335486590862274, -1.4819661378860474, -0.11952509731054306, 0.7886282801628113, -0.9790647029876709, 0.2460264265537262], [3.362034320831299, -1.8816101551055908, 0.13071341812610626, 0.11465467512607574, 0.7248309254646301, 1.2193162441253662, 0.5844600200653076, -0.2267170548439026]]}