{"step": 77, "width": 8, "height": 8, "values": [[0.262052059173584, -0.9526113867759705, 0.9353578686714172, 0.05954841896891594, 0.8237345218658447, 0.27279967069625854, -0.7904881834983826, -0.12647967040538788], [0.1049165278673172, -0.9886292219161987, 0.8238306641578674, 0.7611423134803772, -0.7053158283233643, -0.41426777839660645, -0.3119652569293976, 0.6601362824440002], [-0.3285095691680908, 0.014231206849217415, 0.2581256628036499, -0.8528735041618347, 0.3886048197746277, 0.19105349481105804, 0.015072041191160679, -0.12322845309972763], [0.9598546028137207, -0.8387757539749146, 0.34191256761550903, 0.06628846377134323, 0.6977432370185852, 0.7998411655426025, 0.42928704619407654, 0.07181069999933243], [10.771602630615234, -7.1400651931762695, 1.7468883991241455, 0.06339395046234131, 1.184771180152893, 0.31451430916786194, -1.1087589263916016, -0.2152520716190338], [0.9616631865501404, -2.6632070541381836, 1.580564022064209, 1.3894684314727783, -1.7563316822052002, -0.44525060057640076, -0.3255220353603363, 0.8555694818496704], [-0.5690693855285645, 0.014651107601821423, 0.4002467095851898, -1.6829901933670044, 0.4649864435195923, 0.20400406420230865, 0.021962961181998253, -0.13751186430454254], [3.1015419960021973, -1.236201286315918, 0.47047847509384155, 0.09120220690965652, 0.9880357384681702, 1.1229091882705688, 0.4925801753997803, 0.4624156355857849]]}