{"step": 250, "width": 8, "height": 8, "values": [[0.8331366181373596, -0.9913076758384705, 0.4003557860851288, -0.015482037328183651, -0.6579254269599915, -0.9811939597129822, -0.23866254091262817, -0.417987585067749], [0.6613087058067322, -0.6307621598243713, 0.2373778522014618, 0.871425986289978, -0.13893380761146545, -0.7728586792945862, 0.09966165572404861, -0.9072862863540649], [-0.9704440236091614, 0.025297226384282112, -0.7562127113342285, 0.553867757320404, 0.03769347816705704, -0.021502545103430748, -0.11769016087055206, 0.4373166561126709], [-0.21353738009929657, -0.9151822328567505, 0.6266829371452332, -0.02551034465432167, 0.2195141464471817, -0.9787015914916992, 0.9531385898590088, 0.2123642861843109], [4.621167182922363, -10.19111442565918, 0.5735391974449158, -0.019071005284786224, -0.810525119304657, -33.837310791015625, -0.24510911107063293, -0.652082085609436], [0.886798620223999, -0.7480828762054443, 0.6874430179595947, 4.314176082611084, -0.24662764370441437, -1.0306694507598877, 0.10042066872119904, -3.0577096939086914], [-5.04298734664917, 0.09148331731557846, -1.079793095588684, 0.7626261115074158, 0.08340106904506683, -1.5913869142532349, -0.24067145586013794, 0.48242470622062683], [-0.2188650518655777, -7.04093074798584, 1.1333131790161133, -0.1472102552652359, 0.2573526203632355, -2.563321113586426, 1.9743080139160156, 0.9236112833023071]]}