{"step": 25, "width": 8, "height": 8, "values": [[-0.8666002154350281, 0.6455242037773132, 0.6512191891670227, 0.33345353603363037, -0.9630407094955444, -0.7185806632041931, -0.05589472874999046, -0.2473275363445282], [0.3837798833847046, -0.5749979019165039, 0.5774465203285217, 0.5898351073265076, -0.7109237909317017, -0.10412493348121643, -0.13054095208644867, 0.430853009223938], [0.3396223187446594, 0.2167387753725052, -0.5508240461349487, -0.979067325592041, 0.42912933230400085, 0.49266642332077026, -0.7279054522514343, 0.16091489791870117], [0.964893639087677, -0.35563895106315613, 0.17265696823596954, 0.3059656322002411, 0.5580273270606995, 0.8954561352729797, 0.04806886613368988, 0.10158132016658783], [-3.8624699115753174, 0.8056259155273438, 0.9773020148277283, 0.3649634122848511, -2.2681989669799805, -1.1446192264556885, -0.056062448769807816, -0.44097796082496643], [0.629986047744751, -0.6626054644584656, 1.2974904775619507, 1.0631153583526611, -1.0037778615951538, -0.10540296137332916, -0.14685757458209991, 0.49579909443855286], [0.8947023153305054, 0.3116390109062195, -0.6207439303398132, -4.47674036026001, 0.4839588701725006, 0.591059684753418, -0.9941619634628296, 0.16825656592845917], [3.5213911533355713, -0.37246787548065186, 0.20520088076591492, 0.3945581018924713, 1.116686463356018, 5.771598815917969, 0.05110730230808258, 0.15308760106563568]]}