{"step": 29, "width": 8, "height": 8, "values": [[-0.9196529388427734, 0.7079352140426636, 0.7151842713356018, 0.27658432722091675, -0.9687003493309021, -0.8947860598564148, -0.15010924637317657, -0.1575920730829239], [0.4226096570491791, -0.7120751738548279, 0.5355787873268127, 0.4761878252029419, -0.6876806616783142, -0.10897034406661987, 0.3865503966808319, 0.1265663504600525], [0.3081085681915283, -0.02168336883187294, -0.6590678095817566, -0.9803760647773743, 0.0446280799806118, 0.6117323637008667, -0.36311185359954834, 0.08822225034236908], [0.965997576713562, -0.4525485932826996, 0.18846334517002106, 0.27340060472488403, 0.6021360158920288, 0.9302008152008057, 0.06764868646860123, 0.22739847004413605], [-3.438955545425415, 0.916094183921814, 1.17318594455719, 0.28682300448417664, -2.2759416103363037, -1.7969746589660645, -0.1515672355890274, -0.31155359745025635], [0.700819730758667, -0.8975025415420532, 1.4214577674865723, 1.008679747581482, -0.8649091124534607, -0.10984425991773605, 0.4528447687625885, 0.13263007998466492], [0.7407916784286499, -0.07386820763349533, -0.8010620474815369, -4.694390296936035, 0.0874459519982338, 1.0927034616470337, -1.1473500728607178, 0.08975105732679367], [3.3858184814453125, -0.4883514642715454, 0.22975847125053406, 0.29780980944633484, 1.0456244945526123, 6.31108283996582, 0.07190123945474625, 0.2663607597351074]]}