{"step": 7, "width": 8, "height": 8, "values": [[0.00214332970790565, 0.4302930533885956, -0.8215423822402954, -0.13221155107021332, 0.23776568472385406, 0.06526682525873184, -0.06571809947490692, -0.12586957216262817], [0.6550621390342712, 0.46496930718421936, 0.023740680888295174, -0.0567307323217392, -0.32594603300094604, -0.018829448148608208, -0.06598766893148422, -0.3285634219646454], [0.4023109972476959, -0.07550922781229019, -0.2409108430147171, -0.49667471647262573, -0.4907483458518982, -0.3888005316257477, 0.6188870668411255, 0.5888039469718933], [0.14493747055530548, -0.019509484991431236, 0.24355757236480713, 0.24473267793655396, 0.4965449273586273, 0.29089856147766113, -0.018113771453499794, -0.1410430520772934], [0.0023463682737201452, 0.5212129950523376, -1.4852617979049683, -0.13626410067081451, 0.24642455577850342, 0.07204815745353699, -0.07713409513235092, -0.2790832817554474], [0.8011670112609863, 0.5334949493408203, 0.03643826022744179, -0.1273893415927887, -0.4240110218524933, -0.018901905044913292, -0.1003364622592926, -0.4054454565048218], [0.4723772704601288, -0.10114814341068268, -0.2458188831806183, -0.6066399812698364, -0.6109213829040527, -0.4777037501335144, 0.7396491765975952, 0.858081042766571], [0.14772294461727142, -0.019604625180363655, 0.2880968451499939, 0.26482847332954407, 0.6047421097755432, 0.5604379773139954, -0.020245710387825966, -0.17343896627426147]]}