{"step": 159, "width": 8, "height": 8, "values": [[0.2995145618915558, -0.9903782606124878, 0.6502623558044434, 0.09693755954504013, -0.18749219179153442, 0.0594707652926445, -0.31664884090423584, -0.14654198288917542], [0.36605703830718994, -0.9786207675933838, 0.6145683526992798, 0.6915976405143738, -0.28925633430480957, -0.3108363449573517, -0.07224536687135696, 0.8562391400337219], [-0.07315223664045334, 0.01742260530591011, -0.13881036639213562, -0.9382314682006836, 0.162554532289505, 0.813122034072876, -0.46901366114616394, -0.0015425380552187562], [0.9568561315536499, -0.9876919984817505, 0.35796788334846497, -0.18786892294883728, 0.6595532298088074, 0.8743613958358765, 0.6251811981201172, 0.045944955199956894], [30.208873748779297, -22.133909225463867, 0.9216896891593933, 0.10058912634849548, -0.19218628108501434, 0.063303142786026, -0.32926103472709656, -0.22301268577575684], [1.1602782011032104, -2.5897083282470703, 1.018569827079773, 1.833453893661499, -0.456320196390152, -0.32395073771476746, -0.07284855097532272, 1.4256457090377808], [-0.1672247052192688, 0.029502322897315025, -0.18380925059318542, -4.916147232055664, 0.17652885615825653, 1.2594387531280518, -1.0501656532287598, -0.0016005386132746935], [2.6802375316619873, -3.125959873199463, 0.7496528029441833, -0.20485961437225342, 0.9786090850830078, 1.3957979679107666, 0.7801263332366943, 0.060936473309993744]]}