{"step": 228, "width": 8, "height": 8, "values": [[0.7026989459991455, -0.9942354559898376, -0.5420423746109009, 0.027743561193346977, -0.9849520325660706, -0.9737750887870789, -0.28125208616256714, -0.07663201540708542], [0.6731354594230652, -0.45708203315734863, 0.17818595468997955, 0.7034882307052612, -0.6319409012794495, -0.6827713847160339, 0.07609114795923233, 0.17192526161670685], [-0.9664135575294495, -0.04284230247139931, -0.6432169675827026, 0.06608343124389648, 0.012484953738749027, -0.012712180614471436, 0.25852397084236145, 0.48293283581733704], [0.008438320830464363, -0.9760599732398987, 0.5747013688087463, 0.02819245494902134, 0.36704930663108826, -0.9737931489944458, 0.916594922542572, 0.7264837026596069], [7.732364654541016, -15.147514343261719, -0.7888829708099365, 0.03666207939386368, -2.8116018772125244, -23.75880241394043, -0.2974788546562195, -0.1837867647409439], [0.9326323866844177, -0.5317702293395996, 0.8241428732872009, 5.852418422698975, -0.7904674410820007, -0.837463915348053, 0.10812029242515564, 0.18132677674293518], [-3.6330554485321045, -0.09731879830360413, -0.780909538269043, 0.07299382984638214, 0.11984319984912872, -0.45403704047203064, 0.5761578679084778, 0.5369827151298523], [0.00872265174984932, -6.600564479827881, 0.6901275515556335, 0.08028402924537659, 0.4432218074798584, -3.4678711891174316, 1.6485488414764404, 1.426222562789917]]}