{"step": 84, "width": 8, "height": 8, "values": [[0.1283431053161621, -0.9707372784614563, 0.9670000076293945, 0.12547294795513153, 0.7340575456619263, 0.5462879538536072, -0.4886234998703003, -0.08715112507343292], [0.1920580118894577, -0.9206488728523254, 0.7921474575996399, 0.7558340430259705, -0.8457526564598083, -0.4097905457019806, 0.10778550058603287, 0.7924111485481262], [-0.20483648777008057, 0.14545907080173492, 0.29573920369148254, -0.9222863912582397, 0.5398150086402893, -0.646265983581543, 0.04054153710603714, 0.3680064380168915], [0.9648756980895996, -0.8754445314407349, 0.19530998170375824, 0.009489933960139751, 0.880460798740387, 0.7949548363685608, 0.45868197083473206, -0.0559224933385849], [14.45621109008789, -9.848981857299805, 2.272712469100952, 0.14776355028152466, 0.9560848474502563, 0.7318977117538452, -0.5353531241416931, -0.204029843211174], [1.1361559629440308, -1.6199009418487549, 1.5100868940353394, 1.6483920812606812, -1.514785647392273, -0.4414850175380707, 0.1128338873386383, 1.1994030475616455], [-0.42253392934799194, 0.21861496567726135, 0.31936049461364746, -3.4716038703918457, 0.9302833676338196, -0.9040456414222717, 0.047099318355321884, 0.4358731508255005], [3.3372926712036133, -1.3993651866912842, 0.20904171466827393, 0.013507534749805927, 1.7459641695022583, 1.307956576347351, 0.5320419073104858, -0.38178253173828125]]}