{"step": 191, "width": 8, "height": 8, "values": [[0.6060090661048889, -0.9565752148628235, 0.3658658266067505, 0.014431358315050602, -0.9144791960716248, -0.9574384689331055, -0.184360072016716, -0.17779111862182617], [-0.016639679670333862, -0.9358446598052979, 0.4245034456253052, 0.9258871674537659, -0.1973683089017868, -0.3908121585845947, -0.2590423822402954, 0.9049507975578308], [-0.9508383870124817, 0.26214560866355896, 0.0006892457022331655, 0.8219448924064636, 0.4788226783275604, -0.3395652770996094, 0.07848531007766724, -0.696201503276825], [0.2137744426727295, -0.9455189108848572, 0.7895135879516602, -0.0031530996784567833, 0.5677018165588379, -0.9878114461898804, 0.7772865891456604, 0.2878790497779846], [9.606303215026855, -22.251699447631836, 0.41227707266807556, 0.04520038515329361, -1.5698186159133911, -7.178647041320801, -0.26739925146102905, -0.2482796013355255], [-0.02109740860760212, -1.9303510189056396, 0.9529174566268921, 3.327044725418091, -0.48478907346725464, -0.4164883494377136, -0.29523736238479614, 1.8423341512680054], [-2.188511371612549, 0.2728981673717499, 0.0014541391283273697, 1.6900078058242798, 0.5559244751930237, -1.338844656944275, 0.09814957529306412, -0.9036927223205566], [0.2330087572336197, -4.4158759117126465, 1.3364486694335938, -0.06362436711788177, 0.7323653101921082, -2.648289680480957, 1.0584852695465088, 0.9854718446731567]]}