{"step": 221, "width": 8, "height": 8, "values": [[0.6672266125679016, -0.9960928559303284, -0.14183831214904785, 0.20753006637096405, -0.9791602492332458, -0.9857202172279358, -0.1602558195590973, -0.18074361979961395], [0.6752752065658569, -0.2322535514831543, 0.18971174955368042, 0.7984148263931274, -0.23458875715732574, -0.6493535041809082, 0.11025717109441757, 0.6921016573905945], [-0.8091609477996826, 0.027288956567645073, -0.5017257332801819, -0.35230112075805664, -0.08983804285526276, -0.06413281708955765, 0.15561102330684662, 0.4070706367492676], [0.02700774557888508, -0.9733304381370544, 0.6081814169883728, -0.06303303688764572, 0.7583624124526978, -0.9515331387519836, 0.9092910885810852, 0.2748410999774933], [6.2207865715026855, -16.37516212463379, -0.24177861213684082, 0.22910462319850922, -3.1166064739227295, -19.2385311126709, -0.1650204360485077, -0.43210962414741516], [1.0020321607589722, -0.5196300745010376, 0.8753641247749329, 5.950350761413574, -0.2680133283138275, -0.7773448824882507, 0.536952793598175, 0.9157907366752625], [-2.800065517425537, 0.2726808786392212, -0.5551676154136658, -0.389239639043808, -0.2902786433696747, -0.7969857454299927, 0.3095671832561493, 0.4541354775428772], [0.028471827507019043, -6.063228607177734, 0.792984127998352, -0.16991432011127472, 1.0582771301269531, -4.472829341888428, 1.5739314556121826, 0.3455491364002228]]}