{"step": 211, "width": 8, "height": 8, "values": [[0.6034823060035706, -0.965192437171936, 0.34164392948150635, 0.011428819969296455, -0.982424795627594, -0.9579589366912842, -0.21187226474285126, -0.16215884685516357], [-0.05975737050175667, -0.9095639586448669, 0.40408387780189514, 0.9152002930641174, -0.2144836038351059, -0.588858425617218, -0.24123619496822357, 0.8806326389312744], [-0.956348180770874, 0.28754544258117676, 0.02925637923181057, 0.815929651260376, 0.585903525352478, -0.2557511329650879, 0.06544099003076553, -0.6583296060562134], [-0.03473338857293129, -0.945375919342041, 0.816612184047699, -0.008000323548913002, 0.5605539083480835, -0.9943474531173706, 0.869297206401825, 0.2546404302120209], [4.25234317779541, -19.39093017578125, 0.38870102167129517, 0.03482769429683685, -2.4619874954223633, -13.331483840942383, -0.3071823716163635, -0.22590036690235138], [-0.0740187019109726, -1.7021169662475586, 0.8991233110427856, 2.20406436920166, -0.5284299850463867, -0.6824918389320374, -0.2799394726753235, 1.5965919494628906], [-2.3258934020996094, 0.3016466796398163, 0.07113203406333923, 2.183295965194702, 0.7400596141815186, -1.242529273033142, 0.08045730739831924, -0.8327446579933167], [-0.036960169672966, -5.3864426612854, 1.437776803970337, -0.15432751178741455, 0.7174049019813538, -3.1642062664031982, 1.3642055988311768, 0.9346612095832825]]}