{"step": 217, "width": 8, "height": 8, "values": [[0.7111955285072327, -0.9932377338409424, 0.46415406465530396, -0.0013133588945493102, -0.9855843186378479, -0.9782617092132568, -0.26934564113616943, -0.24691146612167358], [0.6367490887641907, -0.6987797617912292, 0.2549647390842438, 0.8313928246498108, -0.141801655292511, -0.63001549243927, 0.12261593341827393, 0.7279056310653687], [-0.9583605527877808, 0.06548675894737244, -0.7673242092132568, 0.40139302611351013, 0.10109538584947586, -0.0640774816274643, -0.08174346387386322, -0.15198618173599243], [0.053028661757707596, -0.9054923057556152, 0.6504712700843811, -0.015725644305348396, 0.5721563100814819, -0.994425892829895, 0.8888435363769531, 0.24278524518013], [6.085908889770508, -17.915283203125, 0.5462568998336792, -0.0018386252922937274, -2.9745700359344482, -16.778146743774414, -0.2800522446632385, -0.37436914443969727], [0.8290659189224243, -0.8757690191268921, 0.8834719061851501, 4.688673496246338, -0.34796345233917236, -0.7446577548980713, 0.12391461431980133, 1.003778338432312], [-2.73283314704895, 0.12835386395454407, -1.1339449882507324, 0.47049590945243835, 0.15039685368537903, -0.5814151763916016, -0.25935521721839905, -0.159821018576622], [0.054277170449495316, -5.850326061248779, 1.0138500928878784, -0.11281614750623703, 0.7298537492752075, -3.687778949737549, 1.4906589984893799, 0.6350846886634827]]}