{"step": 110, "width": 8, "height": 8, "values": [[0.3068637251853943, -0.9626557230949402, 0.9518913626670837, -0.12430502474308014, 0.6572339534759521, 0.5522067546844482, -0.36127233505249023, -0.14821140468120575], [0.19643309712409973, -0.95817631483078, 0.7451516389846802, 0.5739067792892456, -0.8145058155059814, -0.3958579897880554, 0.6257240772247314, 0.7865741848945618], [0.002505440730601549, 0.03626555949449539, -0.12128309160470963, -0.9740203619003296, 0.07656212896108627, -0.44867968559265137, -0.10807070881128311, 0.38521236181259155], [0.9608550667762756, -0.9582741260528564, 0.1157306507229805, -0.10444339364767075, 0.8250904679298401, 0.6244886517524719, 0.5137477517127991, -0.039674222469329834], [19.3043155670166, -14.62047290802002, 2.8876101970672607, -0.15735654532909393, 0.8233974575996399, 0.6918389797210693, -0.3790636658668518, -0.2974507510662079], [1.4088287353515625, -1.9752426147460938, 1.3670693635940552, 1.2819195985794067, -1.383927822113037, -0.42440930008888245, 0.8254889845848083, 1.1640625], [0.010855433531105518, 0.055756762623786926, -0.12202387303113937, -3.2551467418670654, 0.31601881980895996, -0.639295756816864, -0.11727654933929443, 0.531145453453064], [3.551525354385376, -1.9888417720794678, 0.1333554983139038, -0.123830147087574, 1.3408699035644531, 1.4422388076782227, 0.6020578742027283, -0.11282806843519211]]}