{"step": 62, "width": 8, "height": 8, "values": [[0.5782162547111511, -0.9422252774238586, 0.9054738879203796, -0.15901720523834229, 0.7646299600601196, -0.43234479427337646, -0.2872356176376343, -0.29959115386009216], [0.46675390005111694, -0.8643113970756531, 0.709453284740448, 0.7334374189376831, -0.8160625696182251, -0.28602054715156555, 0.5127426981925964, -0.6600889563560486], [-0.3620644807815552, 0.16853193938732147, -0.5130876898765564, -0.9585378170013428, 0.17362713813781738, -0.6749519109725952, 0.14756807684898376, 0.08783407509326935], [0.975682258605957, -0.711214005947113, 0.2723296582698822, 0.49922582507133484, 0.5735172033309937, 0.07936733216047287, 0.32929283380508423, 0.13444560766220093], [4.840710163116455, -3.7560923099517822, 2.045055866241455, -0.1963212937116623, 1.0172141790390015, -0.5199916362762451, -0.2981923222541809, -0.5874611735343933], [0.7989935278892517, -1.3177813291549683, 1.6531203985214233, 1.3792327642440796, -1.3234859704971313, -0.29596513509750366, 0.6268395781517029, -0.8991296291351318], [-0.8188483119010925, 0.28366464376449585, -0.5703418850898743, -2.1055238246917725, 0.2744896709918976, -0.9316456317901611, 0.1552579551935196, 0.09040520340204239], [2.770568609237671, -0.9054780602455139, 0.31880903244018555, 0.7054691314697266, 0.7469195127487183, 0.10293971002101898, 0.35450103878974915, 0.8867815136909485]]}