{"step": 188, "width": 8, "height": 8, "values": [[0.5972521305084229, -0.9551279544830322, 0.43431997299194336, 0.018656175583600998, -0.8624356985092163, -0.957135796546936, -0.1913479119539261, -0.1845780313014984], [0.0381389744579792, -0.9381107091903687, 0.43127554655075073, 0.9258049726486206, -0.19680847227573395, -0.3583962321281433, -0.24791981279850006, 0.9065410494804382], [-0.9441189169883728, 0.25094759464263916, -0.025943221524357796, 0.7357619404792786, 0.39185065031051636, -0.4179820418357849, 0.07251982390880585, -0.71379154920578], [0.3849300146102905, -0.9463794231414795, 0.7736627459526062, 0.0007221656269393861, 0.5867601633071899, -0.9740186929702759, 0.7586603760719299, 0.264138787984848], [13.0662841796875, -22.739675521850586, 0.49441027641296387, 0.0575893335044384, -1.3122625350952148, -6.129279613494873, -0.25812864303588867, -0.25691306591033936], [0.051164571195840836, -1.9081758260726929, 0.9584330320358276, 3.4468657970428467, -0.48552045226097107, -0.3786132037639618, -0.27375176548957825, 1.8863661289215088], [-2.1371843814849854, 0.2603476643562317, -0.04718969389796257, 1.1286598443984985, 0.4350426197052002, -1.2684216499328613, 0.08869212865829468, -0.9383872151374817], [0.4393855929374695, -4.267096996307373, 1.2926944494247437, 0.015536520630121231, 0.7676889300346375, -2.212801933288574, 1.0117753744125366, 0.9967091679573059]]}