{"step": 143, "width": 8, "height": 8, "values": [[0.3452592194080353, -0.9788346290588379, 0.7579911351203918, 0.14552530646324158, 0.019604763016104698, 0.5636469125747681, -0.3684338331222534, -0.2049056887626648], [0.25022974610328674, -0.9593560695648193, 0.6644297242164612, 0.6473098397254944, -0.09960538148880005, -0.3330755829811096, -0.17726868391036987, 0.7647510170936584], [-0.1147107407450676, 0.08606529235839844, -0.0709148719906807, -0.9090000987052917, -0.18496866524219513, 0.8244131207466125, -0.6923812031745911, -0.047849178314208984], [0.9664996266365051, -0.9885728359222412, 0.18136684596538544, -0.3113918900489807, 0.8272292613983154, 0.9407020807266235, 0.5918344259262085, 0.08722460269927979], [29.816007614135742, -21.268756866455078, 1.155684471130371, 0.147432342171669, 0.019853778183460236, 0.6779025197029114, -0.3904607594013214, -0.30666643381118774], [0.9613885879516602, -2.0952115058898926, 1.1019033193588257, 1.921742558479309, -0.24003255367279053, -0.34871241450309753, -0.1900145709514618, 1.1189779043197632], [-0.3013414740562439, 0.13067106902599335, -0.0726492777466774, -5.375456809997559, -0.19555342197418213, 1.3280107975006104, -1.1251581907272339, -0.05385327711701393], [3.374239683151245, -2.81247878074646, 0.5624858140945435, -0.3675055503845215, 1.3279365301132202, 1.8960529565811157, 0.7167065143585205, 0.13243044912815094]]}