{"step": 173, "width": 8, "height": 8, "values": [[0.3264007270336151, -0.9927393794059753, 0.8883573412895203, 0.24316845834255219, -0.4811563491821289, -0.8662714958190918, -0.30513012409210205, -0.06882219016551971], [0.19161240756511688, -0.9411929249763489, 0.528041660785675, 0.7565857768058777, -0.8485184907913208, -0.287741482257843, 0.2636518180370331, 0.9116541743278503], [-0.2446727305650711, -0.022837495431303978, -0.4328348934650421, -0.8917792439460754, -0.0823025107383728, -0.057253990322351456, -0.13917176425457, 0.12294499576091766], [0.9412107467651367, -0.9932363033294678, 0.3248588442802429, -0.0679469183087349, 0.7692956924438477, 0.7510713934898376, 0.677146852016449, 0.12408366799354553], [28.427227020263672, -23.28150749206543, 1.5867085456848145, 0.2646343410015106, -0.5322498083114624, -1.4274628162384033, -0.3157593905925751, -0.18035024404525757], [0.8377535343170166, -1.7530462741851807, 0.9764057397842407, 2.2778024673461914, -1.3219366073608398, -0.2979363203048706, 0.27538490295410156, 1.8034090995788574], [-0.43210360407829285, -0.12471608072519302, -0.5347407460212708, -3.567138433456421, -0.272969514131546, -0.15177398920059204, -0.9195948243141174, 0.127408966422081], [2.1920182704925537, -3.5606865882873535, 0.3729248642921448, -0.111568883061409, 1.2082690000534058, 1.0239248275756836, 0.8492839336395264, 0.2736882269382477]]}