{"step": 17, "width": 8, "height": 8, "values": [[-0.9262314438819885, 0.5991941690444946, -0.3260621428489685, 0.02096930332481861, -0.9526049494743347, -0.5462759137153625, 0.14450161159038544, -0.06011943519115448], [0.7864897847175598, -0.01450056117027998, 0.498394250869751, 0.26261165738105774, -0.03603602573275566, -0.0890263244509697, -0.07166187465190887, 0.7339712381362915], [0.4845941960811615, -0.2578774392604828, -0.3246758282184601, -0.9881951808929443, -0.19171713292598724, 0.851151704788208, 0.19944384694099426, -0.25724735856056213], [0.9522687196731567, -0.1777220517396927, 0.31439781188964844, 0.5530776381492615, 0.7787200212478638, 0.8929589986801147, 0.018321281298995018, 0.42900756001472473], [-2.7938523292541504, 0.7130482196807861, -0.35282382369041443, 0.0211179219186306, -2.0401153564453125, -0.6847560405731201, 0.15645353496074677, -0.13878440856933594], [1.1694954633712769, -0.036374788731336594, 0.9788841009140015, 0.6601343750953674, -0.03943846747279167, -0.08995409309864044, -0.6039441227912903, 1.0148757696151733], [1.4386972188949585, -0.3224034607410431, -0.3395169675350189, -3.3340587615966797, -0.19685649871826172, 1.2842445373535156, 0.26912230253219604, -0.271535724401474], [3.2413671016693115, -0.17995692789554596, 0.36285698413848877, 0.6579013466835022, 1.3422160148620605, 4.137843132019043, 0.02089828811585903, 0.4659108519554138]]}