{"step": 175, "width": 8, "height": 8, "values": [[0.3649921119213104, -0.9914363026618958, 0.7444543242454529, 0.1784607470035553, -0.5598289370536804, -0.9128363132476807, -0.24348773062229156, -0.18956494331359863], [0.17141477763652802, -0.9279880523681641, 0.4978611171245575, 0.7868577241897583, -0.6989531517028809, -0.2823825776576996, -0.23814208805561066, 0.9037346839904785], [-0.29547709226608276, 0.0809471532702446, -0.4824666976928711, -0.9295163750648499, 0.23269903659820557, -0.4223909378051758, -0.5362434387207031, 0.12420772761106491], [0.9242184162139893, -0.9930917620658875, 0.26927435398101807, -0.06257016956806183, 0.7042232155799866, 0.7446292042732239, 0.6831700205802917, 0.16560570895671844], [28.88376808166504, -23.624996185302734, 1.1209423542022705, 0.21357640624046326, -0.6531320214271545, -1.9677876234054565, -0.2499859780073166, -0.41257426142692566], [0.541363000869751, -1.6615362167358398, 0.9682223796844482, 2.5595974922180176, -1.0266296863555908, -0.2934737205505371, -0.26536330580711365, 1.789911150932312], [-0.527350664138794, 0.11614975333213806, -0.5304225087165833, -3.6743829250335693, 0.31608593463897705, -0.5810845494270325, -0.6765018701553345, 0.13480058312416077], [2.1849868297576904, -3.637712001800537, 0.30963191390037537, -0.1065998300909996, 1.2780966758728027, 1.130965232849121, 0.8618248701095581, 0.4004485011100769]]}