{"step": 121, "width": 8, "height": 8, "values": [[0.31378811597824097, -0.9763113856315613, 0.952496349811554, -0.041126035153865814, 0.42409998178482056, 0.6660436987876892, -0.3229277431964874, -0.16112028062343597], [0.12993688881397247, -0.9593136310577393, 0.7395148873329163, 0.5950822234153748, -0.7714561223983765, -0.3691647946834564, 0.494884729385376, 0.825606644153595], [0.05094744265079498, 0.05808090791106224, -0.08939754217863083, -0.9626908302307129, 0.03709183633327484, -0.12119465321302414, -0.41030988097190857, 0.19452828168869019], [0.9528830051422119, -0.9757223725318909, 0.1281423419713974, -0.034756600856781006, 0.8467615842819214, 0.7454262971878052, 0.539506196975708, 0.009147648699581623], [23.201013565063477, -17.622392654418945, 2.453211784362793, -0.04704805091023445, 0.4727700650691986, 0.9143838882446289, -0.3355262279510498, -0.3156450092792511], [1.3072112798690796, -2.076730251312256, 1.2683385610580444, 1.382483959197998, -1.2308720350265503, -0.3929286003112793, 0.6185566782951355, 1.3031153678894043], [0.19078068435192108, 0.0807715654373169, -0.08970434218645096, -4.365032196044922, 0.10863293707370758, -0.14627988636493683, -0.5149235129356384, 0.2575986087322235], [3.6004698276519775, -2.2699193954467773, 0.14936897158622742, -0.04241848364472389, 1.4939135313034058, 1.467455267906189, 0.6438843607902527, 0.017004933208227158]]}