{"step": 69, "width": 8, "height": 8, "values": [[0.31674161553382874, -0.9625545144081116, 0.9801833033561707, -0.1160895824432373, 0.8058428764343262, -0.07368055731058121, -0.7075653672218323, -0.16662061214447021], [0.20014424622058868, -0.9802185297012329, 0.7890617847442627, 0.7441937923431396, -0.7317891120910645, -0.4018682539463043, -0.279835969209671, 0.3232004642486572], [-0.34273964166641235, 0.08708894997835159, 0.27751588821411133, -0.7413883209228516, 0.36241209506988525, -0.5827589631080627, 0.3235004246234894, -0.2012779712677002], [0.9661356806755066, -0.7763708233833313, 0.4319712221622467, 0.31761011481285095, 0.6276590824127197, 0.7172402739524841, 0.38978102803230286, 0.0785842314362526], [6.95338249206543, -5.236135959625244, 2.397080421447754, -0.12653905153274536, 1.1341123580932617, -0.08139288425445557, -0.8982206583023071, -0.2832069396972656], [0.9194705486297607, -2.349473237991333, 1.6237435340881348, 1.2662551403045654, -1.914549469947815, -0.430074542760849, -0.2889780104160309, 0.35827091336250305], [-0.5296995639801025, 0.09114375710487366, 0.38731831312179565, -1.0673613548278809, 0.4141888916492462, -0.7261523008346558, 0.5961613655090332, -0.21736197173595428], [2.8432371616363525, -1.0614711046218872, 0.6033053994178772, 0.5388399958610535, 0.8205127120018005, 0.9180643558502197, 0.43811559677124023, 0.884792149066925]]}