{"step": 130, "width": 8, "height": 8, "values": [[0.26550471782684326, -0.983228862285614, 0.8511999249458313, 0.2105257660150528, 0.2079656720161438, 0.7301592230796814, -0.5013880133628845, -0.16738709807395935], [0.2792399823665619, -0.9623543620109558, 0.6433742642402649, 0.6525396704673767, -0.38857024908065796, -0.349300742149353, -0.6518319845199585, 0.8517598509788513], [0.09514223039150238, -0.0914563462138176, -0.22054487466812134, -0.9393200278282166, -0.2667101323604584, 0.7051494121551514, -0.3266381025314331, 0.21012087166309357], [0.9235823750495911, -0.9866704344749451, 0.2948468029499054, -0.18118448555469513, 0.631167471408844, 0.8200287818908691, 0.5624221563339233, -0.24247369170188904], [25.804283142089844, -19.22450828552246, 1.6713463068008423, 0.21537797152996063, 0.21866954863071442, 1.0611902475357056, -0.5530781745910645, -0.2584608793258667], [1.136329174041748, -2.199320077896118, 1.1884406805038452, 1.1423662900924683, -0.44583994150161743, -0.3677390515804291, -0.8250457048416138, 1.367759346961975], [0.4977128207683563, -0.11127056926488876, -0.2691422998905182, -4.6505446434021, -0.3006133735179901, 0.9045529961585999, -0.9979599118232727, 0.22176750004291534], [3.668109893798828, -2.556316375732422, 0.5143032670021057, -0.18964795768260956, 1.1538629531860352, 1.3055020570755005, 0.6751065254211426, -0.26497581601142883]]}