{"step": 44, "width": 8, "height": 8, "values": [[-0.2522515654563904, -0.6184167265892029, 0.7905371785163879, 0.11019694805145264, 0.18043263256549835, -0.9294623732566833, -0.3315471112728119, -0.3983212411403656], [0.5278740525245667, -0.5993284583091736, 0.7754367589950562, 0.34365448355674744, -0.6173929572105408, -0.17608505487442017, -0.5243501663208008, -0.8862696886062622], [-0.6659506559371948, 0.13832338154315948, -0.2400088906288147, -0.9322810173034668, -0.010734322480857372, 0.32839062809944153, -0.455299437046051, 0.25893768668174744], [0.9915364384651184, -0.6005726456642151, 0.31612399220466614, 0.3263689875602722, 0.4768868386745453, 0.9449067115783691, 0.1607384830713272, 0.37082135677337646], [-0.319356232881546, -0.7458323240280151, 1.126767635345459, 0.11507372558116913, 0.18579791486263275, -2.3707616329193115, -0.345261812210083, -0.6242943406105042], [0.7864395976066589, -0.6926733255386353, 1.685720443725586, 0.5599439740180969, -0.9794407486915588, -0.1787760704755783, -0.5913646221160889, -2.236631393432617], [-1.6707873344421387, 0.32513776421546936, -0.2559248208999634, -3.282561779022217, -0.011185163632035255, 0.4225905239582062, -0.8326743245124817, 0.27173087000846863], [3.379345178604126, -0.6984087824821472, 0.47006699442863464, 0.39059585332870483, 0.7551924586296082, 5.682199478149414, 0.17294000089168549, 0.7101296782493591]]}