{"step": 38, "width": 8, "height": 8, "values": [[-0.9329637289047241, 0.47809335589408875, -0.043114956468343735, 0.3224652409553528, -0.7317092418670654, -0.9586667418479919, -0.7130514979362488, -0.06920391321182251], [0.2585600018501282, -0.5409618020057678, 0.589130163192749, 0.352479487657547, -0.8468939661979675, -0.1334817260503769, 0.34117257595062256, -0.9464271068572998], [-0.4687757194042206, -0.01369425654411316, -0.43431147933006287, -0.9698712229728699, 0.12820099294185638, 0.46274682879447937, 0.1966531127691269, 0.4901838004589081], [0.9823125004768372, -0.5771171450614929, 0.14993567764759064, 0.2149665355682373, 0.4539117217063904, 0.9145289063453674, 0.11211956292390823, 0.060857143253088], [-2.0708534717559814, 0.5328162908554077, -0.05417831242084503, 0.3495669364929199, -0.940775990486145, -2.638547658920288, -0.9004965424537659, -0.15913380682468414], [0.5834711790084839, -0.6588497161865234, 1.6229560375213623, 0.788205623626709, -1.3059810400009155, -0.13450782001018524, 0.48057496547698975, -2.5633184909820557], [-0.909832775592804, -0.022027598693966866, -0.46899914741516113, -3.135678768157959, 0.3336010277271271, 0.7002710103988647, 0.22414307296276093, 0.5537640452384949], [3.361642837524414, -0.6607372164726257, 0.1818157136440277, 0.2251860499382019, 0.6066367626190186, 6.311942100524902, 0.1194196343421936, 0.07483529299497604]]}