{"step": 60, "width": 8, "height": 8, "values": [[0.533043622970581, -0.9836077690124512, 0.8815311789512634, -0.20746026933193207, 0.6949706077575684, -0.5857359766960144, -0.08705440908670425, -0.21196509897708893], [0.46457144618034363, -0.6854815483093262, 0.7573105692863464, 0.6695848107337952, -0.7643567323684692, -0.27010685205459595, 0.22046290338039398, -0.7106984257698059], [-0.24347776174545288, 0.07444430887699127, -0.11256508529186249, -0.9642897844314575, 0.026691775768995285, -0.5106801986694336, 0.20857462286949158, 0.4167255759239197], [0.973834753036499, -0.6978731751441956, 0.2942308783531189, 0.5068154335021973, 0.7279340028762817, 0.1791403442621231, 0.3157143294811249, -0.07204941660165787], [4.295459747314453, -3.24418044090271, 1.7503316402435303, -0.21852324903011322, 0.9000067710876465, -0.7185503244400024, -0.08772023022174835, -0.5201422572135925], [1.0837217569351196, -1.388049602508545, 1.6554797887802124, 1.4240392446517944, -1.2119591236114502, -0.278579443693161, 0.4504745602607727, -1.1514912843704224], [-0.7481818199157715, 0.43542012572288513, -0.11317811906337738, -2.442681074142456, 0.03534621372818947, -0.6862381100654602, 0.2287314236164093, 0.47401678562164307], [2.849647045135498, -0.8751787543296814, 0.37630003690719604, 0.6475558280944824, 0.9813318252563477, 0.24675190448760986, 0.33982717990875244, -0.17257767915725708]]}