{"step": 139, "width": 8, "height": 8, "values": [[0.2621203064918518, -0.974321186542511, 0.7740189433097839, 0.10503171384334564, 0.035977866500616074, 0.6228395104408264, -0.3897511065006256, -0.06639502197504044], [0.12238148599863052, -0.9152446985244751, 0.7023356556892395, 0.6534938812255859, -0.8057332038879395, -0.33662042021751404, 0.5746503472328186, 0.86640465259552], [0.08055513352155685, 0.09596972167491913, -0.10311438888311386, -0.9562775492668152, 0.3622168004512787, -0.23889635503292084, 0.03263847902417183, 0.3093501627445221], [0.9412856698036194, -0.9861226081848145, 0.15269280970096588, -0.2762264907360077, 0.7937424778938293, 0.8205773830413818, 0.5798107981681824, -0.0071987370029091835], [29.191999435424805, -20.468461990356445, 1.1438167095184326, 0.13081587851047516, 0.03687044233083725, 0.8262600302696228, -0.4126517176628113, -0.15914349257946014], [0.8501912355422974, -1.6694271564483643, 1.1359244585037231, 2.061635971069336, -1.39466392993927, -0.3557931184768677, 0.7376160621643066, 1.4821900129318237], [0.2543654143810272, 0.14872874319553375, -0.10382414609193802, -5.481588840484619, 1.2734662294387817, -0.2968258559703827, 0.03488493338227272, 0.5308561325073242], [3.566279411315918, -2.7595391273498535, 0.17030400037765503, -0.32710030674934387, 1.2761393785476685, 2.450711488723755, 0.6964455842971802, -0.024324914440512657]]}