{"step": 36, "width": 8, "height": 8, "values": [[-0.9710257053375244, 0.6075583696365356, 0.003989540506154299, 0.38083362579345703, -0.8406809568405151, -0.9538382291793823, -0.6740611791610718, -0.09412010759115219], [0.2335180938243866, -0.5542271137237549, 0.5593265295028687, 0.3547711968421936, -0.7454638481140137, -0.12165326625108719, 0.39205050468444824, -0.9146789908409119], [-0.32865485548973083, 0.0683453232049942, -0.39927127957344055, -0.9680435061454773, 0.1102457121014595, 0.6892881989479065, -0.0956522524356842, 0.4093754291534424], [0.9809702634811401, -0.5602669715881348, 0.16247962415218353, 0.1733580380678177, 0.4746048152446747, 0.9145581126213074, 0.10146763175725937, -0.04331866651773453], [-2.830838918685913, 0.7264615893363953, 0.005250037647783756, 0.41359883546829224, -1.2436809539794922, -2.3532824516296387, -0.8243921399116516, -0.23220202326774597], [0.6966794729232788, -0.6777965426445007, 1.5783997774124146, 0.740557074546814, -1.0008333921432495, -0.12249009311199188, 0.5252439379692078, -1.9428097009658813], [-0.5457624197006226, 0.09744083881378174, -0.4255100190639496, -3.794945001602173, 0.22086971998214722, 1.1304854154586792, -0.10692103207111359, 0.45835766196250916], [3.3905136585235596, -0.6354185938835144, 0.19685839116573334, 0.18959710001945496, 0.6935527920722961, 6.806727886199951, 0.10800612717866898, -0.05244997888803482]]}