{"step": 194, "width": 8, "height": 8, "values": [[0.6052063703536987, -0.9593981504440308, 0.3502079248428345, 0.012988599017262459, -0.9421762228012085, -0.9575749635696411, -0.18816158175468445, -0.17422208189964294], [-0.03992698714137077, -0.9303082227706909, 0.42014020681381226, 0.9278641939163208, -0.20442195236682892, -0.4224717319011688, -0.25491905212402344, 0.902472734451294], [-0.9521825313568115, 0.27085551619529724, 0.01459761243313551, 0.8295276761054993, 0.5254090428352356, -0.30546537041664124, 0.07580264657735825, -0.6833213567733765], [0.11113400757312775, -0.9461592435836792, 0.7969236969947815, -0.005289160180836916, 0.5648050904273987, -0.9917970895767212, 0.7941303849220276, 0.2822425663471222], [7.421116828918457, -21.787487030029297, 0.39540475606918335, 0.04037991538643837, -1.7815518379211426, -8.202863693237305, -0.2747168242931366, -0.24248971045017242], [-0.04999428987503052, -1.8831080198287964, 0.9459863901138306, 3.1766300201416016, -0.5015265345573425, -0.4546803832054138, -0.29389262199401855, 1.8020098209381104], [-2.2111289501190186, 0.28271839022636414, 0.03260171040892601, 1.9546362161636353, 0.6297177672386169, -1.3134607076644897, 0.09452909231185913, -0.8786948919296265], [0.1193607896566391, -4.562538146972656, 1.3631391525268555, -0.10110887140035629, 0.7263182401657104, -2.9006476402282715, 1.1040804386138916, 0.9700198769569397]]}