{"step": 238, "width": 8, "height": 8, "values": [[0.7680894136428833, -0.9951285123825073, -0.13265424966812134, 0.01338004507124424, -0.86614990234375, -0.9766227006912231, -0.19361652433872223, -0.37503063678741455], [0.761411726474762, -0.31032595038414, 0.2562553882598877, 0.8284474611282349, -0.42305564880371094, -0.7267047762870789, -0.4822750687599182, -0.7029201984405518], [-0.9844483137130737, 0.05210449919104576, -0.5893920660018921, 0.3392896056175232, -0.053425587713718414, -0.04407868534326553, -0.1345757395029068, 0.4483414888381958], [-0.1369190812110901, -0.9668868184089661, 0.6663451790809631, 0.03559932857751846, 0.2628774046897888, -0.9841010570526123, 0.9377009868621826, 0.44938182830810547], [6.073249816894531, -12.74213695526123, -0.1612691730260849, 0.016142506152391434, -1.3717292547225952, -28.22437858581543, -0.1972094476222992, -0.6255370378494263], [1.0536315441131592, -0.3217536509037018, 0.773269534111023, 5.410086154937744, -0.6373177766799927, -0.9252481460571289, -0.5319151282310486, -0.9886229038238525], [-5.009584426879883, 0.2909048795700073, -0.846963107585907, 0.45463237166404724, -0.0738854929804802, -1.2667385339736938, -0.2867951989173889, 0.4911111295223236], [-0.13931970298290253, -6.874937057495117, 0.994414746761322, 0.16705426573753357, 0.3846820294857025, -4.1356964111328125, 1.8028284311294556, 1.0463923215866089]]}