{"step": 82, "width": 8, "height": 8, "values": [[0.21616961061954498, -0.9509485363960266, 0.9037340879440308, 0.15190406143665314, 0.7913522720336914, 0.49583837389945984, -0.5446834564208984, -0.2016989290714264], [0.2156544178724289, -0.9245287179946899, 0.7566021680831909, 0.765051007270813, -0.7296015024185181, -0.4117594361305237, -0.16546021401882172, 0.7261687517166138], [-0.11332962661981583, 0.13861241936683655, -0.28325220942497253, -0.9552872180938721, 0.4139808714389801, -0.46963003277778625, -0.5236936807632446, 0.41591382026672363], [0.9585850834846497, -0.8668810129165649, 0.17659257352352142, 0.022876417264342308, 0.8124954104423523, 0.6060280799865723, 0.45249414443969727, -0.04801710322499275], [13.308005332946777, -9.08370304107666, 1.9185283184051514, 0.1684150993824005, 1.1065430641174316, 0.6510043144226074, -0.6134603023529053, -0.4131592810153961], [0.8740850687026978, -1.6397731304168701, 1.5371431112289429, 1.468363881111145, -1.1803138256072998, -0.44319266080856323, -0.1754930317401886, 1.010879635810852], [-0.2952253818511963, 0.17298047244548798, -0.29265815019607544, -3.0157995223999023, 0.523338794708252, -0.528826117515564, -0.6078169941902161, 0.5345445871353149], [3.270139217376709, -1.3491020202636719, 0.2024974375963211, 0.02807922288775444, 1.6468970775604248, 1.0720914602279663, 0.5191147327423096, -0.22138813138008118]]}