{"step": 32, "width": 8, "height": 8, "values": [[-0.936653196811676, 0.7435553669929504, 0.14044931530952454, 0.46683937311172485, -0.9380224943161011, -0.922796905040741, -0.2347441166639328, -0.11903712898492813], [0.5593209266662598, -0.3845188319683075, 0.46314355731010437, 0.4303761422634125, -0.24528804421424866, -0.10810388624668121, -0.06678757071495056, -0.5976284742355347], [0.19489605724811554, -0.14774420857429504, -0.3241844177246094, -0.9802361726760864, -0.18564921617507935, 0.4288964569568634, -0.21346750855445862, 0.1847960352897644], [0.9651619791984558, -0.5336101055145264, 0.22437459230422974, 0.17409726977348328, 0.7397913932800293, 0.9140263795852661, 0.08442742377519608, -0.3944268226623535], [-3.369279384613037, 0.9923993945121765, 0.16181981563568115, 0.5091701745986938, -1.8418320417404175, -1.9183963537216187, -0.24326209723949432, -0.27942129969596863], [1.1420239210128784, -0.6664220094680786, 1.4700371026992798, 1.1442159414291382, -0.2678932547569275, -0.10911353677511215, -0.2936913073062897, -0.7455536127090454], [0.43193379044532776, -0.27269938588142395, -0.33787134289741516, -5.930788040161133, -0.19258485734462738, 0.5158811211585999, -0.26384735107421875, 0.19179481267929077], [3.496959686279297, -0.5962352752685547, 0.291055291891098, 0.1861284375190735, 1.2201822996139526, 7.833806037902832, 0.08900854736566544, -0.46867987513542175]]}