{"step": 148, "width": 8, "height": 8, "values": [[0.32135772705078125, -0.9622268676757812, 0.7140951752662659, 0.11180480569601059, -0.0263772401958704, 0.49312204122543335, -0.28576087951660156, -0.13855533301830292], [0.20652563869953156, -0.9588955044746399, 0.712831437587738, 0.7715818285942078, -0.3189634382724762, -0.3274945020675659, -0.23462198674678802, 0.7756262421607971], [-0.10518913716077805, 0.2585756480693817, -0.005342565476894379, -0.8513347506523132, 0.415057510137558, 0.5062944889068604, -0.6035823822021484, -0.010836813598871231], [0.9548991322517395, -0.9855257868766785, 0.334541916847229, -0.23906251788139343, 0.6584747433662415, 0.9269076585769653, 0.5952221751213074, 0.049532681703567505], [29.886316299438477, -21.47633934020996, 0.9545047283172607, 0.13048240542411804, -0.026623709127306938, 0.6309696435928345, -0.2976481318473816, -0.19373416900634766], [1.0860472917556763, -2.010295867919922, 1.078303337097168, 1.7731871604919434, -0.7310284376144409, -0.3431260585784912, -0.24262644350528717, 1.1341794729232788], [-0.13141568005084991, 0.26628533005714417, -0.00583122530952096, -5.013752460479736, 0.4905361235141754, 0.5668087601661682, -0.7109664678573608, -0.011732603423297405], [3.126429796218872, -2.8853871822357178, 0.5277265906333923, -0.34312373399734497, 1.031795620918274, 1.8425383567810059, 0.7292163372039795, 0.11515937745571136]]}