{"step": 219, "width": 8, "height": 8, "values": [[0.6322082281112671, -0.9952253103256226, 0.27820706367492676, 0.09770437330007553, -0.9834912419319153, -0.9765627980232239, -0.21162305772304535, -0.16259948909282684], [0.545802116394043, -0.5151346325874329, 0.30928418040275574, 0.8190395832061768, -0.747332751750946, -0.6423774361610413, -0.23652926087379456, 0.7027766108512878], [-0.982078492641449, 0.004892486613243818, -0.4655666649341583, 0.26080918312072754, -0.10087694972753525, -0.031386613845825195, 0.029427187517285347, 0.19698311388492584], [0.06663808971643448, -0.9712298512458801, 0.6219420433044434, -0.017474645748734474, 0.5639457702636719, -0.9825076460838318, 0.9019544720649719, 0.3634354770183563], [6.109983444213867, -16.92465591430664, 0.34456855058670044, 0.1493900567293167, -2.9257171154022217, -18.027921676635742, -0.2173995077610016, -0.39344996213912964], [0.7458207607269287, -0.5735605359077454, 0.8743743300437927, 5.368463039398193, -1.0377534627914429, -0.7669942378997803, -0.2434966266155243, 0.9596009850502014], [-2.9524471759796143, 0.07536610215902328, -0.8664959669113159, 0.3267863392829895, -0.39642664790153503, -1.0691522359848022, 0.1351480484008789, 0.20439136028289795], [0.06914470344781876, -5.984736442565918, 0.7689533233642578, -0.23263978958129883, 0.7730098962783813, -4.0953874588012695, 1.5274766683578491, 0.7722795009613037]]}