{"step": 136, "width": 8, "height": 8, "values": [[0.2936054766178131, -0.9647443294525146, 0.43383800983428955, 0.14785631000995636, 0.0753394216299057, 0.660275399684906, -0.5234134197235107, -0.07746034860610962], [0.10810627788305283, -0.9289771318435669, 0.7029176950454712, 0.7617190480232239, -0.7372563481330872, -0.34435996413230896, 0.2845442593097687, 0.8632258176803589], [0.16871197521686554, -0.021798504516482353, -0.39188551902770996, -0.9347730278968811, 0.31629839539527893, 0.8640004992485046, -0.49556484818458557, 0.3465632498264313], [0.9485213756561279, -0.9864879250526428, 0.16921210289001465, -0.17605456709861755, 0.6788415908813477, 0.7935705780982971, 0.5694422125816345, -0.040692754089832306], [27.857192993164062, -19.8878116607666, 0.664749264717102, 0.162276953458786, 0.07576731592416763, 0.9700021743774414, -0.5839238166809082, -0.16867786645889282], [0.50634765625, -1.7243951559066772, 1.1604961156845093, 1.7862950563430786, -1.0208159685134888, -0.3613954484462738, 0.35330358147621155, 1.4147865772247314], [0.3780161738395691, -0.027128176763653755, -0.42167896032333374, -4.720754146575928, 0.8075348138809204, 1.4698926210403442, -0.5562137961387634, 0.4029403030872345], [3.5141024589538574, -2.6904549598693848, 0.20240460336208344, -0.18258245289325714, 1.0890921354293823, 1.4827871322631836, 0.6889075040817261, -0.07048656791448593]]}