{"step": 230, "width": 8, "height": 8, "values": [[0.8158255219459534, -0.9932623505592346, -0.11369051039218903, 0.03749581426382065, -0.9677778482437134, -0.9852480888366699, -0.2592686116695404, -0.169358491897583], [0.570949375629425, -0.35614868998527527, 0.2111971378326416, 0.7976946234703064, -0.5015607476234436, -0.6910455226898193, 0.5551446676254272, 0.11299601197242737], [-0.9326444268226624, 0.06076913699507713, -0.5718854069709778, 0.17185214161872864, 0.02240031771361828, -0.01587454415857792, 0.2641359567642212, 0.289023756980896], [-0.04175630584359169, -0.9491374492645264, 0.6044209599494934, -0.010736694559454918, 0.43372148275375366, -0.967011570930481, 0.9233947992324829, 0.588277280330658], [7.563714027404785, -14.708512306213379, -0.1678185760974884, 0.07378439605236053, -2.502516508102417, -24.645137786865234, -0.26917019486427307, -0.37173542380332947], [0.8477315306663513, -0.452317476272583, 0.8188612461090088, 6.056982517242432, -0.5922724604606628, -0.8535846471786499, 0.7909978032112122, 0.1196502223610878], [-3.797197103500366, 0.28392237424850464, -0.656943142414093, 0.18332038819789886, 0.2100035399198532, -0.7239794135093689, 0.5571919083595276, 0.3166917860507965], [-0.04358302056789398, -6.65252685546875, 0.7473915219306946, -0.06493353098630905, 0.51252281665802, -4.192405700683594, 1.6767832040786743, 1.1723819971084595]]}