{"step": 125, "width": 8, "height": 8, "values": [[0.25789201259613037, -0.9787867665290833, 0.8082817196846008, -0.03621247038245201, 0.33685067296028137, 0.7200878262519836, -0.31269848346710205, -0.20816266536712646], [0.36952710151672363, -0.972317636013031, 0.7228848934173584, 0.7540969252586365, -0.3260486125946045, -0.36409640312194824, -0.6525207161903381, 0.7968217730522156], [0.06522978842258453, -0.014707653783261776, -0.15736685693264008, -0.9582940340042114, 0.022420503199100494, 0.8665490746498108, -0.5250468850135803, 0.21137896180152893], [0.9421803951263428, -0.9798322319984436, 0.29627031087875366, -0.08762292563915253, 0.6650825142860413, 0.7458032369613647, 0.5535004138946533, 0.12410444021224976], [24.024736404418945, -18.518798828125, 1.6592185497283936, -0.03653353452682495, 0.3598869740962982, 1.0893540382385254, -0.3244137763977051, -0.3022301197052002], [0.8141571283340454, -2.258216142654419, 1.2297989130020142, 1.3658827543258667, -0.4017764925956726, -0.3847450017929077, -0.83509761095047, 1.168821096420288], [0.39815419912338257, -0.019173573702573776, -0.18966343998908997, -4.1436262130737305, 0.023185335099697113, 1.34345543384552, -1.0707826614379883, 0.22351597249507904], [3.541165590286255, -2.354937791824341, 0.5493128895759583, -0.09142152220010757, 1.445847988128662, 1.1860945224761963, 0.6612191200256348, 0.14047513902187347]]}