{"step": 103, "width": 8, "height": 8, "values": [[0.1935163289308548, -0.9620398283004761, 0.7820965051651001, -0.3486032783985138, 0.6375800371170044, 0.4417041838169098, -0.7244430184364319, -0.10919065028429031], [-0.147865891456604, -0.7952280044555664, 0.791344940662384, 0.7431983947753906, -0.4498552978038788, -0.40439343452453613, -0.29695838689804077, 0.7765483260154724], [0.01946146786212921, -0.03965260833501816, -0.07769586145877838, -0.8502815365791321, -0.02897239848971367, 0.9406699538230896, -0.6264406442642212, 0.2642137408256531], [0.9514208436012268, -0.9428455233573914, 0.29249146580696106, 0.05766225978732109, 0.515244722366333, 0.4822276532649994, 0.5009982585906982, -0.31774625182151794], [17.052433013916016, -12.684320449829102, 1.5399833917617798, -0.3770214021205902, 0.7635205984115601, 0.5410606265068054, -0.9281098246574402, -0.1547209769487381], [-0.31829288601875305, -1.1355149745941162, 1.420293927192688, 1.1911187171936035, -0.5824072360992432, -0.43170905113220215, -0.4978806972503662, 1.0998071432113647], [0.26632159948349, -0.04113469272851944, -0.08522916585206985, -1.366140365600586, -0.029794195666909218, 1.843540906906128, -0.9076569080352783, 0.27743130922317505], [3.3346786499023438, -1.793757677078247, 0.465067595243454, 0.05846589058637619, 0.6929395794868469, 0.6359133124351501, 0.5810732841491699, -0.37740036845207214]]}