{"step": 90, "width": 8, "height": 8, "values": [[0.35722243785858154, -0.9813070297241211, 0.4698302745819092, -0.04483889043331146, 0.45494192838668823, 0.5922375321388245, -0.4375496506690979, -0.09817549586296082], [0.13755519688129425, -0.8792285919189453, 0.8148491978645325, 0.6778227090835571, -0.48077768087387085, -0.4106684923171997, 0.4443218410015106, 0.7103031873703003], [-0.035252731293439865, 0.055365461856126785, -0.12499628216028214, -0.9729292988777161, 0.0999879464507103, 0.8551347255706787, -0.34350189566612244, 0.36947184801101685], [0.9433560967445374, -0.9038394689559937, 0.21692994236946106, -0.030535824596881866, 0.786730170249939, 0.7128806114196777, 0.4815148413181305, -0.11559738963842392], [17.210872650146484, -11.61551284790039, 0.7668365240097046, -0.047459833323955536, 0.5025544762611389, 0.7661061882972717, -0.4711437225341797, -0.21048058569431305], [0.9622572064399719, -2.944042921066284, 1.472050428390503, 2.4893922805786133, -0.5398122668266296, -0.4397720694541931, 0.6310932040214539, 0.9566605687141418], [-0.2571423053741455, 0.12711933255195618, -0.12840721011161804, -4.658783912658691, 0.2785414457321167, 1.4021626710891724, -0.4079411029815674, 0.42866089940071106], [3.27766489982605, -1.5120677947998047, 0.27235084772109985, -0.031979452818632126, 1.2734166383743286, 1.7602577209472656, 0.5599663257598877, -0.130341038107872]]}