{"step": 180, "width": 8, "height": 8, "values": [[0.47942376136779785, -0.9754751324653625, 0.7494696378707886, 0.07287108898162842, -0.6304606795310974, -0.9513150453567505, -0.17053349316120148, -0.15891103446483612], [0.2506868541240692, -0.9501811861991882, 0.4856407642364502, 0.8838858008384705, -0.3104838728904724, -0.2874474823474884, -0.11943592876195908, 0.9116427898406982], [-0.7699604034423828, 0.19033528864383698, -0.13274528086185455, -0.937907874584198, 0.1537974774837494, -0.5345617532730103, -0.3348040282726288, -0.34341585636138916], [0.8748226761817932, -0.9691939949989319, 0.6131611466407776, -0.007172384299337864, 0.6799583435058594, -0.2787718176841736, 0.7050473093986511, 0.16744303703308105], [25.724889755249023, -23.586585998535156, 1.0137989521026611, 0.12334340810775757, -0.7483755350112915, -3.4009196758270264, -0.17639729380607605, -0.2157166302204132], [0.5504785776138306, -1.910444974899292, 0.9635605812072754, 3.007007122039795, -0.635545015335083, -0.29816734790802, -0.12289359420537949, 1.9032126665115356], [-1.340886116027832, 0.196094810962677, -0.15892936289310455, -2.703639507293701, 0.1711631715297699, -0.6787997484207153, -0.3688894510269165, -0.3655594289302826], [1.6519743204116821, -3.842038154602051, 0.9683003425598145, -0.041043635457754135, 0.9750768542289734, -0.28802645206451416, 0.9057223796844482, 0.7224301099777222]]}