{"step": 158, "width": 8, "height": 8, "values": [[0.425493985414505, -0.9918243288993835, 0.4513636827468872, 0.09578640758991241, -0.163882777094841, 0.07115630060434341, -0.25816676020622253, -0.07938484102487564], [0.29000261425971985, -0.93266761302948, 0.5892943143844604, 0.7125779986381531, -0.4549576938152313, -0.31316325068473816, -0.2947530746459961, 0.8654088377952576], [0.1852695196866989, 0.025211676955223083, -0.16711720824241638, -0.9611624479293823, 0.19479317963123322, 0.36119112372398376, -0.23506127297878265, 0.04710991308093071], [0.9175224900245667, -0.9930239915847778, 0.23888036608695984, -0.18233956396579742, 0.6721681952476501, 0.8369372487068176, 0.6322758793830872, -0.11576461791992188], [30.087257385253906, -21.96794319152832, 0.6403023600578308, 0.1054752990603447, -0.16934408247470856, 0.07784654200077057, -0.26727721095085144, -0.17660999298095703], [1.2402061223983765, -2.179987907409668, 1.018186330795288, 1.9585399627685547, -0.5120881795883179, -0.3273206949234009, -0.37343108654022217, 1.4414619207382202], [0.3964740037918091, 0.03807377815246582, -0.1976020336151123, -5.884113311767578, 0.32280606031417847, 0.39135369658470154, -0.277924120426178, 0.04928787425160408], [2.743946075439453, -3.1118061542510986, 0.2808082103729248, -0.21196480095386505, 1.1579172611236572, 2.0424506664276123, 0.7767096757888794, -0.13237902522087097]]}