{"step": 233, "width": 8, "height": 8, "values": [[0.7906699180603027, -0.9965386390686035, -0.22393079102039337, 0.03177803009748459, -0.944195032119751, -0.9763951301574707, -0.2563440799713135, -0.2301408052444458], [0.6081900596618652, -0.2747689187526703, 0.19818638265132904, 0.7684000134468079, -0.6987140774726868, -0.7059602737426758, -0.3253900110721588, -0.1867527961730957], [-0.9819525480270386, 0.017995845526456833, -0.6838323473930359, 0.4173547625541687, -0.03803957253694534, -0.027792885899543762, -0.013326099142432213, 0.2759450376033783], [-0.0719277635216713, -0.9861722588539124, 0.5944764018058777, -0.05862689018249512, 0.38393011689186096, -0.9641534090042114, 0.9300422072410583, 0.5999085307121277], [7.513367176055908, -14.049650192260742, -0.3122008740901947, 0.035591010004282, -1.9660170078277588, -26.05744743347168, -0.26789218187332153, -0.6031301617622375], [0.8083425760269165, -0.2841005325317383, 0.8020296096801758, 6.345371246337891, -0.9305745959281921, -0.883048951625824, -0.34889912605285645, -0.1991317868232727], [-4.561803340911865, 0.2105473279953003, -0.8875245451927185, 0.5619795322418213, -0.35663506388664246, -0.962349534034729, -0.059865131974220276, 0.293622761964798], [-0.0739770457148552, -6.77437162399292, 0.7481347322463989, -0.21870678663253784, 0.5087524652481079, -4.286628723144531, 1.7180829048156738, 1.3037008047103882]]}