{"step": 9, "width": 8, "height": 8, "values": [[-0.6081497669219971, 0.5501680970191956, -0.866278886795044, -0.3720220625400543, -0.005843938793987036, 0.06705860793590546, 0.3777753710746765, -0.19854016602039337], [0.8547834753990173, -0.015184402465820312, 0.03662261366844177, 0.07591240853071213, -0.2917541265487671, -0.03078225627541542, 0.6756374835968018, 0.3226834535598755], [0.4678877592086792, 0.17342017590999603, -0.5617632269859314, -0.7750942707061768, 0.1751059591770172, -0.6049220561981201, 0.6635361909866333, 0.6404262781143188], [0.25950855016708374, -0.022786658257246017, 0.30598095059394836, 0.46753498911857605, 0.4748598039150238, 0.11635786294937134, -0.018361771479249, 0.7295420169830322], [-0.7958306074142456, 0.6976410746574402, -1.6900455951690674, -0.5232101082801819, -0.006070522591471672, 0.07592809200286865, 0.40269654989242554, -0.33242982625961304], [1.291184902191162, -0.016102522611618042, 0.06394457072019577, 0.2587840259075165, -0.33732497692108154, -0.030991205945611, 0.8540396094322205, 0.38443177938461304], [0.6081410646438599, 0.4428989887237549, -0.6356039643287659, -1.0572788715362549, 0.24166497588157654, -0.9292919635772705, 0.8765072822570801, 0.8497901558876038], [0.2694014608860016, -0.023072466254234314, 0.34924960136413574, 0.6115182638168335, 0.5892930626869202, 0.2073737233877182, -0.022202426567673683, 1.0746175050735474]]}