{"step": 190, "width": 8, "height": 8, "values": [[0.6051681041717529, -0.9555327892303467, 0.3780364692211151, 0.015302032232284546, -0.9007309675216675, -0.9573564529418945, -0.18435382843017578, -0.1797678917646408], [-0.0031178633216768503, -0.937268853187561, 0.4263889491558075, 0.9252725839614868, -0.19530075788497925, -0.38010796904563904, -0.2582956850528717, 0.9056047201156616], [-0.9496967196464539, 0.258685439825058, -0.00614935951307416, 0.8105196952819824, 0.4558022916316986, -0.35802122950553894, 0.07855431735515594, -0.701938271522522], [0.26204609870910645, -0.9454270005226135, 0.785993754863739, -0.002153746783733368, 0.5714245438575745, -0.9850893616676331, 0.7713278532028198, 0.2859775424003601], [10.599457740783691, -22.41151237487793, 0.42623913288116455, 0.047959018498659134, -1.4892663955688477, -6.8310065269470215, -0.26463785767555237, -0.251259982585907], [-0.003992344718426466, -1.935937523841858, 0.9549573063850403, 3.3731977939605713, -0.480324387550354, -0.403855562210083, -0.29219159483909607, 1.8566927909851074], [-2.1757919788360596, 0.2690054476261139, -0.012548605911433697, 1.5467586517333984, 0.5219590663909912, -1.33493173122406, 0.09805797040462494, -0.9151601195335388], [0.28850555419921875, -4.366702079772949, 1.325254201889038, -0.044619087129831314, 0.7394106984138489, -2.5280141830444336, 1.0431102514266968, 0.9907861351966858]]}