{"step": 52, "width": 8, "height": 8, "values": [[0.7520127892494202, -0.8967487812042236, 0.7153874635696411, 0.04289501905441284, 0.5189759135246277, -0.7402409911155701, -0.23390547931194305, -0.2862989604473114], [0.0282356645911932, -0.9316626191139221, 0.7809039354324341, 0.7035030126571655, -0.6168676614761353, -0.21142782270908356, 0.03989439830183983, -0.8832970261573792], [-0.43047213554382324, 0.22086285054683685, -0.2426273375749588, -0.9113038182258606, 0.20734673738479614, -0.6487925052642822, -0.20610061287879944, -0.4404929578304291], [0.972780704498291, -0.6333645582199097, 0.33392271399497986, 0.22847791016101837, 0.5253219604492188, 0.7777183055877686, 0.2218492478132248, 0.1979856938123703], [3.3218719959259033, -1.8409292697906494, 0.9915838837623596, 0.05153299868106842, 0.5811302661895752, -1.0995105504989624, -0.2637018859386444, -0.6963565349578857], [0.050058357417583466, -1.6920162439346313, 1.6780695915222168, 1.2048090696334839, -0.8601120114326477, -0.21615736186504364, 0.049091074615716934, -1.960322380065918], [-1.0908112525939941, 0.3089894950389862, -0.25313493609428406, -1.7456471920013428, 0.2665521800518036, -0.8279829621315002, -0.22637991607189178, -0.545778751373291], [2.8867974281311035, -0.7555617094039917, 0.3915432393550873, 0.34514883160591125, 0.6706089973449707, 2.5449745655059814, 0.23157833516597748, 1.0462267398834229]]}