{"step": 66, "width": 8, "height": 8, "values": [[0.39572709798812866, -0.9496843218803406, 0.9792748689651489, -0.1641615629196167, 0.7769563794136047, -0.0628121942281723, -0.5716203451156616, -0.12418074905872345], [0.2603585422039032, -0.946866512298584, 0.7877481579780579, 0.7797642350196838, -0.49180564284324646, -0.31992703676223755, -0.30391725897789, -0.08178777992725372], [-0.6047200560569763, 0.11425498872995377, 0.4618000090122223, -0.8994931578636169, 0.42778047919273376, -0.9100877046585083, 0.648248016834259, -0.5493561625480652], [0.9684750437736511, -0.7383414506912231, 0.5126858353614807, 0.34205129742622375, 0.6152201890945435, 0.5392250418663025, 0.36075109243392944, 0.08355586975812912], [6.303248882293701, -4.693624496459961, 2.345447063446045, -0.20937654376029968, 1.0499897003173828, -0.06995566189289093, -0.7058680653572083, -0.20754018425941467], [1.1408305168151855, -1.889760971069336, 1.6344811916351318, 1.4750863313674927, -1.1956019401550293, -0.3347563147544861, -0.32879772782325745, -0.08850319683551788], [-1.1404228210449219, 0.11535239964723587, 0.5744468569755554, -1.764731526374817, 0.49902722239494324, -2.0413336753845215, 0.980627179145813, -0.6677266359329224], [2.8701417446136475, -0.9775309562683105, 0.6598471403121948, 0.8361806869506836, 0.7896392941474915, 0.613440752029419, 0.40037795901298523, 0.9175295233726501]]}