{"step": 131, "width": 8, "height": 8, "values": [[0.42529529333114624, -0.9712309241294861, 0.7994702458381653, 0.21254578232765198, 0.20863351225852966, 0.7260566353797913, -0.5034448504447937, -0.11664031445980072], [0.18424613773822784, -0.9651552438735962, 0.6707585453987122, 0.5425674319267273, -0.775945246219635, -0.34852227568626404, 0.43939390778541565, 0.8678483963012695], [0.17059263586997986, -0.05534811317920685, -0.5342785716056824, -0.948046088218689, -0.0404207743704319, 0.4050341248512268, -0.5191758275032043, 0.15492834150791168], [0.9547594785690308, -0.9872416257858276, 0.14533144235610962, -0.17741867899894714, 0.7050427794456482, 0.7572062611579895, 0.5673077702522278, -0.09767398238182068], [26.039113998413086, -19.311105728149414, 1.7965681552886963, 0.22060424089431763, 0.21416880190372467, 1.0258265733718872, -0.5559519529342651, -0.2554675042629242], [1.2849653959274292, -2.0276896953582764, 1.1818411350250244, 0.9284546971321106, -1.0756573677062988, -0.3658168613910675, 0.48879724740982056, 1.4368796348571777], [0.4709172248840332, -0.09406504780054092, -0.6145493388175964, -4.865649700164795, -0.3827275335788727, 0.48048344254493713, -0.9572679996490479, 0.1707586944103241], [3.6327950954437256, -2.586392879486084, 0.1805819272994995, -0.18890434503555298, 1.12990140914917, 1.535826563835144, 0.6777183413505554, -0.13591188192367554]]}