{"step": 99, "width": 8, "height": 8, "values": [[0.24363504350185394, -0.9834632277488708, 0.6180100440979004, -0.4413175582885742, 0.6268084645271301, 0.3423609733581543, -0.7035092711448669, -0.149169459939003], [-0.26668500900268555, -0.4858628511428833, 0.8053826093673706, 0.6556352972984314, -0.2302061766386032, -0.4085736572742462, -0.687523603439331, 0.7406436204910278], [0.022814301773905754, -0.007061599753797054, -0.04437859728932381, -0.6932772994041443, 0.10693886131048203, 0.912460207939148, -0.39256149530410767, 0.03962428867816925], [0.9467319250106812, -0.9306207299232483, 0.41033023595809937, -0.13537760078907013, 0.5189414620399475, 0.5747711062431335, 0.49922922253608704, -0.5412265658378601], [15.521121978759766, -12.353943824768066, 0.8415305018424988, -0.4821930527687073, 0.7605556845664978, 0.398654967546463, -0.930910587310791, -0.21450233459472656], [-0.4541447162628174, -0.5346794724464417, 1.4309996366500854, 1.1208136081695557, -0.27236416935920715, -0.437904417514801, -0.9886130094528198, 1.0163695812225342], [0.0995560735464096, -0.009465704672038555, -0.07087364792823792, -0.9621657133102417, 0.11583113670349121, 1.6579416990280151, -0.8474907279014587, 0.04207140579819679], [3.340989589691162, -1.6757724285125732, 0.6114161014556885, -0.13902153074741364, 0.7388296127319336, 0.778144121170044, 0.5767312049865723, -0.6961858868598938]]}