{"step": 182, "width": 8, "height": 8, "values": [[0.511455774307251, -0.9762559533119202, 0.7295370101928711, 0.050759196281433105, -0.6807368397712708, -0.9507455229759216, -0.19835492968559265, -0.1803847700357437], [0.1771470606327057, -0.946678638458252, 0.4951407015323639, 0.9163047075271606, -0.2631659209728241, -0.2970931828022003, -0.1842639446258545, 0.906516432762146], [-0.8563536405563354, 0.20280039310455322, -0.0623306967318058, -0.8631402254104614, 0.18136760592460632, -0.5848157405853271, -0.31058523058891296, -0.5903290510177612], [0.8039492964744568, -0.9683966636657715, 0.6682784557342529, 0.00783118698745966, 0.6418371200561523, -0.615764319896698, 0.7164602279663086, 0.15517142415046692], [22.751144409179688, -23.49024200439453, 0.9632351398468018, 0.10047918558120728, -0.8375512957572937, -4.015364646911621, -0.20812460780143738, -0.24225455522537231], [0.372184157371521, -1.8871583938598633, 0.9626324772834778, 3.1652188301086426, -0.613176703453064, -0.3091050386428833, -0.1914057582616806, 1.9269033670425415], [-1.7217249870300293, 0.2086443156003952, -0.07344619929790497, -1.5482438802719116, 0.19747230410575867, -0.8026301264762878, -0.3418314456939697, -0.6971409320831299], [1.2849390506744385, -3.935788869857788, 1.0947425365447998, 0.07636226713657379, 0.8856378197669983, -0.7226908802986145, 0.9247487187385559, 0.853241503238678]]}