{"step": 204, "width": 8, "height": 8, "values": [[0.6027035117149353, -0.9637869596481323, 0.34190234541893005, 0.011617708019912243, -0.9754893779754639, -0.9577354788780212, -0.20277056097984314, -0.16715921461582184], [-0.057790063321590424, -0.9155212044715881, 0.4100050926208496, 0.9263979196548462, -0.21334156394004822, -0.5235904455184937, -0.24411077797412872, 0.8913183212280273], [-0.9545514583587646, 0.28496068716049194, 0.028412217274308205, 0.820274829864502, 0.5794151425361633, -0.2668836712837219, 0.06900203973054886, -0.6656842827796936], [-0.011531852185726166, -0.9461995363235474, 0.8105789422988892, -0.007649262901395559, 0.5656800270080566, -0.9942958354949951, 0.841945469379425, 0.26135462522506714], [4.712059020996094, -20.342145919799805, 0.38831302523612976, 0.03563643991947174, -2.2606494426727295, -11.360130310058594, -0.2947925627231598, -0.23233401775360107], [-0.0717151015996933, -1.748903751373291, 0.9189731478691101, 2.6321756839752197, -0.524885892868042, -0.5866005420684814, -0.28330743312835693, 1.6820868253707886], [-2.273477077484131, 0.29869306087493896, 0.06770604848861694, 2.163264036178589, 0.7260757684707642, -1.2497767210006714, 0.08511938154697418, -0.8462727665901184], [-0.012288128025829792, -5.047908782958984, 1.414827823638916, -0.1434955596923828, 0.726733922958374, -3.160665512084961, 1.2558172941207886, 0.9429510235786438]]}