{"step": 167, "width": 8, "height": 8, "values": [[0.37846407294273376, -0.9813035726547241, 0.689823567867279, 0.10467327386140823, -0.3201042711734772, -0.11790502071380615, -0.27506086230278015, -0.23604035377502441], [0.235416442155838, -0.9319258332252502, 0.5434067249298096, 0.783955454826355, -0.24490448832511902, -0.2969995439052582, -0.35033339262008667, 0.8802390098571777], [-0.3183436095714569, 0.11304933577775955, -0.14861097931861877, -0.9052550196647644, 0.29985347390174866, 0.322818398475647, -0.628528356552124, 0.1616818606853485], [0.9270085692405701, -0.9925175905227661, 0.334748774766922, -0.08151055872440338, 0.575004518032074, 0.6228801012039185, 0.6469295620918274, 0.1211450845003128], [29.756746292114258, -22.863094329833984, 0.924621045589447, 0.11428409069776535, -0.3382580876350403, -0.1302831619977951, -0.2882997691631317, -0.3273938298225403], [0.8710130453109741, -1.7123948335647583, 0.9996190667152405, 2.0211236476898193, -0.5756293535232544, -0.30872470140457153, -0.37789222598075867, 1.5842208862304688], [-0.45125335454940796, 0.11405239999294281, -0.15068335831165314, -3.004265308380127, 0.3502159118652344, 0.3459016978740692, -0.7605957388877869, 0.17504511773586273], [2.395857095718384, -3.3433265686035156, 0.5658770799636841, -0.10809832811355591, 0.947074830532074, 0.7594377994537354, 0.8091616034507751, 0.22971560060977936]]}