{"step": 37, "width": 8, "height": 8, "values": [[-0.9315103888511658, 0.47808781266212463, -0.007103488780558109, 0.3527146279811859, -0.8095406293869019, -0.9553571939468384, -0.7082352638244629, -0.26321104168891907], [0.29558271169662476, -0.5849751234054565, 0.5023434162139893, 0.4124442934989929, -0.5921058654785156, -0.13068771362304688, -0.6450062394142151, -0.9366758465766907], [-0.318960964679718, -0.025514453649520874, -0.4641519784927368, -0.9637942314147949, 0.31098270416259766, 0.8870890736579895, -0.37969857454299927, 0.4447610378265381], [0.983205258846283, -0.5680989623069763, 0.2892399728298187, 0.18333251774311066, 0.27811235189437866, 0.9575886130332947, 0.10764490813016891, 0.13367895781993866], [-2.1693294048309326, 0.5259425640106201, -0.010532899759709835, 0.3701419532299042, -1.162036657333374, -2.5577213764190674, -0.8866958618164062, -0.431629478931427], [0.387964129447937, -0.7106545567512512, 1.615275502204895, 0.6490685939788818, -0.8042188882827759, -0.13170994818210602, -0.8506433963775635, -2.2544941902160645], [-0.9483575820922852, -0.0688350573182106, -0.566874086856842, -2.648519992828369, 0.32645365595817566, 1.6720715761184692, -0.9480952024459839, 0.4873555600643158], [3.3679304122924805, -0.6469036936759949, 0.6017982959747314, 0.18888606131076813, 0.5647679567337036, 5.768807411193848, 0.11444997042417526, 0.1434444934129715]]}