{"step": 42, "width": 8, "height": 8, "values": [[-0.6987634301185608, -0.3553757667541504, 0.35673174262046814, 0.16492243111133575, 0.09609279781579971, -0.9323107600212097, -0.3504752814769745, -0.26688680052757263], [0.4320497512817383, -0.6550898551940918, 0.5911630988121033, 0.30311086773872375, -0.7257753610610962, -0.1678115576505661, 0.5630707740783691, -0.921215832233429], [-0.9013652205467224, 0.029045425355434418, -0.5806015133857727, -0.9657280445098877, -0.023945771157741547, 0.02196461893618107, -0.37070971727371216, 0.3011489510536194], [0.9915123581886292, -0.5880961418151855, 0.3103313744068146, 0.22394923865795135, 0.6116428375244141, 0.9530130624771118, 0.14251159131526947, 0.18321944773197174], [-1.0070135593414307, -0.3822391629219055, 0.39321497082710266, 0.1785629391670227, 0.09690624475479126, -2.7064239978790283, -0.36952343583106995, -0.5559992790222168], [0.608380913734436, -0.785498321056366, 1.6756093502044678, 0.7006626129150391, -1.0923398733139038, -0.16997377574443817, 0.638862133026123, -2.7879116535186768], [-2.0783417224884033, 0.1668178290128708, -0.7342257499694824, -3.6448283195495605, -0.03638029471039772, 0.027179349213838577, -0.45806872844696045, 0.31694406270980835], [3.361016035079956, -0.6914646625518799, 0.4311303496360779, 0.2723656892776489, 0.8481842875480652, 6.4230122566223145, 0.15388566255569458, 0.9867682456970215]]}