{"step": 254, "width": 8, "height": 8, "values": [[0.8209369778633118, -0.9951990246772766, -0.3986869752407074, 0.04119085520505905, -0.6314614415168762, -0.9794502854347229, -0.276847243309021, -0.24293601512908936], [0.7975265979766846, 0.010203924961388111, 0.19084694981575012, 0.7051487565040588, -0.6216656565666199, -0.7867411971092224, -0.21731066703796387, -0.9333816170692444], [-0.9847040772438049, 0.0007995827472768724, -0.6624686121940613, 0.5280035138130188, -0.08504774421453476, -0.021687550470232964, 0.041267357766628265, 0.33808138966560364], [-0.20116320252418518, -0.9822683334350586, 0.6396597623825073, 0.0016519451746717095, 0.28646740317344666, -0.9169417023658752, 0.9592353105545044, 0.44440919160842896], [4.88273286819458, -9.611912727355957, -0.6247572302818298, 0.045357562601566315, -0.7597435116767883, -35.651885986328125, -0.2988428473472595, -0.712669849395752], [1.2392007112503052, 0.010286584496498108, 0.6633225679397583, 4.7342352867126465, -0.7801104784011841, -1.0672909021377563, -0.22540783882141113, -3.794928550720215], [-4.881290912628174, 0.011911002919077873, -0.8465738892555237, 0.7628770470619202, -0.586068332195282, -1.1625850200653076, 0.211384579539299, 0.3679453134536743], [-0.20721133053302765, -7.135648727416992, 0.8223211765289307, 0.005037663504481316, 0.36495649814605713, -2.285850763320923, 2.0375962257385254, 1.043917179107666]]}