{"step": 152, "width": 8, "height": 8, "values": [[0.3863106667995453, -0.9791296124458313, 0.5967127680778503, 0.1074175164103508, -0.039728954434394836, 0.41324281692504883, -0.26691851019859314, -0.08209769427776337], [0.3776546120643616, -0.8306966423988342, 0.5557567477226257, 0.6055139899253845, -0.28984302282333374, -0.32017067074775696, -0.14063099026679993, 0.8255794048309326], [0.1178986132144928, 0.0045052035711705685, -0.10075054317712784, -0.9598461389541626, -0.2263208031654358, -0.12674067914485931, 0.0878056138753891, 0.08258944749832153], [0.9198010563850403, -0.9917582869529724, 0.25958916544914246, -0.3100813627243042, 0.829211950302124, 0.8580380082130432, 0.6149083971977234, -0.31379374861717224], [30.779146194458008, -21.684785842895508, 0.7918998003005981, 0.10996844619512558, -0.04031950607895851, 0.46736735105514526, -0.29065269231796265, -0.2092466801404953], [1.4192180633544922, -1.5113773345947266, 1.049755573272705, 1.990013837814331, -0.33046501874923706, -0.3358329236507416, -0.47818419337272644, 1.2776790857315063], [0.25718510150909424, 0.006031212862581015, -0.10432618111371994, -6.113584041595459, -0.2862507998943329, -0.1308751106262207, 0.09393483400344849, 0.09425093233585358], [3.0941355228424072, -2.9742045402526855, 0.31268176436424255, -0.36306285858154297, 1.4015237092971802, 2.446819305419922, 0.7501174211502075, -0.4182092845439911]]}