{"step": 150, "width": 8, "height": 8, "values": [[0.4524916112422943, -0.9801065921783447, 0.695298433303833, 0.08960168063640594, -0.03619758039712906, 0.46685919165611267, -0.2844643294811249, -0.09775101393461227], [0.1740381270647049, -0.9228322505950928, 0.6627236008644104, 0.688887894153595, -0.7459256649017334, -0.32417115569114685, -0.01650204323232174, 0.8261101245880127], [0.23303022980690002, 0.17484837770462036, -0.00848722830414772, -0.9338613152503967, 0.12954403460025787, -0.14423982799053192, -0.07401245832443237, 0.027113236486911774], [0.9390681385993958, -0.9920679926872253, 0.14205005764961243, -0.253040075302124, 0.6956413388252258, 0.8235785961151123, 0.6071646213531494, 0.023517196998000145], [30.573930740356445, -21.662559509277344, 0.9972304105758667, 0.10336708277463913, -0.03673280403017998, 0.5707824230194092, -0.29620838165283203, -0.21036413311958313], [0.9534256458282471, -1.6411628723144531, 1.0663225650787354, 1.8616507053375244, -1.090083360671997, -0.33979976177215576, -0.019847916439175606, 1.26139235496521], [0.39314067363739014, 0.20177330076694489, -0.008633616380393505, -5.1332807540893555, 0.5519866347312927, -0.1542087346315384, -0.07887641340494156, 0.031781185418367386], [3.0896987915039062, -2.927372455596924, 0.1603555828332901, -0.30564162135124207, 1.1135823726654053, 2.2435078620910645, 0.7362964153289795, 0.036877114325761795]]}