{"step": 3, "width": 8, "height": 8, "values": [[0.5965805053710938, 0.11151615530252457, -0.09003850072622299, -0.21046867966651917, -0.054766736924648285, 0.008055384270846844, -0.1863987147808075, -0.21613956987857819], [-0.14067326486110687, 0.1575038880109787, 0.014905793592333794, -0.5586814284324646, -0.34841033816337585, -0.010855456814169884, -0.5689083933830261, -0.4835635721683502], [0.5149523615837097, -0.21049831807613373, -0.1388436108827591, -0.061077579855918884, -0.26847147941589355, 0.5829601287841797, -0.5557970404624939, 0.16411486268043518], [0.0027609821408987045, -0.010476702824234962, 0.34192126989364624, 0.39316225051879883, 0.22256582975387573, 0.2695677578449249, -0.012819403782486916, -0.08377623558044434], [0.8132742047309875, 0.11746204644441605, -0.1024576723575592, -0.21753573417663574, -0.057393912225961685, 0.008951135911047459, -0.20024928450584412, -0.30195367336273193], [-0.14583785831928253, 0.1597132682800293, 0.01816651225090027, -0.8959435820579529, -0.49427714943885803, -0.010887587442994118, -0.6808493733406067, -0.6064329147338867], [0.8436999320983887, -0.25838321447372437, -0.1414794772863388, -0.08322656899690628, -0.3008519113063812, 0.732988715171814, -0.8778616786003113, 0.18370623886585236], [0.002810010453686118, -0.010490626096725464, 0.5607383251190186, 0.4285285472869873, 0.30437639355659485, 0.3070313632488251, -0.013818476349115372, -0.0881287083029747]]}