{"step": 71, "width": 8, "height": 8, "values": [[0.33871176838874817, -0.9542251825332642, 0.9602746963500977, 0.07920566946268082, 0.8019878268241882, 0.0202664565294981, -0.67679363489151, -0.12651130557060242], [0.253786563873291, -0.9231467247009277, 0.7181134223937988, 0.7529082298278809, -0.7767879366874695, -0.4100211262702942, 0.04875347018241882, 0.46845054626464844], [-0.2236560732126236, 0.04598837345838547, 0.0288479495793581, -0.9200515747070312, -0.3604402542114258, -0.5717940926551819, 0.1845410019159317, -0.038307178765535355], [0.9596921801567078, -0.8010110259056091, 0.20078450441360474, 0.26788806915283203, 0.8695335984230042, 0.7527045011520386, 0.41324228048324585, -0.04136161878705025], [8.063299179077148, -5.857223987579346, 2.0873684883117676, 0.08149304986000061, 1.1230828762054443, 0.02155003882944584, -0.8615225553512573, -0.3516272008419037], [1.1927319765090942, -1.697048306465149, 1.607526183128357, 1.7107839584350586, -1.4428527355194092, -0.43967315554618835, 0.15147948265075684, 0.5396459102630615], [-0.6338719725608826, 0.05187779664993286, 0.028897123411297798, -1.922686219215393, -0.49610069394111633, -0.7182984352111816, 0.2135939598083496, -0.05060185119509697], [2.955303907394409, -1.1152207851409912, 0.22375032305717468, 0.3411107659339905, 1.4295893907546997, 1.3665056228637695, 0.4648648500442505, -0.21663600206375122]]}