{"step": 212, "width": 8, "height": 8, "values": [[0.6716566681861877, -0.9759770035743713, -0.18275484442710876, 0.01829497143626213, -0.9834208488464355, -0.9610437750816345, -0.22301802039146423, -0.17856472730636597], [0.08792601525783539, -0.8500171899795532, 0.30817076563835144, 0.9003459811210632, -0.5702675580978394, -0.5936070680618286, 0.026492858305573463, 0.8691388964653015], [-0.9211833477020264, 0.1855645328760147, -0.5247119665145874, 0.8702578544616699, 0.34455645084381104, -0.0913114994764328, 0.09796272218227386, -0.5918753743171692], [-0.014648995362222195, -0.9767154455184937, 0.6743367314338684, 0.0028695857618004084, 0.5991402864456177, -0.97635817527771, 0.8771523833274841, 0.41145333647727966], [4.4485015869140625, -19.13319206237793, -0.2837184965610504, 0.04878339171409607, -2.5152413845062256, -13.86151123046875, -0.3062721788883209, -0.36161792278289795], [0.10022673010826111, -1.3012510538101196, 0.8936647176742554, 2.724895715713501, -0.7705408930778503, -0.690371572971344, 0.05382167175412178, 1.4739207029342651], [-2.3204874992370605, 0.3085368871688843, -0.7127447724342346, 1.7566354274749756, 0.7179164290428162, -1.0257189273834229, 0.1294364333152771, -0.7424548268318176], [-0.015607285313308239, -5.454065799713135, 0.8605380058288574, 0.017463503405451775, 0.8265559673309326, -3.2141313552856445, 1.392116665840149, 1.1525894403457642]]}