{"step": 210, "width": 8, "height": 8, "values": [[0.603172779083252, -0.9650198817253113, 0.3418582081794739, 0.011444916017353535, -0.9817540645599365, -0.9579162001609802, -0.21062901616096497, -0.16285283863544464], [-0.05958380922675133, -0.910325825214386, 0.4049035608768463, 0.9177132248878479, -0.21444165706634521, -0.5798748731613159, -0.241620272397995, 0.8823439478874207], [-0.9560889005661011, 0.28734564781188965, 0.02922697737812996, 0.8164962530136108, 0.5856887102127075, -0.2570613920688629, 0.06594442576169968, -0.6592998504638672], [-0.032393425703048706, -0.9455035924911499, 0.8158393502235413, -0.00796709954738617, 0.5614594221115112, -0.9943638443946838, 0.8656739592552185, 0.2552887201309204], [4.295064926147461, -19.52447509765625, 0.3889012634754181, 0.0349092073738575, -2.4384214878082275, -13.061664581298828, -0.3054630756378174, -0.22677767276763916], [-0.07382282614707947, -1.7078180313110352, 0.9019647240638733, 2.268697500228882, -0.5281879305839539, -0.6686570644378662, -0.2804098427295685, 1.609188199043274], [-2.3181357383728027, 0.30141791701316833, 0.07089017331600189, 2.181675910949707, 0.7393689155578613, -1.2428719997406006, 0.08110921829938889, -0.8345160484313965], [-0.034477170556783676, -5.3381733894348145, 1.4347491264343262, -0.1529933661222458, 0.7190294861793518, -3.1670279502868652, 1.3486088514328003, 0.9355344772338867]]}