{"step": 243, "width": 8, "height": 8, "values": [[0.7991063594818115, -0.9958490133285522, -0.27671149373054504, 0.03001449443399906, -0.6861627101898193, -0.980268120765686, -0.14535066485404968, -0.18399395048618317], [0.7295529842376709, -0.09547372907400131, 0.30482304096221924, 0.7313893437385559, -0.7015281915664673, -0.7495784163475037, -0.27191561460494995, -0.8914470672607422], [-0.9940034747123718, 0.0028145108371973038, -0.5010876655578613, 0.4479099214076996, -0.07165359705686569, -0.017080366611480713, 0.08011319488286972, 0.41864973306655884], [-0.15307915210723877, -0.956188440322876, 0.6621683239936829, -0.026979606598615646, 0.3109033405780792, -0.955712080001831, 0.9474327564239502, 0.36168381571769714], [5.30785608291626, -11.337065696716309, -0.36377227306365967, 0.038712918758392334, -0.8578310012817383, -30.695695877075195, -0.14889216423034668, -0.5233692526817322], [1.0254888534545898, -0.09661407023668289, 0.7370197772979736, 5.446823596954346, -0.9338226914405823, -0.9759438633918762, -0.28074806928634644, -2.1591382026672363], [-5.446591377258301, 0.0957038477063179, -0.8504696488380432, 0.7036189436912537, -0.34994274377822876, -1.2767084836959839, 0.3604980409145355, 0.45859643816947937], [-0.15613703429698944, -6.973312854766846, 0.8475281596183777, -0.19088509678840637, 0.3838402330875397, -3.64037823677063, 1.8804643154144287, 1.0313916206359863]]}