{"step": 178, "width": 8, "height": 8, "values": [[0.42379069328308105, -0.9955527186393738, 0.4573826491832733, 0.12371493875980377, -0.6187512874603271, -0.9658921957015991, -0.11641314625740051, -0.09227044880390167], [0.2990545332431793, -0.8476628661155701, 0.4747747778892517, 0.733803391456604, -0.6673492789268494, -0.2837319076061249, 0.4906612038612366, 0.9148074388504028], [-0.15261965990066528, 0.04578869789838791, -0.3879488408565521, -0.9846773147583008, 0.05048569664359093, -0.1312546283006668, 0.06189372017979622, 0.1785605400800705], [0.882871687412262, -0.988940954208374, 0.38758477568626404, -0.17891475558280945, 0.78879314661026, -0.009046591818332672, 0.702486515045166, 0.115618035197258], [27.23040008544922, -23.5336856842041, 0.6640007495880127, 0.16814999282360077, -0.7511971592903137, -3.000006675720215, -0.11728397011756897, -0.1998928338289261], [0.8665640950202942, -2.4528002738952637, 0.9639908075332642, 2.993595600128174, -0.8463009595870972, -0.293778657913208, 0.6416211724281311, 1.8502379655838013], [-0.44314485788345337, 0.23607906699180603, -0.4267541468143463, -4.020390510559082, 0.14292113482952118, -0.17658570408821106, 0.08706800639629364, 0.18463614583015442], [1.963287115097046, -3.7745134830474854, 0.46490320563316345, -0.24302254617214203, 1.2753995656967163, -0.009945151396095753, 0.89662104845047, 0.148025780916214]]}