{"step": 104, "width": 8, "height": 8, "values": [[0.2254766970872879, -0.9735811352729797, 0.9324765205383301, -0.3534121513366699, 0.6268541812896729, 0.4669203758239746, -0.7324943542480469, -0.17436881363391876], [-0.10227714478969574, -0.791614830493927, 0.8014803528785706, 0.6783705353736877, -0.7661943435668945, -0.40190553665161133, -0.3434642553329468, 0.7928610444068909], [0.04485917463898659, -0.037323419004678726, -0.09364160150289536, -0.7492763996124268, 0.019491691142320633, 0.770209014415741, -0.5735571980476379, 0.21282261610031128], [0.964128851890564, -0.9505110383033752, 0.19603262841701508, 0.15105657279491425, 0.46565255522727966, 0.6719346642494202, 0.5012855529785156, -0.1802959144115448], [17.382001876831055, -12.820823669433594, 2.080599069595337, -0.37605541944503784, 0.7507591843605042, 0.5740691423416138, -0.9389926195144653, -0.24978415668010712], [-0.3943527340888977, -1.0767759084701538, 1.418083906173706, 1.1178498268127441, -1.2497167587280273, -0.4291912913322449, -0.40489763021469116, 1.1599106788635254], [0.18457236886024475, -0.04139874875545502, -0.09534421563148499, -1.2324987649917603, 0.034842487424612045, 1.456565260887146, -1.2366576194763184, 0.23169562220573425], [3.343001127243042, -1.8457697629928589, 0.3013758659362793, 0.1554025560617447, 0.6045092344284058, 0.9141119122505188, 0.5819241404533386, -0.26591452956199646]]}