{"step": 201, "width": 8, "height": 8, "values": [[0.6030952334403992, -0.9629400372505188, 0.3421165347099304, 0.011800186708569527, -0.9700406789779663, -0.9576801657676697, -0.19860850274562836, -0.16933098435401917], [-0.055825747549533844, -0.9189063906669617, 0.4127415418624878, 0.9281396269798279, -0.21208108961582184, -0.49407339096069336, -0.24590645730495453, 0.8950967192649841], [-0.9537926912307739, 0.28251874446868896, 0.026975078508257866, 0.8227856159210205, 0.5715318918228149, -0.2737441956996918, 0.0706079751253128, -0.6694355010986328], [0.007242440711706877, -0.9464405179023743, 0.8074016571044922, -0.007330302149057388, 0.5665284395217896, -0.994073748588562, 0.8287556767463684, 0.26594460010528564], [5.1176910400390625, -20.76325225830078, 0.38804036378860474, 0.0363009013235569, -2.1450953483581543, -10.455673217773438, -0.2891688644886017, -0.23523880541324615], [-0.06936445087194443, -1.7776095867156982, 0.9273794293403625, 2.801952362060547, -0.5214681029319763, -0.5462985634803772, -0.2852456271648407, 1.7174606323242188], [-2.25249981880188, 0.29591578245162964, 0.06349854171276093, 2.142210006713867, 0.710911750793457, -1.2590607404708862, 0.08728959411382675, -0.8531575798988342], [0.00772332027554512, -4.902559757232666, 1.4029566049575806, -0.1365967094898224, 0.7284403443336487, -3.1323816776275635, 1.2099870443344116, 0.9483756422996521]]}