{"step": 179, "width": 8, "height": 8, "values": [[0.4193544089794159, -0.9887063503265381, 0.6599370837211609, 0.08976013213396072, -0.6032282114028931, -0.9401812553405762, -0.15658843517303467, -0.19833368062973022], [0.28900328278541565, -0.9577910900115967, 0.5210366249084473, 0.830390989780426, -0.22079873085021973, -0.2841503918170929, -0.4441224932670593, 0.8900423049926758], [-0.768036961555481, 0.19379791617393494, -0.20321328938007355, -0.8811095952987671, 0.18402469158172607, -0.5437294840812683, -0.3619970381259918, -0.21255363523960114], [0.9116421341896057, -0.9772512912750244, 0.5389174818992615, -0.03268396481871605, 0.6252756714820862, -0.09266715496778488, 0.6986013650894165, 0.13322243094444275], [26.789031982421875, -23.611392974853516, 0.834069550037384, 0.13619813323020935, -0.7154883146286011, -3.1002776622772217, -0.1594482809305191, -0.2767689824104309], [0.6946372985839844, -1.993898630142212, 0.9644498825073242, 2.979630947113037, -0.5673378109931946, -0.29507729411125183, -0.48072147369384766, 1.8885055780410767], [-1.1244761943817139, 0.2001732438802719, -0.22011889517307281, -3.2734906673431396, 0.19858060777187347, -0.6794913411140442, -0.39033374190330505, -0.22174794971942902], [1.8773550987243652, -3.8043406009674072, 0.8148738145828247, -0.14443200826644897, 1.046826720237732, -0.09430865198373795, 0.8978787660598755, 0.43725788593292236]]}