{"step": 234, "width": 8, "height": 8, "values": [[0.8370411992073059, -0.9925138354301453, -0.2741921544075012, 0.019015595316886902, -0.9374962449073792, -0.9742796421051025, -0.22990182042121887, -0.2615315020084381], [0.5966132283210754, -0.4973011016845703, 0.2271665781736374, 0.7783842086791992, -0.5520208477973938, -0.7093645334243774, 0.4328630566596985, -0.2512474060058594], [-0.993862509727478, 0.033521126955747604, -0.680168092250824, 0.5130663514137268, -0.02477196976542473, -0.04270147532224655, 0.041392162442207336, 0.28445106744766235], [-0.10158619284629822, -0.9400478601455688, 0.6360583305358887, -0.04355192556977272, 0.42421993613243103, -0.9798106551170349, 0.9316410422325134, 0.28055816888809204], [7.012238502502441, -13.818439483642578, -0.41287916898727417, 0.026002731174230576, -1.760547161102295, -26.348241806030273, -0.24327249825000763, -0.578062117099762], [0.7593032717704773, -0.5472806692123413, 0.7983217239379883, 6.112683296203613, -0.7429378032684326, -0.8887203335762024, 0.46453818678855896, -0.2743348479270935], [-4.693377494812012, 0.19633369147777557, -1.3097180128097534, 0.6706230044364929, -0.1127542033791542, -1.0445268154144287, 0.07522229850292206, 0.29630038142204285], [-0.1032913476228714, -6.7891621589660645, 0.8920769095420837, -0.36151057481765747, 0.531531810760498, -4.511870384216309, 1.7347427606582642, 1.0428698062896729]]}