{"step": 101, "width": 8, "height": 8, "values": [[0.3109593391418457, -0.9803573489189148, 0.6368987560272217, -0.35048142075538635, 0.651225745677948, 0.38049086928367615, -0.6754529476165771, -0.12794733047485352], [0.0690496638417244, -0.6643622517585754, 0.7892186045646667, 0.6080593466758728, -0.4003940522670746, -0.40604299306869507, -0.03742610290646553, 0.7286050915718079], [0.10362666100263596, -0.056774672120809555, -0.047594085335731506, -0.815862774848938, -0.30554109811782837, 0.8557578921318054, -0.35171377658843994, 0.24500752985477448], [0.9528852105140686, -0.938295304775238, 0.18517282605171204, -0.1607729196548462, 0.7250129580497742, 0.6097036600112915, 0.5039381384849548, -0.46164074540138245], [16.113924026489258, -12.442112922668457, 0.9514308571815491, -0.3704361915588379, 0.7920773029327393, 0.4409927427768707, -0.8929481506347656, -0.27522924542427063], [0.2837090492248535, -0.8531299233436584, 1.4236774444580078, 1.4632771015167236, -0.46685001254081726, -0.43475326895713806, -0.1979113668203354, 1.002408742904663], [0.34007197618484497, -0.0835345908999443, -0.04816565290093422, -1.4735431671142578, -0.4182213842868805, 1.4731407165527344, -0.39023107290267944, 0.2771320641040802], [3.3572256565093994, -1.7321717739105225, 0.24891453981399536, -0.1672986000776291, 1.003859519958496, 1.0106583833694458, 0.5797547101974487, -0.604412853717804]]}