{"step": 80, "width": 8, "height": 8, "values": [[0.23038168251514435, -0.9727436304092407, 0.9408455491065979, 0.18490628898143768, 0.8411591649055481, 0.4251019358634949, -0.642252504825592, -0.12120835483074188], [0.16423000395298004, -0.9656510353088379, 0.8063406944274902, 0.6789571046829224, -0.9103334546089172, -0.41487956047058105, -0.1385716199874878, 0.7279993891716003], [-0.19139547646045685, 0.0018941010348498821, -0.10229939967393875, -0.8998662829399109, -0.29958853125572205, -0.041680436581373215, -0.19303663074970245, 0.3402785360813141], [0.9741441607475281, -0.8585479855537415, 0.17918485403060913, -0.004248747602105141, 0.8382323980331421, 0.693140983581543, 0.44725364446640015, -0.024794340133666992], [12.07296371459961, -8.083028793334961, 1.9799447059631348, 0.19444231688976288, 1.2544018030166626, 0.49476003646850586, -0.7639234662055969, -0.32027000188827515], [1.172291874885559, -2.0319342613220215, 1.5557960271835327, 1.2345938682556152, -1.8079034090042114, -0.4451003670692444, -0.14097070693969727, 1.0128567218780518], [-0.3967152535915375, 0.006027086637914181, -0.11235875636339188, -2.5185298919677734, -0.6499040722846985, -0.04954810068011284, -0.5353930592536926, 0.39522701501846313], [3.2134389877319336, -1.30717933177948, 0.20040667057037354, -0.005490683484822512, 1.489357590675354, 1.0133533477783203, 0.5105443000793457, -0.09134238213300705]]}