{"step": 49, "width": 8, "height": 8, "values": [[0.6651015877723694, -0.8660749793052673, 0.8424861431121826, 0.05748920515179634, 0.4679778218269348, -0.8239532709121704, -0.2192128300666809, -0.3862740993499756], [0.24202413856983185, -0.9069489240646362, 0.8260104060173035, 0.6680110692977905, -0.29514390230178833, -0.19593650102615356, -0.2085946947336197, -0.855694055557251], [-0.6767144203186035, 0.32069113850593567, 0.21037839353084564, -0.9149472117424011, 0.11735943704843521, -0.6348773837089539, -0.3523281514644623, -0.39568597078323364], [0.9779704213142395, -0.6149452328681946, 0.5055179595947266, 0.11210596561431885, 0.47648191452026367, 0.9670554995536804, 0.19397400319576263, 0.11217601597309113], [2.173421859741211, -1.5955486297607422, 1.2641056776046753, 0.06891041249036789, 0.5130669474601746, -1.4740406274795532, -0.235980823636055, -0.6221991181373596], [0.6031237244606018, -1.5373047590255737, 1.6837798357009888, 0.9901661276817322, -0.6915783882141113, -0.1996529996395111, -0.21571879088878632, -1.960631012916565], [-1.4651358127593994, 0.33734434843063354, 0.23743806779384613, -2.452826738357544, 0.12132131308317184, -0.7670391798019409, -0.386749267578125, -0.4454968571662903], [3.1489036083221436, -0.7345097661018372, 0.8238780498504639, 0.3040675222873688, 0.5857934355735779, 3.611795663833618, 0.20331169664859772, 0.9839081168174744]]}