{"step": 4, "width": 8, "height": 8, "values": [[0.48726600408554077, 0.17458343505859375, -0.008608359843492508, -0.18395431339740753, -0.036242712289094925, 0.015630017966032028, -0.23061896860599518, -0.12769904732704163], [-0.06580165773630142, 0.12538380920886993, 0.018952127546072006, -0.4865577220916748, -0.7245293855667114, -0.012013181112706661, 0.4576449990272522, -0.6018338799476624], [0.4400363862514496, -0.09431836754083633, -0.5020593404769897, -0.2793537378311157, -0.17869961261749268, 0.3446527421474457, -0.3390228748321533, 0.25638648867607117], [0.01338694617152214, -0.008918062783777714, 0.2024802714586258, 0.31491562724113464, 0.31592005491256714, -0.0076348441652953625, -0.014746738597750664, 0.031005628407001495], [0.5917592644691467, 0.18612271547317505, -0.010610267519950867, -0.19366483390331268, -0.03725823014974594, 0.017312638461589813, -0.2434755563735962, -0.24198590219020844], [-0.06739157438278198, 0.12645681202411652, 0.0225332360714674, -0.7241989374160767, -0.9645020365715027, -0.012036534026265144, 0.5245317220687866, -0.8038151264190674], [0.8040229082107544, -0.21017682552337646, -0.5596153736114502, -0.32767224311828613, -0.3300974667072296, 0.5005320310592651, -0.5284826755523682, 0.27715110778808594], [0.013528840616345406, -0.008938414976000786, 0.26482605934143066, 0.33269020915031433, 0.37659093737602234, -0.01034357026219368, -0.015854286029934883, 0.03326692804694176]]}