{"step": 155, "width": 8, "height": 8, "values": [[0.40107354521751404, -0.9862614274024963, 0.7173042297363281, 0.1505434364080429, -0.1215459555387497, 0.2213028073310852, -0.19809766113758087, -0.11715541779994965], [0.2319500595331192, -0.7415708303451538, 0.6134310364723206, 0.6427941918373108, -0.4863380789756775, -0.31599879264831543, 0.09169825911521912, 0.8439254760742188], [0.03638229891657829, 0.11145723611116409, -0.08812133222818375, -0.9676843285560608, -0.06257122755050659, 0.06035006046295166, -0.310343861579895, 0.1749892234802246], [0.9244247078895569, -0.9912897348403931, 0.23973214626312256, -0.13863812386989594, 0.869875967502594, 0.8085981607437134, 0.6239073872566223, -0.03169860690832138], [30.22214698791504, -21.84587860107422, 1.0911049842834473, 0.1562868356704712, -0.1264478862285614, 0.23471219837665558, -0.20188555121421814, -0.28706589341163635], [1.5409170389175415, -1.9657702445983887, 1.0284231901168823, 1.9368749856948853, -0.5986678004264832, -0.33079734444618225, 0.21866542100906372, 1.3900330066680908], [0.147910475730896, 0.24787139892578125, -0.0886344164609909, -6.232442855834961, -0.08559838682413101, 0.06465243548154831, -0.3543703556060791, 0.22047275304794312], [2.9419023990631104, -3.036858081817627, 0.31006497144699097, -0.16227835416793823, 1.4882980585098267, 2.1322579383850098, 0.7654920220375061, -0.04224196821451187]]}