{"step": 160, "width": 8, "height": 8, "values": [[0.3598012924194336, -0.9910236597061157, 0.6364180445671082, 0.0935242623090744, -0.19802649319171906, 0.07832442224025726, -0.35060515999794006, -0.18590648472309113], [0.24471287429332733, -0.9841472506523132, 0.6402322053909302, 0.7074615359306335, -0.28351572155952454, -0.3089783787727356, -0.18246601521968842, 0.8502963781356812], [-0.1461266130208969, 0.0162167027592659, -0.132958322763443, -0.9283389449119568, 0.11119551956653595, 0.905342698097229, -0.52634197473526, -0.048061713576316833], [0.955757200717926, -0.9904518127441406, 0.3642325699329376, -0.17108935117721558, 0.6025135517120361, 0.6969579458236694, 0.6273984313011169, 0.07262834906578064], [30.21974754333496, -22.261634826660156, 0.9189813733100891, 0.09607270359992981, -0.20362859964370728, 0.08327136188745499, -0.367538720369339, -0.28277289867401123], [1.0881398916244507, -3.0000336170196533, 1.0184509754180908, 1.7116020917892456, -0.43403470516204834, -0.32155266404151917, -0.18653908371925354, 1.4081443548202515], [-0.407041072845459, 0.026508279144763947, -0.17115236818790436, -4.052903175354004, 0.12226925790309906, 1.9755570888519287, -1.4788044691085815, -0.05018504709005356], [2.623995065689087, -3.137608528137207, 0.8299528360366821, -0.19442224502563477, 0.8612615466117859, 0.874610424041748, 0.7830818295478821, 0.09051555395126343]]}