{"step": 47, "width": 8, "height": 8, "values": [[0.48402929306030273, -0.8514223694801331, 0.8006589412689209, 0.07007618993520737, 0.3804796636104584, -0.8636868000030518, -0.1830432265996933, -0.36363083124160767], [0.45800095796585083, -0.8111870288848877, 0.814359724521637, 0.6598944664001465, -0.38622260093688965, -0.18563522398471832, -0.285184383392334, -0.8520989418029785], [-0.7375317811965942, 0.3353393077850342, 0.04567591845989227, -0.9127518534660339, 0.12245142459869385, -0.3922969102859497, -0.3464444875717163, 0.011284214444458485], [0.9841689467430115, -0.6083659529685974, 0.4202203154563904, 0.2494959682226181, 0.5092638731002808, 0.9494381546974182, 0.18036246299743652, 0.10240493714809418], [1.1120121479034424, -1.3670966625213623, 1.1392585039138794, 0.08091194182634354, 0.40765416622161865, -1.953717827796936, -0.1871785968542099, -0.5525704026222229], [1.0003623962402344, -1.1456457376480103, 1.686402440071106, 1.0293998718261719, -0.7957630157470703, -0.18868015706539154, -0.29564526677131653, -2.1060218811035156], [-1.50605046749115, 0.3567045331001282, 0.04736132547259331, -3.2547566890716553, 0.12759913504123688, -0.4266800582408905, -0.3717699944972992, 0.011538845486938953], [3.325044631958008, -0.7229416370391846, 0.6615925431251526, 0.3719453811645508, 0.6930382251739502, 4.316504955291748, 0.1912958323955536, 0.5320264101028442]]}