{"step": 50, "width": 8, "height": 8, "values": [[0.6859807372093201, -0.8647658228874207, 0.8385021090507507, 0.051959067583084106, 0.4932641088962555, -0.789639413356781, -0.22672827541828156, -0.386805921792984], [0.18732313811779022, -0.9329681396484375, 0.8303301334381104, 0.6666539907455444, -0.26903384923934937, -0.20173442363739014, -0.1777486503124237, -0.8580281734466553], [-0.6551399230957031, 0.3188721537590027, 0.22447682917118073, -0.9030753374099731, 0.1274484246969223, -0.6680644750595093, -0.33631086349487305, -0.46309083700180054], [0.97573322057724, -0.6178263425827026, 0.5190590620040894, 0.10767446458339691, 0.47301337122917175, 0.9683520197868347, 0.200949564576149, 0.11474905908107758], [2.580960512161255, -1.6740361452102661, 1.2463455200195312, 0.06381025165319443, 0.5455131530761719, -1.290869116783142, -0.25318941473960876, -0.6262437105178833], [0.4529169797897339, -1.7220720052719116, 1.6823885440826416, 0.9767075181007385, -0.644389271736145, -0.20577959716320038, -0.18414445221424103, -1.9138156175613403], [-1.3880795240402222, 0.334695965051651, 0.2644883692264557, -2.086653709411621, 0.1316121220588684, -0.8259330987930298, -0.3705482482910156, -0.5389875769615173], [3.0438292026519775, -0.7404699921607971, 0.8489603996276855, 0.29289549589157104, 0.5704655647277832, 3.192627191543579, 0.2104523777961731, 1.0382956266403198]]}