{"step": 153, "width": 8, "height": 8, "values": [[0.35369566082954407, -0.9793484210968018, 0.8656118512153625, 0.09325750917196274, -0.052959077060222626, 0.37214136123657227, -0.3201085031032562, -0.13074913620948792], [0.3448649048805237, -0.9098629355430603, 0.6483483910560608, 0.6932485699653625, -0.6034557223320007, -0.318439245223999, -0.5605998039245605, 0.8793283104896545], [0.06408090889453888, -0.012505307793617249, 0.0313369482755661, -0.8671771287918091, 0.009458042681217194, -0.19298692047595978, -0.31604063510894775, 0.04977751523256302], [0.9583523273468018, -0.9916728138923645, 0.3344617187976837, -0.04781070351600647, 0.6661983132362366, 0.9234112501144409, 0.614099383354187, 0.12342803925275803], [30.533109664916992, -21.762863159179688, 1.3946579694747925, 0.09865725785493851, -0.05404724180698395, 0.4153594672679901, -0.3326345384120941, -0.21037569642066956], [1.2903125286102295, -1.5301380157470703, 1.0445562601089478, 1.557704210281372, -0.9037224650382996, -0.33353087306022644, -0.6452087759971619, 1.534913182258606], [0.0966780036687851, -0.015072324313223362, 0.037903640419244766, -5.274507999420166, 0.012658272869884968, -0.21478156745433807, -0.6768152713775635, 0.0541410893201828], [3.0124125480651855, -2.9906258583068848, 0.4361880421638489, -0.06146210432052612, 1.0938440561294556, 1.896483302116394, 0.7527850866317749, 0.18987680971622467]]}