{"step": 26, "width": 8, "height": 8, "values": [[-0.884917140007019, 0.6452377438545227, 0.7182974219322205, 0.30900198221206665, -0.9646672606468201, -0.7282012104988098, -0.055096399039030075, -0.20816059410572052], [0.37282463908195496, -0.7017129063606262, 0.6229001879692078, 0.5779311060905457, -0.7236022353172302, -0.10624752193689346, 0.40591466426849365, 0.46068835258483887], [0.29677948355674744, 0.11653196066617966, -0.6874911785125732, -0.9753960371017456, -0.020706666633486748, 0.6955354809761047, -0.7342304587364197, 0.009768783114850521], [0.9790984392166138, -0.3658963143825531, 0.2680165469646454, 0.23441612720489502, 0.7068616151809692, 0.9626954793930054, 0.0536198690533638, 0.06527600437402725], [-3.7680094242095947, 0.8085492849349976, 1.0512843132019043, 0.3295254707336426, -2.1023573875427246, -1.1322914361953735, -0.0552920363843441, -0.3637614846229553], [0.5301226377487183, -0.8722654581069946, 1.3507384061813354, 0.9612109065055847, -1.0972820520401, -0.10715218633413315, 0.43246349692344666, 0.5305840969085693], [0.45341038703918457, 0.2608843743801117, -0.915561318397522, -4.414071559906006, -0.022785888984799385, 0.9512943625450134, -1.4865082502365112, 0.00993599183857441], [3.452950954437256, -0.3857315182685852, 0.3595277667045593, 0.30456021428108215, 1.1964906454086304, 5.780203342437744, 0.056849945336580276, 0.20632678270339966]]}