{"step": 5, "width": 8, "height": 8, "values": [[0.4184053838253021, 0.31407827138900757, -0.34759941697120667, -0.1476440727710724, 0.015369810163974762, 0.0496198832988739, -0.23009620606899261, -0.11977308243513107], [0.2717519700527191, 0.15864750742912292, 0.0203561894595623, -0.19677889347076416, -0.6528259515762329, -0.01338490005582571, 0.15551108121871948, -0.6199598908424377], [0.6121151447296143, -0.12441448122262955, 0.11592040210962296, -0.46039533615112305, -0.13000798225402832, 0.03290792554616928, 0.07943529635667801, 0.44229403138160706], [0.0614343136548996, -0.012950277887284756, 0.16985997557640076, 0.21257026493549347, 0.3707793951034546, 0.10173917561769485, -0.014313602820038795, -0.24516592919826508], [0.48636922240257263, 0.33935871720314026, -0.43350842595100403, -0.17268750071525574, 0.01609501615166664, 0.056897711008787155, -0.24171185493469238, -0.19997747242450714], [0.2918111979961395, 0.16448383033275604, 0.024774180725216866, -0.25244855880737305, -0.8735820651054382, -0.013421994633972645, 0.17644666135311127, -0.8793362379074097], [0.98956698179245, -0.15543094277381897, 0.1167619451880455, -0.5701937079429626, -0.1756330132484436, 0.03959423303604126, 0.08312752842903137, 0.5120155215263367], [0.06230103597044945, -0.01299586147069931, 0.2074817270040512, 0.2310069352388382, 0.4686439633369446, 0.1362481415271759, -0.015459847636520863, -0.276744544506073]]}