{"step": 157, "width": 8, "height": 8, "values": [[0.46051689982414246, -0.9561734199523926, 0.7100762128829956, 0.12853866815567017, -0.11451898515224457, 0.10261300206184387, -0.24151654541492462, -0.15006715059280396], [0.2619132995605469, -0.9587163925170898, 0.6166553497314453, 0.7357945442199707, -0.6908580660820007, -0.3145628571510315, 0.30080458521842957, 0.8687272071838379], [0.07519209384918213, 0.16089926660060883, -0.4014069736003876, -0.9654637575149536, 0.15966935455799103, 0.07547613978385925, -0.5678276419639587, -0.023241881281137466], [0.9407480955123901, -0.9920210838317871, 0.21873502433300018, -0.17299464344978333, 0.7205724120140076, 0.7879295349121094, 0.6305067539215088, 0.1419970989227295], [29.7841739654541, -22.044559478759766, 1.211390495300293, 0.14815904200077057, -0.11589226126670837, 0.11145815253257751, -0.24955745041370392, -0.29598549008369446], [0.955976128578186, -1.9536775350570679, 1.021742820739746, 1.6988379955291748, -0.9504225850105286, -0.32861560583114624, 0.36840638518333435, 1.4550902843475342], [0.1837504804134369, 0.1889840066432953, -0.431867390871048, -5.555925369262695, 0.31205517053604126, 0.07941482961177826, -0.6851122975349426, -0.02577202208340168], [2.740157127380371, -3.072770833969116, 0.2576669454574585, -0.22064699232578278, 1.17634117603302, 1.918974757194519, 0.7707692980766296, 0.25823482871055603]]}