{"step": 223, "width": 8, "height": 8, "values": [[0.6892111897468567, -0.9941003918647766, -0.020125100389122963, 0.09193632006645203, -0.9866304397583008, -0.9769560694694519, -0.21842095255851746, -0.17203834652900696], [0.6980197429656982, -0.5153989791870117, 0.17523618042469025, 0.7141327261924744, -0.607351541519165, -0.6601971983909607, 0.4595278203487396, 0.5870250463485718], [-0.9512124061584473, -0.008783425204455853, -0.6998770833015442, 0.12861321866512299, -0.015327093191444874, -0.013185784220695496, 0.03377006575465202, 0.3219895660877228], [0.009074542671442032, -0.987043559551239, 0.5830489993095398, -0.003901133080944419, 0.50101637840271, -0.9729881286621094, 0.9102429151535034, 0.6284908056259155], [6.562124252319336, -16.156414031982422, -0.025979937985539436, 0.10197942703962326, -3.229616403579712, -20.668296813964844, -0.225014790892601, -0.39393937587738037], [0.9805096387863159, -0.5739932656288147, 0.8617020845413208, 5.6761474609375, -0.7310881614685059, -0.796423614025116, 0.5297451019287109, 0.710582971572876], [-2.871595859527588, -0.09365448355674744, -0.9182842373847961, 0.14278554916381836, -0.18825145065784454, -0.5214956402778625, 0.18088886141777039, 0.33969593048095703], [0.009405389428138733, -6.227694988250732, 0.7271775007247925, -0.010576182045042515, 0.6620677709579468, -3.9335575103759766, 1.591164231300354, 1.1182061433792114]]}