{"step": 185, "width": 8, "height": 8, "values": [[0.5632916688919067, -0.9709986448287964, 0.6220495700836182, 0.03273172676563263, -0.7730836868286133, -0.9548200964927673, -0.21813446283340454, -0.18630346655845642], [0.11731667816638947, -0.9342249631881714, 0.460832804441452, 0.9285133481025696, -0.22930175065994263, -0.3246789574623108, -0.21063649654388428, 0.9066632390022278], [-0.9159985780715942, 0.2320341169834137, -0.0701083391904831, 0.01782626286149025, 0.25653690099716187, -0.5711387395858765, -0.04243985563516617, -0.7118651866912842], [0.6186721920967102, -0.959108293056488, 0.7184680104255676, 0.011666792444884777, 0.6187863349914551, -0.9010509848594666, 0.7361888885498047, 0.18669427931308746], [17.78561782836914, -23.20452308654785, 0.7596340179443359, 0.08221221715211868, -1.035514235496521, -5.054196357727051, -0.24165667593479156, -0.249924436211586], [0.1976616382598877, -1.8024377822875977, 0.961564838886261, 3.4100844860076904, -0.5639687180519104, -0.33995985984802246, -0.2224675863981247, 1.9250290393829346], [-2.0242764949798584, 0.23976127803325653, -0.09204903244972229, 0.018970035016536713, 0.27915892004966736, -0.9490406513214111, -0.04651154577732086, -0.922471284866333], [0.7983621954917908, -4.10568904876709, 1.1866122484207153, 0.17195993661880493, 0.8314231634140015, -1.492427945137024, 0.9635370969772339, 0.9422269463539124]]}