{"step": 162, "width": 8, "height": 8, "values": [[0.3844192922115326, -0.9908815622329712, 0.6131486296653748, 0.08576592803001404, -0.22315160930156708, 0.12619523704051971, -0.41528579592704773, -0.19636370241641998], [0.24615761637687683, -0.9856473803520203, 0.6349203586578369, 0.7421765923500061, -0.2850528657436371, -0.3053293228149414, -0.11473037302494049, 0.8403460383415222], [-0.23072612285614014, 0.016856607049703598, -0.1377977430820465, -0.9237006306648254, 0.086139015853405, 0.8983036875724792, -0.5690441131591797, -0.08141152560710907], [0.9533405303955078, -0.9901415705680847, 0.35967156291007996, -0.1505701094865799, 0.5456181764602661, 0.04950271174311638, 0.6343786120414734, 0.08452149480581284], [29.99085807800293, -22.45694351196289, 0.9067254066467285, 0.08861744403839111, -0.22956782579421997, 0.13470660150051117, -0.4438924193382263, -0.2870185077190399], [0.9668817520141602, -3.632931709289551, 1.0186216831207275, 1.6381858587265015, -0.44145041704177856, -0.31720370054244995, -0.11674915254116058, 1.3780272006988525], [-0.5566521883010864, 0.02777775749564171, -0.17241305112838745, -2.656076669692993, 0.09739339351654053, 2.9942023754119873, -1.753021478652954, -0.08408933877944946], [2.502506732940674, -3.1656806468963623, 0.8457266092300415, -0.17396406829357147, 0.7397984862327576, 0.049929216504096985, 0.7892022728919983, 0.10488617420196533]]}