{"step": 108, "width": 8, "height": 8, "values": [[0.26584377884864807, -0.9524539709091187, 0.9495024085044861, -0.16575966775417328, 0.6878707408905029, 0.5253869891166687, -0.6797474026679993, -0.12721100449562073], [0.13732565939426422, -0.9045290946960449, 0.740548312664032, 0.6439833641052246, -0.7431573867797852, -0.397866427898407, 0.08611650764942169, 0.7677818536758423], [-0.04257833585143089, -0.06430192291736603, 0.0010852920822799206, -0.9131000638008118, -0.2644030451774597, -0.304528146982193, -0.053890760987997055, 0.3565371036529541], [0.9621291756629944, -0.9582953453063965, 0.09564022719860077, -0.09009554982185364, 0.8205270767211914, 0.666742742061615, 0.5116162300109863, -0.11953182518482208], [18.738540649414062, -13.963868141174316, 2.2307279109954834, -0.1719614416360855, 0.8593093752861023, 0.6472467184066772, -0.8473888039588928, -0.32266226410865784], [0.9116399884223938, -1.5139485597610474, 1.3840914964675903, 1.4840786457061768, -1.2460405826568604, -0.4263618588447571, 0.2262890338897705, 1.1233539581298828], [-0.09739487618207932, -0.07286687940359116, 0.0010862541384994984, -2.560161590576172, -0.5174630284309387, -0.38253647089004517, -0.05532132461667061, 0.5222412347793579], [3.537766218185425, -1.9540902376174927, 0.11220154911279678, -0.1016022190451622, 1.2838562726974487, 1.6741867065429688, 0.5933478474617004, -0.5221245884895325]]}