{"step": 129, "width": 8, "height": 8, "values": [[0.28762689232826233, -0.9751753807067871, 0.8473467826843262, 0.30004632472991943, 0.25347986817359924, 0.7438754439353943, -0.35093873739242554, -0.0984865203499794], [0.23037439584732056, -0.8616752624511719, 0.6424244046211243, 0.5689631104469299, -0.3387525677680969, -0.3528766632080078, -0.09212425351142883, 0.8389613032341003], [0.14586162567138672, -0.15738244354724884, -0.10817024856805801, -0.9477388858795166, -0.3516670763492584, 0.15198443830013275, -0.25091320276260376, 0.2453780621290207], [0.9266984462738037, -0.984767735004425, 0.19710370898246765, -0.19745907187461853, 0.8706865906715393, 0.8460506200790405, 0.5635477900505066, -0.41967102885246277], [25.554309844970703, -19.13992691040039, 1.468278169631958, 0.31266558170318604, 0.2641885578632355, 1.0820297002792358, -0.37442103028297424, -0.2359026074409485], [1.3258013725280762, -2.066917896270752, 1.191340446472168, 1.2961152791976929, -0.3860345780849457, -0.3730875849723816, -0.3001943826675415, 1.3431254625320435], [0.5159021019935608, -0.2044747769832611, -0.1097637340426445, -5.072674751281738, -0.42570802569389343, 0.1581949144601822, -0.28579142689704895, 0.27715644240379333], [3.6841211318969727, -2.505530595779419, 0.2523668110370636, -0.21468278765678406, 1.5852550268173218, 1.9778565168380737, 0.6735705137252808, -0.5683769583702087]]}