{"step": 28, "width": 8, "height": 8, "values": [[-0.8923545479774475, 0.7024016976356506, 0.5653948187828064, 0.2738339602947235, -0.9599458575248718, -0.8353174924850464, -0.08242720365524292, -0.29354506731033325], [0.4286065101623535, -0.7390497326850891, 0.5564050674438477, 0.6748642921447754, -0.16782398521900177, -0.10915792733430862, -0.6578579545021057, 0.31810811161994934], [0.15083761513233185, -0.060035135596990585, -0.4411405026912689, -0.987438440322876, 0.174520343542099, 0.9433826804161072, -0.4745039641857147, 0.0614631325006485], [0.956673800945282, -0.40285682678222656, 0.35778966546058655, 0.2585335075855255, 0.43527331948280334, 0.9340013861656189, 0.06341331452131271, 0.21398445963859558], [-3.3840863704681396, 0.9018388986587524, 0.9685785174369812, 0.2826978862285614, -2.2778475284576416, -1.5010154247283936, -0.0828075185418129, -0.414179265499115], [0.512645959854126, -0.9809075593948364, 1.4045050144195557, 1.2309496402740479, -0.19104839861392975, -0.1101531833410263, -0.8703275322914124, 0.3457340598106384], [0.703447699546814, -0.10486087948083878, -0.5220702290534973, -4.479427337646484, 0.17719651758670807, 1.8999048471450806, -1.2502477169036865, 0.062170129269361496], [3.4021658897399902, -0.42770808935165405, 0.639876663684845, 0.2799834609031677, 1.0986437797546387, 5.958613395690918, 0.0674249529838562, 0.22840499877929688]]}