{"step": 164, "width": 8, "height": 8, "values": [[0.3102554976940155, -0.9929239749908447, 0.7854408025741577, 0.1493019163608551, -0.22610881924629211, 0.02957983687520027, -0.32881423830986023, -0.08636028319597244], [0.17254793643951416, -0.9770801067352295, 0.6503390073776245, 0.7646562457084656, -0.8572949767112732, -0.30449673533439636, -0.3616505265235901, 0.8752422332763672], [-0.20902177691459656, 0.004620401654392481, -0.29310280084609985, -0.8566153049468994, -0.101789191365242, 0.541411280632019, -0.1925337165594101, 0.17650654911994934], [0.9528719186782837, -0.9926851987838745, 0.2356335073709488, -0.14199389517307281, 0.6751017570495605, 0.3756709694862366, 0.6451331973075867, 0.03392837569117546], [29.283740997314453, -22.47488784790039, 1.203124761581421, 0.1563701331615448, -0.23291245102882385, 0.030996084213256836, -0.34196263551712036, -0.2220267802476883], [0.8704906702041626, -2.253114700317383, 1.0091782808303833, 1.7826404571533203, -1.412961483001709, -0.3161783218383789, -0.3874462842941284, 1.5250440835952759], [-0.3029283881187439, 0.017272306606173515, -0.3481234014034271, -3.0042717456817627, -0.6473690867424011, 0.9360029697418213, -0.5993478894233704, 0.18739581108093262], [2.4725418090820312, -3.2262580394744873, 0.26438912749290466, -0.19541585445404053, 1.0022642612457275, 0.4199991226196289, 0.799207329750061, 0.061731137335300446]]}