{"step": 78, "width": 8, "height": 8, "values": [[0.28785863518714905, -0.9488376379013062, 0.8510480523109436, 0.09338133782148361, 0.8443065881729126, 0.2891456186771393, -0.7395443916320801, -0.06719043105840683], [0.08738600462675095, -0.9783079028129578, 0.7758660912513733, 0.7577615976333618, -0.797656238079071, -0.41363611817359924, 0.2637580335140228, 0.6829357147216797], [-0.21782758831977844, 0.010674780234694481, 0.07125286012887955, -0.9296095371246338, 0.09347525984048843, 0.056203827261924744, 0.11528833955526352, 0.0029010081198066473], [0.9456789493560791, -0.8455366492271423, 0.26981213688850403, 0.021523205563426018, 0.7984724044799805, 0.8003641963005066, 0.434653103351593, 0.016748100519180298], [11.3563232421875, -7.410792350769043, 1.3364228010177612, 0.10134199261665344, 1.2522048950195312, 0.3408070504665375, -1.1121764183044434, -0.16727307438850403], [0.9225103259086609, -2.550321340560913, 1.573896050453186, 1.582247257232666, -1.5367517471313477, -0.4431321322917938, 0.29291677474975586, 0.8877607583999634], [-0.5361611843109131, 0.010851015336811543, 0.07291144877672195, -2.0291335582733154, 0.18996010720729828, 0.05801573395729065, 0.12651729583740234, 0.003468869486823678], [3.1261279582977295, -1.2638779878616333, 0.31011977791786194, 0.025778934359550476, 1.2218230962753296, 1.3467497825622559, 0.49807021021842957, 0.09708080440759659]]}