{"step": 196, "width": 8, "height": 8, "values": [[0.6043990254402161, -0.9607579112052917, 0.3459206223487854, 0.012465721927583218, -0.953595757484436, -0.9576132297515869, -0.19126257300376892, -0.17275728285312653], [-0.0475258007645607, -0.9265548586845398, 0.4177996814250946, 0.9285622835159302, -0.20772607624530792, -0.4432600140571594, -0.25143560767173767, 0.9005565643310547], [-0.9526325464248657, 0.2752833366394043, 0.02020709030330181, 0.8281258344650269, 0.5446473956108093, -0.2924013137817383, 0.07396145910024643, -0.6779050827026367], [0.06782364845275879, -0.9464268088340759, 0.8005752563476562, -0.006178040057420731, 0.565439760684967, -0.9929330348968506, 0.8046282529830933, 0.27678200602531433], [6.466326713562012, -21.487808227539062, 0.3911798894405365, 0.03859395533800125, -1.901524543762207, -8.866880416870117, -0.2791123390197754, -0.240154430270195], [-0.05930320546030998, -1.8473401069641113, 0.9409098625183105, 3.0722501277923584, -0.5099213719367981, -0.4804815948009491, -0.2907921075820923, 1.7769999504089355], [-2.2220005989074707, 0.28772038221359253, 0.046087902039289474, 2.045548439025879, 0.6624301075935364, -1.2924247980117798, 0.09195288270711899, -0.8686087131500244], [0.07256770133972168, -4.659902572631836, 1.377074956893921, -0.11608754098415375, 0.7270705699920654, -3.0036492347717285, 1.1342869997024536, 0.9619607925415039]]}