{"step": 117, "width": 8, "height": 8, "values": [[0.23795633018016815, -0.9573618173599243, 0.9197115898132324, -0.11268550902605057, 0.5585998296737671, 0.5722183585166931, -0.3546479642391205, -0.07394269108772278], [0.11531639844179153, -0.9481790661811829, 0.7555223107337952, 0.7177414298057556, -0.5414494276046753, -0.3799915909767151, 0.11590760946273804, 0.8119831681251526], [-0.019099533557891846, 0.061277925968170166, 0.09356606006622314, -0.9452635049819946, 0.0689476728439331, -0.38437512516975403, -0.026044724509119987, 0.11670230329036713], [0.9380796551704407, -0.9673252105712891, 0.2234165221452713, -0.11018930375576019, 0.8464913964271545, 0.7597442269325256, 0.5310691595077515, -0.016348235309123993], [22.413209915161133, -16.79554557800293, 1.7119808197021484, -0.12232650071382523, 0.6436611413955688, 0.8030701875686646, -0.38735952973365784, -0.16112519800662994], [0.7117922306060791, -1.8708586692810059, 1.300638198852539, 1.726989507675171, -0.7891531586647034, -0.4052339792251587, 0.1201019361615181, 1.2502176761627197], [-0.034653279930353165, 0.062344133853912354, 0.09500286728143692, -3.7912368774414062, 0.1337720900774002, -0.41341668367385864, -0.027268342673778534, 0.14164339005947113], [3.5895261764526367, -2.159283399581909, 0.256294310092926, -0.14715704321861267, 1.5238704681396484, 1.7536360025405884, 0.628557026386261, -0.09604001045227051]]}