{"step": 15, "width": 8, "height": 8, "values": [[-0.930629551410675, 0.4934484660625458, -0.13100767135620117, -0.34933334589004517, -0.9199813008308411, -0.4814367890357971, 0.2436147928237915, -0.028894519433379173], [0.7199478149414062, -0.31510129570961, 0.46626922488212585, 0.23268195986747742, -0.7075132131576538, -0.08269770443439484, -0.03427242860198021, 0.7706283330917358], [0.6409854888916016, 0.12705828249454498, -0.24115851521492004, -0.9567191004753113, 0.34482046961784363, 0.6919474601745605, 0.14905019104480743, -0.38609474897384644], [0.9610817432403564, -0.1267993152141571, 0.20425698161125183, 0.6373977661132812, 0.6241921186447144, 0.8898365497589111, 0.007583128288388252, 0.9117552638053894], [-2.23276686668396, 0.552802562713623, -0.13366621732711792, -0.3933936357498169, -1.7291276454925537, -0.6326766014099121, 0.2525531053543091, -0.0587574765086174], [0.9816622138023376, -0.3590003550052643, 0.7097702026367188, 0.5508376955986023, -0.9923713803291321, -0.08363005518913269, -0.05344600975513458, 1.1080114841461182], [1.1156642436981201, 0.1433149129152298, -0.24699515104293823, -2.132000207901001, 0.4128343164920807, 0.870650589466095, 0.20454715192317963, -0.4266892969608307], [2.54685378074646, -0.12785221636295319, 0.2210278958082199, 0.8602381944656372, 1.0068778991699219, 2.716634511947632, 0.008999476209282875, 1.7182068824768066]]}