{"step": 229, "width": 8, "height": 8, "values": [[0.8002243041992188, -0.9928569793701172, 0.14725856482982635, 0.10998737812042236, -0.9810751676559448, -0.9817471504211426, -0.2942034602165222, -0.27455997467041016], [0.6651948094367981, -0.5507825613021851, 0.1611413210630417, 0.773341715335846, -0.2024303376674652, -0.6888480186462402, -0.07425909489393234, 0.1665366291999817], [-0.9928741455078125, -0.09411238133907318, -0.7530066967010498, 0.4889417588710785, -0.05299897864460945, -0.036715440452098846, 0.17551302909851074, 0.1335109919309616], [-0.045219581574201584, -0.9623385071754456, 0.5474355816841125, -0.030990147963166237, 0.32677918672561646, -0.9933931827545166, 0.9160452485084534, 0.4283709228038788], [7.161590576171875, -15.14301586151123, 0.1632055938243866, 0.11544560641050339, -2.5087571144104004, -23.96052360534668, -0.31066280603408813, -0.45327889919281006], [0.8758251667022705, -0.6243979334831238, 0.8235769271850586, 5.639219284057617, -0.47549012303352356, -0.848095715045929, -0.07771555334329605, 0.17872725427150726], [-3.889465093612671, -0.1358093023300171, -1.0209221839904785, 0.7073460221290588, -0.08654986321926117, -0.5151712894439697, 0.23504649102687836, 0.13687391579151154], [-0.045845191925764084, -6.61513614654541, 0.9814082980155945, -0.1355333924293518, 0.37911584973335266, -3.773566246032715, 1.6575762033462524, 1.2608927488327026]]}