{"step": 183, "width": 8, "height": 8, "values": [[0.5303391814231873, -0.9760202169418335, 0.7039971947669983, 0.04376736655831337, -0.709885835647583, -0.9517888426780701, -0.20882299542427063, -0.18376204371452332], [0.15498434007167816, -0.9425321817398071, 0.4875856041908264, 0.9231244921684265, -0.25043293833732605, -0.3045497238636017, -0.19290874898433685, 0.9061362743377686], [-0.8805974721908569, 0.2121117115020752, -0.0627702847123146, -0.7184332609176636, 0.1998506337404251, -0.5856602191925049, -0.23258700966835022, -0.6527626514434814], [0.7527253031730652, -0.9665281772613525, 0.6835313439369202, 0.012102670967578888, 0.6323179602622986, -0.7418083548545837, 0.7224801778793335, 0.15873470902442932], [21.0939998626709, -23.413936614990234, 0.9086583852767944, 0.09322447329759598, -0.8941337466239929, -4.347621440887451, -0.22134222090244293, -0.24570384621620178], [0.30774423480033875, -1.8549381494522095, 0.9623268246650696, 3.2525036334991455, -0.6012793779373169, -0.31737425923347473, -0.20116138458251953, 1.9308305978775024], [-1.8438656330108643, 0.2184552699327469, -0.0750763788819313, -0.9966923594474792, 0.21770444512367249, -0.8277599215507507, -0.2526622712612152, -0.803415060043335], [1.1109836101531982, -3.990093946456909, 1.1258751153945923, 0.13380660116672516, 0.8633402585983276, -0.9610643982887268, 0.9363640546798706, 0.88404381275177]]}