{"step": 94, "width": 8, "height": 8, "values": [[0.014192592352628708, -0.8905063271522522, 0.6221188902854919, -0.03693190589547157, 0.4241067171096802, 0.08164889365434647, -0.7800180315971375, -0.32799574732780457], [-0.012852215208113194, 0.14819277822971344, 0.8662486672401428, 0.10569390654563904, -0.7093119025230408, -0.41083452105522156, 0.5246532559394836, 0.610805332660675], [0.5834655165672302, 0.18099334836006165, 0.6907061338424683, -0.4255037009716034, 0.8550335764884949, 0.6178175806999207, -0.7447609305381775, 0.6644021272659302], [0.9612159132957458, -0.9213348031044006, 0.5627986788749695, 0.05683768540620804, 0.1333778351545334, 0.26759234070777893, 0.5048389434814453, -0.03884655237197876], [16.52071189880371, -12.176459312438965, 0.7636452317237854, -0.0774146020412445, 0.48177728056907654, 0.4362935423851013, -1.0457983016967773, -0.36941561102867126], [-0.32630038261413574, 0.14938955008983612, 1.4419505596160889, 0.8082695603370667, -1.4631112813949585, -0.43776655197143555, 0.6030686497688293, 0.929516077041626], [0.8788416385650635, 0.18302954733371735, 0.9966820478439331, -0.5471939444541931, 1.2806828022003174, 1.5945783853530884, -1.0805414915084839, 0.8312923908233643], [3.3616418838500977, -1.6034669876098633, 0.8311085104942322, 0.058207616209983826, 0.21940360963344574, 0.7789481282234192, 0.5678178668022156, -0.11638738960027695]]}