{"step": 31, "width": 8, "height": 8, "values": [[-0.9305184483528137, 0.7209026217460632, 0.5689002871513367, 0.26738637685775757, -0.9426597952842712, -0.8695245385169983, -0.23900805413722992, -0.02578727714717388], [0.348407119512558, -0.6304792761802673, 0.5569428205490112, 0.461449533700943, -0.5314240455627441, -0.10734560340642929, 0.3062450587749481, -0.25368839502334595], [0.36050325632095337, -0.10738483816385269, -0.2837817966938019, -0.9782429337501526, 0.08460413664579391, -0.0011338494950905442, -0.1991731971502304, 0.023116283118724823], [0.9664455652236938, -0.513099730014801, 0.20612381398677826, 0.15635035932064056, 0.6673755645751953, 0.9220179915428162, 0.07494193315505981, 0.0988728329539299], [-3.639010429382324, 0.9640415906906128, 0.6914195418357849, 0.2862635552883148, -1.8990957736968994, -1.7783690690994263, -0.2490338534116745, -0.04948940500617027], [0.8257971405982971, -0.7679374814033508, 1.4423693418502808, 1.0079041719436646, -0.6799259185791016, -0.10837530344724655, 0.330596923828125, -0.2763593792915344], [0.5668689608573914, -0.11177646368741989, -0.29263007640838623, -5.23757791519165, 0.09895741194486618, -0.001254174392670393, -0.22029487788677216, 0.02387644723057747], [3.4765751361846924, -0.5685988664627075, 0.25463515520095825, 0.19414038956165314, 1.1169826984405518, 7.572483062744141, 0.07946771383285522, 0.19215770065784454]]}