{"step": 118, "width": 8, "height": 8, "values": [[0.22404421865940094, -0.9691915512084961, 0.8829260468482971, -0.03247549757361412, 0.5118842720985413, 0.622432291507721, -0.35002174973487854, -0.08601051568984985], [0.2879258692264557, -0.86659836769104, 0.7000575661659241, 0.6844553351402283, -0.3075850009918213, -0.3797183632850647, -0.09659257531166077, 0.8076793551445007], [0.015251998789608479, -0.05727560818195343, -0.07524632662534714, -0.9621840715408325, -0.30641767382621765, 0.08342929184436798, -0.09285914152860641, 0.2226729840040207], [0.9295788407325745, -0.9715654253959656, 0.25680720806121826, -0.1221693605184555, 0.9018363356590271, 0.7369797825813293, 0.5392103791236877, -0.4025431275367737], [22.549551010131836, -16.899105072021484, 1.6252708435058594, -0.03282083198428154, 0.5748175978660583, 0.807412326335907, -0.37638553977012634, -0.21622808277606964], [1.0541939735412598, -1.8729108572006226, 1.2919285297393799, 1.8980292081832886, -0.35355666279792786, -0.40446579456329346, -0.38009652495384216, 1.2199766635894775], [0.06342068314552307, -0.07675418257713318, -0.07683324068784714, -4.5059051513671875, -0.36936575174331665, 0.08518379181623459, -0.10391168296337128, 0.25454142689704895], [3.5971479415893555, -2.186225414276123, 0.30595436692237854, -0.13283278048038483, 1.723347783088684, 1.643934965133667, 0.6376111507415771, -0.7298657894134521]]}