{"step": 151, "width": 8, "height": 8, "values": [[0.439005583524704, -0.9688417911529541, 0.6970878839492798, 0.11527246236801147, 0.0010777933057397604, 0.446250319480896, -0.26923179626464844, -0.05604355037212372], [0.1644841730594635, -0.9130598902702332, 0.6300596594810486, 0.6532003879547119, -0.5074600577354431, -0.32088297605514526, 0.060249801725149155, 0.835029661655426], [0.1579647809267044, 0.16572366654872894, -0.02448347769677639, -0.9438358545303345, 0.06599710881710052, -0.5128230452537537, 0.1855587661266327, -0.011258330196142197], [0.9300743937492371, -0.9894885420799255, 0.22101902961730957, -0.26023122668266296, 0.7505350112915039, 0.8615712523460388, 0.6084368228912354, 0.058175038546323776], [30.82881736755371, -21.80805015563965, 0.9271295070648193, 0.13324834406375885, 0.001094278646633029, 0.547092616558075, -0.3035692274570465, -0.1221751719713211], [1.0201728343963623, -1.5749746561050415, 1.056526780128479, 1.8490995168685913, -0.7130445837974548, -0.3366996645927429, 0.06185757368803024, 1.3287734985351562], [0.20812606811523438, 0.16973917186260223, -0.02497566118836403, -5.404020309448242, 0.16915647685527802, -0.584533154964447, 0.19337692856788635, -0.013858458958566189], [3.1014676094055176, -2.9513955116271973, 0.2582617402076721, -0.4045063853263855, 1.22978675365448, 2.550347328186035, 0.7399241924285889, 0.17615415155887604]]}