{"step": 89, "width": 8, "height": 8, "values": [[0.23835644125938416, -0.9804296493530273, 0.745315670967102, -0.0450756661593914, 0.5047592520713806, 0.5820178985595703, -0.459541380405426, -0.18605348467826843], [0.22071394324302673, -0.9830721616744995, 0.7761200070381165, 0.7486463785171509, -0.2888675332069397, -0.41127604246139526, -0.2400389462709427, 0.7092481851577759], [-0.22822672128677368, 0.049529243260622025, -0.10709688812494278, -0.9232888221740723, -0.09201501309871674, 0.8496513366699219, -0.7630329728126526, 0.23573122918605804], [0.9767460823059082, -0.8989459872245789, 0.16854143142700195, -0.03173792362213135, 0.8059515953063965, 0.8775345683097839, 0.4775148332118988, -0.04537396878004074], [16.788278579711914, -11.500889778137207, 1.171075701713562, -0.0454905740916729, 0.562972366809845, 0.7538989186286926, -0.49835923314094543, -0.27608752250671387], [0.6550519466400146, -2.625155210494995, 1.4761309623718262, 2.327301263809204, -0.6131027340888977, -0.44037550687789917, -0.2580885589122772, 0.9776492118835449], [-0.6811959147453308, 0.08984306454658508, -0.10987088829278946, -4.089001178741455, -0.10008212924003601, 1.4574960470199585, -1.119779109954834, 0.2612030804157257], [3.2816081047058105, -1.4922243356704712, 0.46355631947517395, -0.03295912593603134, 1.2705620527267456, 1.5289158821105957, 0.5573946833610535, -0.1003880649805069]]}