{"step": 115, "width": 8, "height": 8, "values": [[0.2152935415506363, -0.9368478655815125, 0.8872211575508118, -0.1620568484067917, 0.5624927878379822, 0.5612456202507019, -0.34012097120285034, -0.14413507282733917], [0.14515310525894165, -0.9575589299201965, 0.7705325484275818, 0.7399066686630249, -0.6671430468559265, -0.38562527298927307, 0.28357362747192383, 0.799988865852356], [-0.0061198328621685505, 0.08851610124111176, -0.2762748599052429, -0.9585141539573669, 0.4209270477294922, 0.22750340402126312, -0.5480329394340515, 0.18371827900409698], [0.9522160887718201, -0.965251624584198, 0.20108792185783386, -0.06148780882358551, 0.7893392443656921, 0.7135869264602661, 0.5266343355178833, 0.03080867975950241], [21.499231338500977, -16.186147689819336, 1.7697826623916626, -0.1775856465101242, 0.6427807211875916, 0.761844277381897, -0.3569055199623108, -0.28505751490592957], [0.421886146068573, -1.946850061416626, 1.3247731924057007, 1.470123052597046, -0.9273309111595154, -0.4112218916416168, 0.377233624458313, 1.1796826124191284], [-0.0283077172935009, 0.11010102927684784, -0.2875373363494873, -3.426389694213867, 0.6725849509239197, 0.2397223263978958, -0.6535391807556152, 0.2114855945110321], [3.526219129562378, -2.1003711223602295, 0.23152829706668854, -0.06737829744815826, 1.2912403345108032, 1.4901604652404785, 0.6211639642715454, 0.10046624392271042]]}