{"step": 88, "width": 8, "height": 8, "values": [[0.22894418239593506, -0.9878668785095215, 0.5899581909179688, -0.05973781645298004, 0.48119816184043884, 0.5289669632911682, -0.4386109709739685, -0.10686593502759933], [0.11339572817087173, -0.85882967710495, 0.8071992993354797, 0.7296626567840576, -0.7089102864265442, -0.4091857671737671, 0.3538321256637573, 0.7792426943778992], [-0.027128664776682854, 0.039225224405527115, -0.11510337144136429, -0.9708007574081421, 0.3230082094669342, 0.4550224840641022, -0.32543015480041504, 0.477199524641037], [0.9392120242118835, -0.8987388014793396, 0.2039354145526886, -0.032006166875362396, 0.8276686072349548, 0.7519531846046448, 0.47744834423065186, -0.2282821387052536], [16.62297821044922, -11.182879447937012, 0.9033267498016357, -0.06596104055643082, 0.5431995391845703, 0.6950345039367676, -0.4713004529476166, -0.23233595490455627], [0.7409273386001587, -2.3382012844085693, 1.4832261800765991, 2.5491600036621094, -0.9380317330360413, -0.43990811705589294, 0.4390084445476532, 1.1439175605773926], [-0.151542067527771, 0.1334562748670578, -0.1181737557053566, -4.392407417297363, 0.6708776950836182, 0.5233478546142578, -0.37056636810302734, 0.5840119123458862], [3.3040661811828613, -1.4870762825012207, 0.24591776728630066, -0.03343752771615982, 1.5351622104644775, 1.8604512214660645, 0.55410236120224, -0.3308418095111847]]}