{"step": 91, "width": 8, "height": 8, "values": [[0.266838401556015, -0.9796648025512695, 0.4247927665710449, -0.06656505167484283, 0.41654282808303833, 0.5580501556396484, -0.4473676085472107, -0.16420410573482513], [0.2004210352897644, -0.933066189289093, 0.7971895337104797, 0.8361752033233643, -0.43459993600845337, -0.41011694073677063, -0.4126720428466797, 0.712297260761261], [-0.05588985234498978, -0.04276483133435249, -0.06983775645494461, -0.9335650205612183, 0.4419918954372406, 0.956017255783081, -0.6602159738540649, 0.4033045172691345], [0.9414106011390686, -0.9089351892471313, 0.2942286431789398, -0.02726217918097973, 0.5057759284973145, 0.8026743531227112, 0.4793837070465088, -0.1406317800283432], [17.870357513427734, -11.86358642578125, 0.6221987009048462, -0.06900109350681305, 0.4532421827316284, 0.7748159766197205, -0.48388540744781494, -0.23735226690769196], [0.5872743129730225, -2.8728368282318115, 1.4711898565292358, 2.454563856124878, -0.5662801861763, -0.43978190422058105, -0.5328526496887207, 0.9616712331771851], [-0.16490373015403748, -0.04519437998533249, -0.07676806300878525, -4.24380350112915, 0.4940313398838043, 1.9510817527770996, -0.82382732629776, 0.4472777843475342], [3.2766294479370117, -1.5381369590759277, 0.4893365800380707, -0.02813783846795559, 0.9488376379013062, 1.5086601972579956, 0.560734748840332, -0.15394771099090576]]}