{"step": 149, "width": 8, "height": 8, "values": [[0.40814653038978577, -0.9584788680076599, 0.5875819325447083, 0.10819490253925323, -0.027719324454665184, 0.4723373353481293, -0.2843308448791504, -0.12376740574836731], [0.19914589822292328, -0.9465823173522949, 0.6746233105659485, 0.7410677075386047, -0.6898372173309326, -0.32599323987960815, 0.12741534411907196, 0.7990537285804749], [0.09286215901374817, 0.18729418516159058, -0.3041922152042389, -0.9483415484428406, 0.26691561937332153, 0.35790711641311646, -0.49451908469200134, -0.00989458616822958], [0.9445629119873047, -0.9910078048706055, 0.20344030857086182, -0.26721519231796265, 0.6779000759124756, 0.8202455043792725, 0.6053656339645386, 0.07183520495891571], [30.172683715820312, -21.566356658935547, 0.895361065864563, 0.12272825837135315, -0.027901727706193924, 0.5868017077445984, -0.29758894443511963, -0.24905498325824738], [0.7803738713264465, -1.8224067687988281, 1.0735949277877808, 1.796928882598877, -0.9747565984725952, -0.3418481945991516, 0.16355696320533752, 1.1681479215621948], [0.2094069868326187, 0.2265266329050064, -0.32147061824798584, -5.00326681137085, 0.5849339962005615, 0.3920207917690277, -0.5595492124557495, -0.01165473461151123], [3.0735654830932617, -2.901165008544922, 0.23685915768146515, -0.315557599067688, 1.081734299659729, 1.9102047681808472, 0.7326872944831848, 0.13591307401657104]]}