{"step": 119, "width": 8, "height": 8, "values": [[0.3212223947048187, -0.9531123042106628, 0.9606965780258179, -0.055308520793914795, 0.500271201133728, 0.6230769753456116, -0.4873710870742798, -0.19569142162799835], [0.2093755453824997, -0.9450284838676453, 0.7092909812927246, 0.7509533166885376, -0.4107057452201843, -0.37616410851478577, -0.5165168046951294, 0.819959282875061], [0.00450335955247283, -0.08088190853595734, -0.04328136891126633, -0.9347236156463623, -0.3232533931732178, 0.1398649513721466, -0.5127663016319275, 0.11878466606140137], [0.940740168094635, -0.9728696346282959, 0.2922596037387848, 0.0016799252480268478, 0.795455813407898, 0.8249344825744629, 0.535939633846283, -0.05398273095488548], [22.767168045043945, -17.114274978637695, 2.2329511642456055, -0.05612405762076378, 0.5672475099563599, 0.8285349011421204, -0.5425266027450562, -0.28957560658454895], [0.983432412147522, -1.793012022972107, 1.2854301929473877, 1.5823944807052612, -0.6892380714416504, -0.398916095495224, -0.5756458044052124, 1.2620292901992798], [0.009730790741741657, -0.08185195177793503, -0.04436270520091057, -4.135382652282715, -0.4727981388568878, 0.14245803654193878, -0.8283107876777649, 0.13627836108207703], [3.577406406402588, -2.2172293663024902, 0.47089558839797974, 0.0019977556075900793, 1.4871517419815063, 1.5014315843582153, 0.6374043822288513, -0.1311601847410202]]}