{"step": 56, "width": 8, "height": 8, "values": [[0.5879303812980652, -0.9706441760063171, 0.8453460931777954, -0.21902379393577576, 0.6119075417518616, -0.6872076988220215, -0.29669854044914246, -0.29475152492523193], [0.5256361961364746, -0.8306543827056885, 0.7914449572563171, 0.6655289530754089, -0.7007958292961121, -0.23925377428531647, -0.5869439244270325, -0.8710856437683105], [-0.6218507289886475, 0.10956108570098877, 0.14367887377738953, -0.8856046795845032, -0.06699740886688232, -0.6292673945426941, -0.06722740083932877, -0.011937699280679226], [0.9833107590675354, -0.6673070192337036, 0.41108325123786926, 0.4434947967529297, 0.5372865796089172, 0.7835343480110168, 0.27369144558906555, 0.23002897202968597], [4.7054057121276855, -2.4814014434814453, 1.263155221939087, -0.23787488043308258, 0.7290886044502258, -0.9242411851882935, -0.3072008490562439, -0.5433692336082458], [0.9435921907424927, -1.191973090171814, 1.668083667755127, 1.238633394241333, -1.1339631080627441, -0.24540086090564728, -0.6835070252418518, -1.8411293029785156], [-1.0787570476531982, 0.17531566321849823, 0.1601233184337616, -2.0231337547302246, -0.08507169038057327, -0.8555997014045715, -0.18438240885734558, -0.012283487245440483], [2.8935303688049316, -0.8148037195205688, 0.5343056321144104, 0.6152312159538269, 0.72588050365448, 1.2378549575805664, 0.2930231988430023, 0.6553887724876404]]}