{"step": 0, "width": 8, "height": 8, "values": [[0.46188798546791077, 0.005461151711642742, 0.09073948860168457, -0.5120838284492493, -0.08856771886348724, -0.020114969462156296, -0.08211594074964523, -0.10611074417829514], [-0.410685271024704, -0.007488724775612354, 0.007016455754637718, -0.3896779716014862, 0.15570387244224548, -0.006783954333513975, -0.484981894493103, -0.1828063726425171], [0.08075036853551865, -0.09126528352499008, -0.09568465501070023, -0.036650244146585464, 0.00997038185596466, 0.5829237699508667, -0.19605669379234314, 0.032204508781433105], [-0.00380072183907032, -0.0002679945027921349, 0.512812077999115, 0.01916942186653614, 0.062114838510751724, 0.08777915686368942, -0.005461596418172121, -0.3020082712173462], [0.638780415058136, 0.00571644539013505, 0.10098554939031601, -0.5751389861106873, -0.09412584453821182, -0.02270672842860222, -0.09050582349300385, -0.14382939040660858], [-0.4426710903644562, -0.008338536135852337, 0.009228186681866646, -0.5018999576568604, 0.18721085786819458, -0.006817815825343132, -0.694736659526825, -0.20248346030712128], [0.17367921769618988, -0.15086928009986877, -0.16682007908821106, -0.03956892713904381, 0.010090652853250504, 0.7169193029403687, -0.7216073870658875, 0.033514007925987244], [-0.003948793280869722, -0.000268922041868791, 0.7688688635826111, 0.02007531188428402, 0.08161433041095734, 0.09277169406414032, -0.005919268354773521, -0.3167387545108795]]}