{"step": 241, "width": 8, "height": 8, "values": [[0.8256479501724243, -0.9939584732055664, 0.10082262754440308, -0.022352106869220734, -0.8427644371986389, -0.9833571910858154, -0.2781357169151306, -0.29938870668411255], [0.7545499801635742, -0.5059410929679871, 0.24175937473773956, 0.8147159218788147, -0.13642679154872894, -0.7394116520881653, 0.1517336666584015, -0.882630467414856], [-0.9694287180900574, 0.017247043550014496, -0.7649881839752197, 0.4907852113246918, 0.047036487609148026, -0.03437944874167442, 0.01316444855183363, 0.4802163243293762], [-0.15000863373279572, -0.8590074777603149, 0.6479281187057495, -0.0022447039373219013, 0.2933942377567291, -0.9900458455085754, 0.9398295283317566, 0.22308897972106934], [6.094229698181152, -12.186720848083496, 0.11137233674526215, -0.026546070352196693, -1.275314211845398, -29.708505630493164, -0.2886596620082855, -0.4622782766819], [1.0369160175323486, -0.5653740167617798, 0.7587652802467346, 5.387831687927246, -0.28922343254089355, -0.9514271020889282, 0.15351602435112, -1.8483327627182007], [-5.194293022155762, 0.05682375282049179, -1.0820475816726685, 0.6191321015357971, 0.08202846348285675, -1.3318670988082886, 0.03938406705856323, 0.5412071347236633], [-0.15243302285671234, -6.940229415893555, 1.0722904205322266, -0.010251852683722973, 0.33317115902900696, -3.673253059387207, 1.8480515480041504, 0.8794683218002319]]}