{"step": 79, "width": 8, "height": 8, "values": [[0.28273898363113403, -0.9524803161621094, 0.8984423875808716, 0.18889708817005157, 0.8405482172966003, 0.36663225293159485, -0.7674272060394287, -0.11302462220191956], [0.14046037197113037, -0.9494442939758301, 0.7559664249420166, 0.7320823073387146, -0.7657812237739563, -0.4143806993961334, 0.02721155434846878, 0.6769452691078186], [-0.16727611422538757, -0.011898486874997616, 0.047287750989198685, -0.9249706864356995, -0.2989039123058319, 0.05771702900528908, 0.04460073262453079, 0.15250851213932037], [0.9568883180618286, -0.8551544547080994, 0.14614135026931763, 0.015176896005868912, 0.879531979560852, 0.7338011860847473, 0.4426608383655548, -0.09248774498701096], [11.878009796142578, -7.749249458312988, 1.5727357864379883, 0.19477123022079468, 1.244187355041504, 0.4148103892803192, -1.0607565641403198, -0.3076004385948181], [1.0835180282592773, -1.9488325119018555, 1.564511775970459, 1.717785120010376, -1.3826966285705566, -0.44441667199134827, 0.09500931948423386, 0.8826362490653992], [-0.4847817122936249, -0.01329008024185896, 0.04738800600171089, -2.454000473022461, -0.5131189823150635, 0.0621466264128685, 0.048183586448431015, 0.217228963971138], [3.18817400932312, -1.285821795463562, 0.16631627082824707, 0.01717374473810196, 1.5068644285202026, 1.3944131135940552, 0.5050904154777527, -0.3533792197704315]]}