{"step": 23, "width": 8, "height": 8, "values": [[-0.8825050592422485, 0.6634600758552551, 0.8349280953407288, 0.41092222929000854, -0.9725281000137329, -0.7127274870872498, -0.23326022922992706, -0.07831518352031708], [0.39980512857437134, -0.6660372018814087, 0.5989838242530823, 0.44496938586235046, -0.8791048526763916, -0.10475696623325348, 0.4211791753768921, 0.45430535078048706], [0.29185950756073, -0.051770783960819244, -0.5693264603614807, -0.9677731990814209, -0.10243473947048187, 0.5825181007385254, -0.19556452333927155, 0.2439326047897339], [0.9778458476066589, -0.2943199574947357, 0.17402873933315277, 0.37221774458885193, 0.638288140296936, 0.9768213629722595, 0.042114630341529846, 0.08755547553300858], [-3.6943068504333496, 0.8254953026771545, 1.4129090309143066, 0.4447140693664551, -2.292391061782837, -0.9879604578018188, -0.2377900928258896, -0.1668085902929306], [0.9438098073005676, -0.8076826333999634, 1.2993170022964478, 0.6812397241592407, -1.4281381368637085, -0.10554232448339462, 0.4666588604450226, 0.5198480486869812], [0.7320678234100342, -0.18548160791397095, -0.6682192087173462, -4.013148784637451, -0.12955744564533234, 1.9153333902359009, -1.2390319108963013, 0.25207987427711487], [3.405827522277832, -0.30373695492744446, 0.20422019064426422, 0.43564000725746155, 1.0010130405426025, 4.723010063171387, 0.04491973668336868, 0.10683628171682358]]}