{"step": 252, "width": 8, "height": 8, "values": [[0.8208065629005432, -0.9925803542137146, 0.3375340402126312, -0.002423536265268922, -0.6675979495048523, -0.9802108407020569, -0.3171568214893341, -0.3659824728965759], [0.7010640501976013, -0.6165183782577515, 0.24551023542881012, 0.8415606021881104, -0.10713039338588715, -0.7790335416793823, 0.023877954110503197, -0.9034790396690369], [-0.9761154055595398, 0.02191156893968582, -0.6399873495101929, 0.4860808849334717, 0.054256606847047806, -0.02625430002808571, -0.11313823610544205, 0.37543538212776184], [-0.2170550376176834, -0.9100916385650635, 0.6559906601905823, -0.0290213655680418, 0.20626689493656158, -0.9721083641052246, 0.9547332525253296, 0.12863267958164215], [4.69692850112915, -9.954225540161133, 0.43725135922431946, -0.003023743163794279, -0.8262078166007996, -34.687164306640625, -0.33271488547325134, -0.5828186869621277], [0.9652359485626221, -0.7241644263267517, 0.6788245439529419, 4.595047950744629, -0.22067922353744507, -1.0469474792480469, 0.02395845204591751, -3.290677309036255], [-4.793892860412598, 0.07084276527166367, -0.8069795370101929, 0.6510509252548218, 0.10505912452936172, -1.517289161682129, -0.20150624215602875, 0.4123004674911499], [-0.22242315113544464, -7.082876682281494, 1.1350826025009155, -0.161659374833107, 0.24243095517158508, -2.4156157970428467, 2.00417423248291, 0.6651135683059692]]}