{"step": 59, "width": 8, "height": 8, "values": [[0.5336939096450806, -0.971198558807373, 0.9766880869865417, -0.176399827003479, 0.7416232228279114, -0.5846948027610779, -0.2333410680294037, -0.15854491293430328], [0.23018912971019745, -0.9163558483123779, 0.818568766117096, 0.5086147785186768, -0.9184178113937378, -0.2669117748737335, 0.5465596318244934, -0.7794548273086548], [-0.38772156834602356, 0.0921340063214302, -0.10268375277519226, -0.8776399493217468, 0.011467463336884975, -0.5343124270439148, -0.05379403382539749, 0.245868518948555], [0.9829317927360535, -0.6843708157539368, 0.331263929605484, 0.39266255497932434, 0.5551367402076721, -0.01029642578214407, 0.3047100901603699, 0.042403098195791245], [3.9172024726867676, -2.939659833908081, 2.4875495433807373, -0.19304512441158295, 0.967823326587677, -0.7475578784942627, -0.24021776020526886, -0.42893218994140625], [0.5646489858627319, -1.5727237462997437, 1.6588430404663086, 0.7254415154457092, -2.176924228668213, -0.2748029828071594, 0.6152053475379944, -1.3959628343582153], [-0.5113970041275024, 0.1616329550743103, -0.11443285644054413, -1.6819907426834106, 0.02098950557410717, -0.812116801738739, -0.08312398940324783, 0.2581007480621338], [2.84757661819458, -0.8586612343788147, 0.40081459283828735, 0.6825883388519287, 0.6751089692115784, -0.010950668714940548, 0.3270229697227478, 0.8234595656394958]]}