{"step": 73, "width": 8, "height": 8, "values": [[0.42828240990638733, -0.9776594638824463, 0.743001401424408, 0.06032058596611023, 0.7494287490844727, 0.15945027768611908, -0.7472547292709351, -0.1118197962641716], [0.24527229368686676, -0.9358348846435547, 0.7391794323921204, 0.7537925839424133, -0.7862034440040588, -0.4116755723953247, 0.020189708098769188, 0.46330103278160095], [-0.09067372232675552, 0.027766723185777664, -0.2622544765472412, -0.9604102373123169, 0.12650364637374878, 0.5739524364471436, -0.0008333822479471564, 0.09557469189167023], [0.9525608420372009, -0.8192624449729919, 0.255873441696167, 0.2802196145057678, 0.7340620756149292, 0.6797409653663635, 0.42302775382995605, -0.19295349717140198], [9.125094413757324, -6.260377883911133, 1.3301328420639038, 0.06498876214027405, 0.9857668280601501, 0.17819452285766602, -0.9997968077659607, -0.2604440152645111], [1.3366261720657349, -2.523677349090576, 1.601565957069397, 1.6595948934555054, -1.107186198234558, -0.44058823585510254, 0.026970980688929558, 0.5295916199684143], [-0.3213627338409424, 0.037406474351882935, -0.29740655422210693, -2.265977382659912, 0.16894280910491943, 0.6884053945541382, -0.0010500814532861114, 0.09911471605300903], [2.962778091430664, -1.165506362915039, 0.30193960666656494, 0.30924516916275024, 1.1771680116653442, 1.015889048576355, 0.47895878553390503, -0.23513369262218475]]}