{"step": 209, "width": 8, "height": 8, "values": [[0.6029415130615234, -0.9648407101631165, 0.34198063611984253, 0.01146349124610424, -0.9809982776641846, -0.9578776955604553, -0.2093653827905655, -0.16355463862419128], [-0.0593869574368, -0.9111050367355347, 0.4057298004627228, 0.9198411703109741, -0.21436133980751038, -0.5707727670669556, -0.24200163781642914, 0.8839885592460632], [-0.9558313488960266, 0.2871052622795105, 0.029181400313973427, 0.8170672059059143, 0.5852728486061096, -0.2584526836872101, 0.06644963473081589, -0.6602908968925476], [-0.02982831932604313, -0.9456295371055603, 0.8150397539138794, -0.007930407300591469, 0.5623228549957275, -0.99437415599823, 0.8619572520256042, 0.2560408413410187], [4.343053340911865, -19.65873908996582, 0.38897648453712463, 0.03499864041805267, -2.4132070541381836, -12.787915229797363, -0.303728312253952, -0.22766943275928497], [-0.07359716296195984, -1.713735580444336, 0.9048057198524475, 2.331998825073242, -0.5278691649436951, -0.6548637747764587, -0.2808714210987091, 1.6216366291046143], [-2.3104870319366455, 0.3011426031589508, 0.07060122489929199, 2.179739236831665, 0.7383071184158325, -1.243372917175293, 0.08176465332508087, -0.8363329768180847], [-0.03175332769751549, -5.289860725402832, 1.431658148765564, -0.15161928534507751, 0.7205836176872253, -3.168990135192871, 1.3330457210540771, 0.9365082383155823]]}