{"step": 184, "width": 8, "height": 8, "values": [[0.5476869940757751, -0.9746492505073547, 0.6700314283370972, 0.03824475035071373, -0.74072265625, -0.9532860517501831, -0.21610474586486816, -0.18522179126739502], [0.13621577620506287, -0.9373841285705566, 0.4756578207015991, 0.9268333911895752, -0.24060194194316864, -0.3138856887817383, -0.2001008242368698, 0.9063446521759033], [-0.8997445106506348, 0.22218120098114014, -0.06998788565397263, -0.41467905044555664, 0.2233448177576065, -0.5830128192901611, -0.1362074464559555, -0.6912579536437988], [0.6907419562339783, -0.9635831713676453, 0.6989092230796814, 0.01386866346001625, 0.6256700158119202, -0.8359940648078918, 0.7289643883705139, 0.1687721610069275], [19.4355411529541, -23.320222854614258, 0.842858612537384, 0.08785380423069, -0.9594239592552185, -4.695647239685059, -0.2325766682624817, -0.24719616770744324], [0.2514250576496124, -1.8170514106750488, 0.9620125889778137, 3.337688446044922, -0.5868781805038452, -0.3277854025363922, -0.20969830453395844, 1.9303535223007202], [-1.9450312852859497, 0.22918905317783356, -0.08639499545097351, -0.4713575541973114, 0.24347439408302307, -0.8682752847671509, -0.14723701775074005, -0.8775110840797424], [0.9487348794937134, -4.047509670257568, 1.1534597873687744, 0.17277254164218903, 0.8472113609313965, -1.2173558473587036, 0.9492411017417908, 0.912339985370636]]}