{"step": 22, "width": 8, "height": 8, "values": [[-0.9354979395866394, 0.5852909088134766, 0.8084504008293152, 0.4239239990711212, -0.9616348743438721, -0.6667408347129822, -0.44477754831314087, -0.17156703770160675], [0.4977172017097473, -0.57270747423172, 0.5061101913452148, 0.5672709941864014, -0.49698585271835327, -0.10416336357593536, -0.4785152077674866, 0.5441465973854065], [0.379344642162323, -0.24131855368614197, -0.2940840721130371, -0.9789848327636719, -0.15247486531734467, 0.9681394696235657, -0.40334659814834595, -0.03202730417251587], [0.9541689157485962, -0.2637467384338379, 0.3243650496006012, 0.40506047010421753, 0.5608844757080078, 0.9735879898071289, 0.03770880773663521, 0.07109228521585464], [-3.7327098846435547, 0.7004200220108032, 1.201246976852417, 0.45650193095207214, -2.3247287273406982, -0.9168607592582703, -0.48543280363082886, -0.24559257924556732], [0.8576405048370361, -0.6605369448661804, 1.290373682975769, 0.8518232107162476, -0.7153905630111694, -0.10489001125097275, -0.531982958316803, 0.6453288793563843], [0.8294643759727478, -0.24934707581996918, -0.30627545714378357, -3.7203264236450195, -0.16188018023967743, 2.941663980484009, -1.0149410963058472, -0.033114925026893616], [3.3672749996185303, -0.2707405686378479, 0.5237961411476135, 0.49644020199775696, 0.9941756129264832, 4.8626790046691895, 0.041026897728443146, 0.08388401567935944]]}