{"step": 216, "width": 8, "height": 8, "values": [[0.7077712416648865, -0.9970384836196899, -0.35812172293663025, -0.02208159863948822, -0.9843462109565735, -0.9647876024246216, -0.22369562089443207, -0.09808804094791412], [0.6517448425292969, -0.4161718189716339, 0.19805823266506195, 0.7126577496528625, -0.3397217094898224, -0.6174318194389343, -0.12315204739570618, 0.732797384262085], [-0.9612807035446167, 0.01281087938696146, -0.4581499993801117, -0.03155471384525299, 0.07018857449293137, -0.1432887613773346, 0.11154896765947342, -0.028135551139712334], [0.08449613302946091, -0.9819644093513489, 0.6327295303344727, -0.0179585013538599, 0.5672386288642883, -0.9804750680923462, 0.890167236328125, 0.4950888156890869], [5.92158317565918, -17.81671142578125, -0.6694133877754211, -0.03088964708149433, -2.9207799434661865, -16.165321350097656, -0.2573173940181732, -0.22691166400909424], [0.8944836258888245, -0.693906843662262, 0.8825894594192505, 4.7453155517578125, -0.3720841705799103, -0.7255304455757141, -0.18044760823249817, 0.99482262134552], [-2.792357921600342, 0.04695728048682213, -0.7170719504356384, -0.03418594226241112, 0.13778965175151825, -0.66264808177948, 0.271352082490921, -0.028588861227035522], [0.0904185026884079, -5.831634521484375, 0.8000222444534302, -0.05758588761091232, 0.8288053870201111, -3.46061635017395, 1.4762437343597412, 0.5761484503746033]]}