{"step": 168, "width": 8, "height": 8, "values": [[0.34277719259262085, -0.97783362865448, 0.6531552076339722, 0.09893722087144852, -0.3532354235649109, -0.31643399596214294, -0.28025829792022705, -0.1153426244854927], [0.19678202271461487, -0.9077757000923157, 0.5769947171211243, 0.8227734565734863, -0.6790927648544312, -0.2968643307685852, 0.22359135746955872, 0.896197497844696], [-0.09614410996437073, 0.08172687888145447, -0.46361827850341797, -0.9504759907722473, 0.22681684792041779, 0.2731967568397522, -0.47121062874794006, 0.1542043834924698], [0.9264582991600037, -0.9901555776596069, 0.268731951713562, -0.0863214060664177, 0.6952809691429138, 0.6108933091163635, 0.6546386480331421, 0.12321288138628006], [29.81412696838379, -22.965801239013672, 0.9492870569229126, 0.10983095318078995, -0.3721417784690857, -0.35188907384872437, -0.29032137989997864, -0.241023451089859], [0.4808141887187958, -1.5403223037719727, 0.9960228204727173, 2.196445941925049, -0.9293208718299866, -0.30805113911628723, 0.3026192784309387, 1.610527753829956], [-0.2517675757408142, 0.10769513249397278, -0.5115936398506165, -3.077568292617798, 0.4744231700897217, 0.3103299140930176, -0.5699231624603271, 0.16789567470550537], [2.327505588531494, -3.3701486587524414, 0.3071654140949249, -0.10490749031305313, 1.0412166118621826, 0.8221156001091003, 0.8151898980140686, 0.25720587372779846]]}