{"step": 205, "width": 8, "height": 8, "values": [[0.6026490926742554, -0.9640256762504578, 0.34194135665893555, 0.011575661599636078, -0.9768785834312439, -0.957758367061615, -0.2041243463754654, -0.16643011569976807], [-0.05822662264108658, -0.9145408868789673, 0.4091261029243469, 0.9255121350288391, -0.21363715827465057, -0.5332388281822205, -0.2436341941356659, 0.889962375164032], [-0.9548070430755615, 0.28554996848106384, 0.02867734245955944, 0.8195580244064331, 0.5811910629272461, -0.2649601995944977, 0.06848597526550293, -0.6645350456237793], [-0.016178620979189873, -0.946097731590271, 0.8115419745445251, -0.007723929360508919, 0.5651721358299255, -0.9943337440490723, 0.846141517162323, 0.26007604598999023], [4.614887237548828, -20.20372772216797, 0.388502299785614, 0.035474132746458054, -2.2949156761169434, -11.65359878540039, -0.29661858081817627, -0.23137742280960083], [-0.07223410159349442, -1.7408663034439087, 0.9161492586135864, 2.5740349292755127, -0.5257030129432678, -0.6001512408256531, -0.2827743589878082, 1.6701911687850952], [-2.280717372894287, 0.29936483502388, 0.06857439130544662, 2.167815923690796, 0.7296192646026611, -1.2477951049804688, 0.08443304896354675, -0.8441541790962219], [-0.017236078158020973, -5.096333980560303, 1.4184279441833496, -0.14536353945732117, 0.7257811427116394, -3.1654045581817627, 1.27117919921875, 0.9414345026016235]]}