{"step": 174, "width": 8, "height": 8, "values": [[0.42114463448524475, -0.9943194389343262, 0.8466929197311401, 0.1826941817998886, -0.5296564698219299, -0.9074066281318665, -0.2446124255657196, -0.14033590257167816], [0.16802401840686798, -0.9332536458969116, 0.491476833820343, 0.6929963231086731, -0.7568072080612183, -0.28483855724334717, 0.4320332407951355, 0.9043893218040466], [-0.14150211215019226, 0.03177352994680405, -0.27942928671836853, -0.95858234167099, 0.04423128068447113, -0.15428315103054047, -0.27476105093955994, 0.1409180760383606], [0.9226269721984863, -0.9927571415901184, 0.25010645389556885, -0.05899572744965553, 0.7951890230178833, 0.7488939762115479, 0.6791685223579407, 0.11646118015050888], [28.74504280090332, -23.46189308166504, 1.433138132095337, 0.23709209263324738, -0.6246858835220337, -1.7050238847732544, -0.25033217668533325, -0.3070363700389862], [0.9840325713157654, -1.762304663658142, 0.9713448882102966, 2.573723077774048, -1.15147864818573, -0.29572123289108276, 0.5330904126167297, 1.7684658765792847], [-0.34851008653640747, 0.06545211374759674, -0.287495493888855, -3.8048343658447266, 0.16695448756217957, -0.36444494128227234, -0.41187649965286255, 0.1646360158920288], [2.188781976699829, -3.595292806625366, 0.280832439661026, -0.10407738387584686, 1.3024797439575195, 1.1146799325942993, 0.8563681244850159, 0.2311607003211975]]}