{"step": 172, "width": 8, "height": 8, "values": [[0.4423992931842804, -0.9878149032592773, 0.8833631277084351, 0.2600354254245758, -0.4531409442424774, -0.7790203094482422, -0.4156636595726013, -0.15215207636356354], [0.23780280351638794, -0.8926454782485962, 0.4679155647754669, 0.8177176117897034, -0.41434431076049805, -0.2901402413845062, -0.5607776045799255, 0.9078664183616638], [-0.2798343300819397, -0.14360009133815765, -0.16122382879257202, -0.9153345823287964, -0.22823423147201538, -0.0976320207118988, -0.3791418671607971, 0.08418367058038712], [0.9142172932624817, -0.9921621680259705, 0.4465347230434418, -0.03362709656357765, 0.7295632362365723, 0.9002476930618286, 0.6699002981185913, 0.0352204404771328], [29.158287048339844, -23.339414596557617, 1.5001494884490967, 0.27284297347068787, -0.5084852576255798, -1.1226789951324463, -0.4536687433719635, -0.24597226083278656], [0.7715461254119873, -1.4400079250335693, 0.9796604514122009, 2.5801825523376465, -0.6721105575561523, -0.30041030049324036, -0.6395765542984009, 1.7365856170654297], [-0.49649205803871155, -0.14777237176895142, -0.16971789300441742, -3.587087631225586, -0.34183332324028015, -0.10412348806858063, -0.8657748103141785, 0.0929098054766655], [2.2653369903564453, -3.5207479000091553, 0.6927111148834229, -0.051230572164058685, 1.2659046649932861, 1.7016111612319946, 0.8406159281730652, 0.0816442146897316]]}