{"step": 200, "width": 8, "height": 8, "values": [[0.6032904982566833, -0.9625992774963379, 0.3424083888530731, 0.011887201108038425, -0.9676639437675476, -0.9576654434204102, -0.1971857249736786, -0.17003855109214783], [-0.05484143644571304, -0.9202166795730591, 0.4136941134929657, 0.928458571434021, -0.21149709820747375, -0.48405930399894714, -0.24669112265110016, 0.8962672352790833], [-0.9535465240478516, 0.2814328670501709, 0.026181520894169807, 0.8237628936767578, 0.5678210854530334, -0.2765361964702606, 0.07118221372365952, -0.6708267331123352], [0.015697160735726357, -0.946490466594696, 0.8062214851379395, -0.0071793487295508385, 0.5665532946586609, -0.9939482808113098, 0.824152410030365, 0.2677615284919739], [5.304322719573975, -20.905729293823242, 0.3881721794605255, 0.03660639002919197, -2.1019155979156494, -10.146096229553223, -0.2872368097305298, -0.23620961606502533], [-0.06818034499883652, -1.7891008853912354, 0.9301478266716003, 2.8571665287017822, -0.5198970437049866, -0.5329917669296265, -0.2860667109489441, 1.7292228937149048], [-2.2458651065826416, 0.2946832478046417, 0.06132854148745537, 2.131281852722168, 0.7039754986763, -1.263622760772705, 0.08807826787233353, -0.8556963801383972], [0.01674537919461727, -4.854081630706787, 1.3985267877578735, -0.13367296755313873, 0.7285696268081665, -3.116727352142334, 1.194790244102478, 0.9505454301834106]]}