{"step": 33, "width": 8, "height": 8, "values": [[-0.9449371099472046, 0.6724430918693542, 0.1651521474123001, 0.4362225830554962, -0.9372196793556213, -0.9412161707878113, -0.48890426754951477, -0.24729707837104797], [0.5253525376319885, -0.620306670665741, 0.4612278640270233, 0.47977882623672485, -0.22347402572631836, -0.1140388622879982, -0.6443236470222473, -0.7739313244819641], [0.06931158900260925, -0.0593450553715229, -0.4833090305328369, -0.9839202165603638, 0.03361883759498596, 0.8485142588615417, -0.34406277537345886, 0.21511852741241455], [0.9763709306716919, -0.5402259230613708, 0.3472146987915039, 0.18683673441410065, 0.3975863456726074, 0.9179452061653137, 0.08757045865058899, 0.014641647227108479], [-2.8986146450042725, 0.8405917882919312, 0.24979262053966522, 0.4700275659561157, -1.8359462022781372, -2.2226836681365967, -0.5365641713142395, -0.3839155435562134], [0.657491147518158, -0.766605794429779, 1.504500150680542, 0.7960500121116638, -0.25529277324676514, -0.11486462503671646, -0.8031771183013916, -1.1267051696777344], [0.1839076280593872, -0.1158527061343193, -0.5811412334442139, -4.285462856292725, 0.03380407392978668, 1.3140193223953247, -1.0752657651901245, 0.22091835737228394], [3.4435462951660156, -0.6067840456962585, 0.675946056842804, 0.19294701516628265, 0.8971574902534485, 6.904924392700195, 0.09290041774511337, 0.015434220433235168]]}