{"step": 61, "width": 8, "height": 8, "values": [[0.37883201241493225, -0.9713566899299622, 0.964637041091919, -0.18445061147212982, 0.7647322416305542, -0.48264533281326294, -0.29178959131240845, -0.4092288911342621], [0.5311844348907471, -0.8866870403289795, 0.7991209626197815, 0.7382317781448364, -0.5594608783721924, -0.2826675474643707, -0.544853150844574, -0.652636706829071], [-0.5961275696754456, 0.3091142475605011, -0.16834963858127594, -0.900092363357544, 0.04713821038603783, -0.6387892961502075, -0.3377350866794586, 0.12028182297945023], [0.9809460639953613, -0.6968379616737366, 0.38689157366752625, 0.3801700472831726, 0.4971592128276825, 0.0795178934931755, 0.3164932131767273, 0.050237759947776794], [4.4490132331848145, -3.558586835861206, 2.184760808944702, -0.20027005672454834, 1.0409557819366455, -0.6071913242340088, -0.3012748062610626, -0.6393321752548218], [0.9557892084121704, -1.4088454246520996, 1.6574561595916748, 1.231137752532959, -1.1831724643707275, -0.2925003468990326, -0.6115098595619202, -0.9922775030136108], [-0.8579471111297607, 0.3769364356994629, -0.17800819873809814, -1.9348787069320679, 0.04925474524497986, -0.802874743938446, -0.39496567845344543, 0.12263405323028564], [2.8046436309814453, -0.8883523941040039, 0.6329261660575867, 0.6512751579284668, 0.6801223754882812, 0.08438942581415176, 0.3440873920917511, 0.6967793107032776]]}