{"step": 146, "width": 8, "height": 8, "values": [[0.33278754353523254, -0.9792476892471313, 0.7518085241317749, 0.15617750585079193, 0.02157840132713318, 0.5367692708969116, -0.30912086367607117, -0.07997995615005493], [0.16476549208164215, -0.961915135383606, 0.7310549020767212, 0.6570281982421875, -0.8795085549354553, -0.33051797747612, 0.41682198643684387, 0.7869381308555603], [0.0827844962477684, 0.056048907339572906, -0.1649605631828308, -0.8818365931510925, 0.025297967717051506, 0.4980725646018982, -0.41559508442878723, 0.10223770886659622], [0.9628274440765381, -0.9911291599273682, 0.18344832956790924, -0.23169106245040894, 0.7222307920455933, 0.8489997982978821, 0.6007519364356995, 0.04926936328411102], [29.246646881103516, -21.214876174926758, 1.1193839311599731, 0.16515271365642548, 0.021732434630393982, 0.6614487767219543, -0.32008448243141174, -0.1944536566734314], [1.1369467973709106, -1.983259677886963, 1.08855140209198, 1.3930855989456177, -1.4712090492248535, -0.3459309935569763, 0.45409002900123596, 1.1419206857681274], [0.1410755217075348, 0.18450282514095306, -0.2104223221540451, -4.956299781799316, 0.10803607851266861, 0.6554839015007019, -0.8113479614257812, 0.110146664083004], [3.1796860694885254, -2.8507533073425293, 0.21347878873348236, -0.2770461142063141, 1.0991393327713013, 1.5357716083526611, 0.7255367040634155, 0.09393254667520523]]}