{"step": 54, "width": 8, "height": 8, "values": [[0.702879786491394, -0.9513389468193054, 0.6713118553161621, 0.003107819939032197, 0.6176039576530457, -0.6895808577537537, -0.18848544359207153, -0.23214930295944214], [0.22438082098960876, -0.8597012758255005, 0.7532246708869934, 0.7226577997207642, -0.6242814064025879, -0.21862414479255676, -0.011975390836596489, -0.8689128160476685], [-0.675204336643219, 0.27330729365348816, 0.1439867913722992, -0.9347144365310669, 0.039433982223272324, -0.7533547878265381, 0.29046642780303955, -0.24894919991493225], [0.9694860577583313, -0.6509459018707275, 0.32903289794921875, 0.21215347945690155, 0.654204785823822, 0.8207215070724487, 0.24649310111999512, 0.0906514823436737], [4.145166397094727, -2.234814405441284, 0.834409236907959, 0.003616788424551487, 0.7365480065345764, -0.9905045628547668, -0.2416684776544571, -0.6312175989151001], [0.6613198518753052, -1.317652702331543, 1.6712285280227661, 1.6327509880065918, -0.9369673132896423, -0.22354841232299805, -0.012352623045444489, -2.002962827682495], [-1.1467666625976562, 0.29030877351760864, 0.14725644886493683, -2.0809969902038574, 0.07553259283304214, -1.0492864847183228, 0.32628852128982544, -0.2822321951389313], [2.909102439880371, -0.7901672720909119, 0.3835136592388153, 0.397055447101593, 0.9053046703338623, 2.342367172241211, 0.2607404887676239, 0.6642110347747803]]}