{"step": 68, "width": 8, "height": 8, "values": [[0.348720908164978, -0.959118664264679, 0.9817551970481873, -0.13370659947395325, 0.7943238615989685, -0.08759140223264694, -0.6706092953681946, -0.15798203647136688], [0.23083028197288513, -0.9745855331420898, 0.7814088463783264, 0.7616778016090393, -0.7218923568725586, -0.38328447937965393, -0.14452607929706573, 0.2147233933210373], [-0.40734994411468506, 0.09476278722286224, 0.2202487587928772, -0.8116340637207031, 0.3787069022655487, -0.7231515645980835, 0.3829655349254608, -0.2258436381816864], [0.964897096157074, -0.7643917202949524, 0.4514360725879669, 0.37355101108551025, 0.6294657588005066, 0.6640387177467346, 0.38270440697669983, 0.0795605406165123], [6.665920257568359, -5.015022277832031, 2.4361486434936523, -0.1470053344964981, 1.0981063842773438, -0.09629666060209274, -0.8277892470359802, -0.26435843110084534], [0.9937421679496765, -2.219785213470459, 1.6273664236068726, 1.3296922445297241, -1.7288897037506104, -0.407557874917984, -0.1463436633348465, 0.23179559409618378], [-0.6574642062187195, 0.09945841133594513, 0.315955251455307, -1.2670129537582397, 0.4415431320667267, -1.0057892799377441, 0.7837607860565186, -0.24225398898124695], [2.8344569206237793, -1.0330899953842163, 0.6361544728279114, 0.6589621901512146, 0.8124412298202515, 0.8114620447158813, 0.42804014682769775, 0.9645956754684448]]}