{"step": 161, "width": 8, "height": 8, "values": [[0.3706654906272888, -0.9907563328742981, 0.6198673248291016, 0.08967559039592743, -0.20912913978099823, 0.09989053755998611, -0.38093528151512146, -0.18579085171222687], [0.238308846950531, -0.9861369132995605, 0.6424880027770996, 0.7248549461364746, -0.2923141121864319, -0.30725809931755066, -0.09456652402877808, 0.8470730185508728], [-0.1745843142271042, 0.015895584598183632, -0.12558671832084656, -0.9284564852714539, 0.0866336077451706, 0.9132634401321411, -0.5430910587310791, -0.06992319226264954], [0.9541963934898376, -0.9905632734298706, 0.3555896282196045, -0.1624583601951599, 0.5764966011047363, 0.3750167191028595, 0.6311713457107544, 0.0775841623544693], [30.12855339050293, -22.359811782836914, 0.9035118818283081, 0.09230299293994904, -0.21496213972568512, 0.1061432957649231, -0.40289178490638733, -0.27546873688697815], [1.0214600563049316, -3.3713924884796143, 1.0183838605880737, 1.6509205102920532, -0.4421413838863373, -0.3193836808204651, -0.09613149613142014, 1.3935914039611816], [-0.484833687543869, 0.025668714195489883, -0.16201883554458618, -3.3275563716888428, 0.09786985069513321, 2.533445119857788, -1.6742738485336304, -0.07250114530324936], [2.562772512435913, -3.150601625442505, 0.8404875993728638, -0.1842838078737259, 0.7927887439727783, 0.3980931043624878, 0.7860656976699829, 0.09496881812810898]]}