{"step": 165, "width": 8, "height": 8, "values": [[0.29857882857322693, -0.9874078035354614, 0.793958306312561, 0.14314419031143188, -0.23592743277549744, -0.07724742591381073, -0.30513906478881836, -0.14157909154891968], [0.19138655066490173, -0.9737539887428284, 0.6165519952774048, 0.7132523655891418, -0.8973254561424255, -0.3018152713775635, 0.2096690982580185, 0.8881504535675049], [-0.17321187257766724, 0.006280046422034502, -0.5063040256500244, -0.9037498235702515, -0.07377976179122925, 0.34729376435279846, -0.4728415012359619, 0.18960654735565186], [0.9557870030403137, -0.9934936165809631, 0.24050211906433105, -0.1698756366968155, 0.653749942779541, 0.15714967250823975, 0.6489640474319458, 0.11527601629495621], [29.00278663635254, -22.595928192138672, 1.361032247543335, 0.15259508788585663, -0.24219119548797607, -0.08182348310947418, -0.31542298197746277, -0.29121750593185425], [0.6950870156288147, -2.1689963340759277, 1.0058876276016235, 1.512030005455017, -1.7285619974136353, -0.3137853145599365, 0.21552102267742157, 1.616994023323059], [-0.2531491816043854, 0.03932832181453705, -0.6108099818229675, -2.794373035430908, -0.17793971300125122, 0.5319337844848633, -1.0285369157791138, 0.19659994542598724], [2.3989064693450928, -3.2615246772766113, 0.2912658452987671, -0.22005334496498108, 0.9896666407585144, 0.16491380333900452, 0.8032996654510498, 0.23518182337284088]]}