{"step": 46, "width": 8, "height": 8, "values": [[0.33574026823043823, -0.8062352538108826, 0.6333181262016296, 0.08330870419740677, 0.24420538544654846, -0.9300755858421326, -0.09300296008586884, -0.2256833165884018], [0.38857322931289673, -0.5905855894088745, 0.7770863175392151, 0.5227662920951843, -0.6431960463523865, -0.1818772703409195, 0.13984006643295288, -0.8798993229866028], [-0.23584090173244476, 0.06458861380815506, -0.13096413016319275, -0.9819433689117432, 0.13083919882774353, 0.002504614880308509, -0.11729024350643158, 0.36972564458847046], [0.9769124388694763, -0.6114482283592224, 0.3034466803073883, 0.2952429950237274, 0.6139332056045532, 0.7722457051277161, 0.17749886214733124, -0.048801787197589874], [0.44959205389022827, -1.1331968307495117, 0.8554970622062683, 0.09069608151912689, 0.2717686593532562, -2.2839043140411377, -0.09356895834207535, -0.5260791778564453], [1.244156002998352, -1.0684537887573242, 1.6849734783172607, 1.0797255039215088, -0.8090900182723999, -0.1849019080400467, 0.15682867169380188, -2.2161853313446045], [-1.2214221954345703, 0.3749176263809204, -0.13345904648303986, -3.756009340286255, 0.17163555324077606, 0.00274802022613585, -0.15300855040550232, 0.410916268825531], [3.3632638454437256, -0.7174429893493652, 0.37308019399642944, 0.3541618585586548, 0.8589514493942261, 4.585463523864746, 0.1888415366411209, -0.062494732439517975]]}