{"step": 57, "width": 8, "height": 8, "values": [[0.5320247411727905, -0.9694983959197998, 0.9570475220680237, -0.21139226853847504, 0.6062552332878113, -0.6710457801818848, -0.3898327648639679, -0.25776904821395874], [0.38515472412109375, -0.8709681630134583, 0.7913475632667542, 0.5978025794029236, -0.8376166224479675, -0.2487926334142685, -0.12242639809846878, -0.8668460845947266], [-0.35120245814323425, 0.10868266969919205, 0.16405685245990753, -0.8899461627006531, -0.003787744091823697, -0.5515317916870117, -0.054584648460149765, 0.028732245787978172], [0.9827795028686523, -0.6748695373535156, 0.38999465107917786, 0.4810352027416229, 0.4698820114135742, 0.5347630381584167, 0.28593915700912476, 0.2204175442457199], [4.571569442749023, -2.601818799972534, 1.9679653644561768, -0.2279518097639084, 0.7151683568954468, -0.8934497237205505, -0.4124778211116791, -0.47699227929115295], [0.6677500009536743, -1.339353084564209, 1.6647335290908813, 0.8839597702026367, -1.6222164630889893, -0.25531893968582153, -0.12642481923103333, -1.6928095817565918], [-0.7440365552902222, 0.16736578941345215, 0.1834198534488678, -1.7284189462661743, -0.004909364972263575, -0.8877792358398438, -0.2179340273141861, 0.02932318113744259], [2.8600945472717285, -0.8275004029273987, 0.5069421529769897, 0.6965678930282593, 0.577318549156189, 0.6337183117866516, 0.305719256401062, 0.9428250193595886]]}