{"step": 2, "width": 8, "height": 8, "values": [[0.5750411152839661, 0.13428162038326263, -0.29164302349090576, -0.06699509173631668, -0.06063321977853775, 0.0016279907431453466, -0.08135317265987396, -0.1079491451382637], [0.07446981966495514, 0.21432259678840637, 0.011083562858402729, -0.44907498359680176, 0.13201190531253815, -0.008031236007809639, -0.016836319118738174, -0.38279837369918823], [0.3697684109210968, -0.16043904423713684, -0.07667644321918488, -0.3836788833141327, -0.25722429156303406, 0.5617567300796509, -0.12196259200572968, 0.18023444712162018], [0.0008020007517188787, -0.007244490087032318, 0.3098185956478119, -0.14424251019954681, 0.35839611291885376, 0.1270575076341629, -0.010383576154708862, -0.6451488137245178], [0.7712811231613159, 0.1410958468914032, -0.41196802258491516, -0.06798718124628067, -0.06308985501527786, 0.0017782723298296332, -0.11125189810991287, -0.18460613489151], [0.07790222018957138, 0.3464162349700928, 0.01341461855918169, -0.7265695929527283, 0.15153802931308746, -0.008056269958615303, -0.15462900698184967, -0.46167826652526855], [0.7430552244186401, -0.31725940108299255, -0.07778968662023544, -0.4966607689857483, -0.28432440757751465, 0.7412718534469604, -0.1303960680961609, 0.19349397718906403], [0.0008236186695285141, -0.007254787255078554, 0.4535481631755829, -0.15050680935382843, 0.3998957574367523, 0.14631234109401703, -0.010996579192578793, -0.7857517004013062]]}