{"step": 245, "width": 8, "height": 8, "values": [[0.8384435772895813, -0.9957006573677063, -0.37716713547706604, 0.00981206726282835, -0.7020833492279053, -0.9872164130210876, -0.04549214988946915, -0.19312140345573425], [0.8266522288322449, 0.04534602910280228, 0.1974208503961563, 0.6738617420196533, -0.0983363687992096, -0.7564474940299988, 0.11318681389093399, -0.9038404822349548], [-0.9305168390274048, 0.019940907135605812, -0.4768362045288086, 0.11206594854593277, -0.09959207475185394, -0.06420352309942245, 0.2654474079608917, 0.5895674228668213], [-0.17872944474220276, -0.9547258019447327, 0.6589824557304382, -0.09520368278026581, 0.5102339386940002, -0.8646851181983948, 0.9496309161186218, 0.4345898926258087], [5.054644584655762, -10.96932601928711, -0.8567895293235779, 0.010399406775832176, -0.8970332741737366, -31.513486862182617, -0.048424337059259415, -0.5403262376785278], [1.272390604019165, 0.13633815944194794, 0.7364023327827454, 5.365136623382568, -0.11340344697237015, -0.9906337857246399, 0.37021782994270325, -2.096285581588745], [-5.412718296051025, 0.4050447940826416, -0.5220052599906921, 0.12200374901294708, -0.3556368947029114, -1.1612473726272583, 0.557177722454071, 0.7243994474411011], [-0.1839735060930252, -6.984504222869873, 0.8956270217895508, -0.1732642948627472, 0.5908476114273071, -3.266301393508911, 1.9228365421295166, 0.5990518927574158]]}