{"step": 218, "width": 8, "height": 8, "values": [[0.77711021900177, -0.987515926361084, 0.01783648692071438, 0.20468264818191528, -0.9873213171958923, -0.9823179244995117, -0.24923795461654663, -0.21118226647377014], [0.4337864816188812, -0.34621238708496094, 0.22082151472568512, 0.8567736148834229, -0.5073593854904175, -0.6333238482475281, 0.10415125638246536, 0.7182254791259766], [-0.943716287612915, -0.0028675624635070562, -0.49145832657814026, 0.3915245234966278, -0.07879500836133957, -0.09777909517288208, 0.2818053960800171, 0.019281627610325813], [0.0680856704711914, -0.9853434562683105, 0.5575608611106873, -0.026836944743990898, 0.6734417676925659, -0.9747986793518066, 0.8999226093292236, 0.32713305950164795], [6.32041597366333, -17.45944595336914, 0.02232588268816471, 0.2405022233724594, -2.941772222518921, -17.422758102416992, -0.27259132266044617, -0.4807862341403961], [0.6602320075035095, -0.3959638178348541, 0.8801835179328918, 5.261154651641846, -0.6229133605957031, -0.7504186630249023, 0.4410833418369293, 0.9721439480781555], [-2.874509334564209, -0.004839119967073202, -0.5420634150505066, 0.4607125222682953, -0.2933715581893921, -0.9648517966270447, 0.3578775227069855, 0.02044626697897911], [0.07281935214996338, -5.920563220977783, 0.6901887655258179, -0.1601620465517044, 0.8784754872322083, -3.932295799255371, 1.511606216430664, 0.5892519950866699]]}