{"step": 67, "width": 8, "height": 8, "values": [[0.3900328576564789, -0.955426037311554, 0.9791139364242554, -0.15477816760540009, 0.790692150592804, -0.08173488080501556, -0.6207835078239441, -0.14929929375648499], [0.2509317994117737, -0.9664834141731262, 0.7965167164802551, 0.7698618769645691, -0.6440990567207336, -0.3598755896091461, -0.3541264533996582, 0.09014975279569626], [-0.5283339023590088, 0.10319651663303375, 0.22954538464546204, -0.8587216138839722, 0.40625497698783875, -0.8585370182991028, 0.3950956463813782, -0.31309425830841064], [0.9636896252632141, -0.752102255821228, 0.4837610721588135, 0.36692604422569275, 0.6215371489524841, 0.603206992149353, 0.37271082401275635, 0.07846825569868088], [6.416745662689209, -4.835814476013184, 2.3377392292022705, -0.17074210941791534, 1.0874366760253906, -0.08949525654315948, -0.7562966346740723, -0.25842419266700745], [1.063822627067566, -2.081843852996826, 1.631019115447998, 1.389001488685608, -1.460288166999817, -0.3806263208389282, -0.37275561690330505, 0.09671866148710251], [-0.8734350204467773, 0.10750657320022583, 0.362374871969223, -1.4871289730072021, 0.46419209241867065, -1.458070158958435, 0.8954859972000122, -0.34824803471565247], [2.8500473499298096, -1.0039037466049194, 0.6586335897445679, 0.7733016014099121, 0.8026151657104492, 0.7065369486808777, 0.4153786301612854, 1.0120834112167358]]}