{"step": 40, "width": 8, "height": 8, "values": [[-0.8678960204124451, 0.2552085220813751, 0.22882771492004395, 0.2151050567626953, -0.28656765818595886, -0.9590719938278198, -0.36284297704696655, -0.1119847372174263], [0.397658109664917, -0.5120009183883667, 0.6140388250350952, 0.32833194732666016, -0.8113774061203003, -0.14871752262115479, 0.5623754262924194, -0.9205029606819153], [-0.5495170950889587, 0.055678945034742355, -0.30966997146606445, -0.9795218110084534, 0.2882736325263977, -0.14461039006710052, 0.2857978343963623, 0.5390693545341492], [0.9830995202064514, -0.5854263305664062, 0.23476091027259827, 0.19824279844760895, 0.5671724677085876, 0.8452931642532349, 0.12331228703260422, 0.08705795556306839], [-1.638229250907898, 0.2659163475036621, 0.25403669476509094, 0.24291272461414337, -0.30082058906555176, -2.7232284545898438, -0.38144344091415405, -0.29168376326560974], [0.9809551239013672, -0.6237856149673462, 1.6405669450759888, 1.0520292520523071, -1.3203198909759521, -0.15049637854099274, 0.7307261824607849, -2.6353676319122314], [-1.4583345651626587, 0.20529702305793762, -0.32059797644615173, -3.8698108196258545, 0.6349073052406311, -0.25295382738113403, 0.3254069685935974, 0.7387790083885193], [3.3859806060791016, -0.6768975853919983, 0.26763269305229187, 0.23938438296318054, 0.7677177786827087, 6.71892786026001, 0.13277433812618256, 0.1944006383419037]]}