{"step": 113, "width": 8, "height": 8, "values": [[0.2487373650074005, -0.9879699945449829, 0.8698165416717529, -0.1633143275976181, 0.5615250468254089, 0.5630797147750854, -0.31960636377334595, -0.15176644921302795], [0.1725238859653473, -0.908860981464386, 0.7462484836578369, 0.5765342712402344, -0.5717552900314331, -0.3887259066104889, 0.30437201261520386, 0.7831853628158569], [0.029404815286397934, 0.051725875586271286, -0.14592179656028748, -0.9719889760017395, 0.28200966119766235, 0.11241373419761658, -0.4234010577201843, 0.3615765869617462], [0.9452092051506042, -0.9647529125213623, 0.19599811732769012, -0.10935771465301514, 0.8058775067329407, 0.7685061097145081, 0.5199608206748962, -0.02195405401289463], [20.570228576660156, -15.680771827697754, 1.8930315971374512, -0.17890019714832306, 0.6752756834030151, 0.7354514598846436, -0.3317425549030304, -0.3076089918613434], [1.061400055885315, -2.2642619609832764, 1.3380634784698486, 1.4357911348342896, -0.6995194554328918, -0.41647472977638245, 0.3654479682445526, 1.1516987085342407], [0.18958649039268494, 0.1714683324098587, -0.14832305908203125, -3.5038390159606934, 0.4539317786693573, 0.12172076106071472, -0.5585346817970276, 0.4211496412754059], [3.539555311203003, -2.0588388442993164, 0.242280051112175, -0.11887118965387344, 1.3609137535095215, 1.6431913375854492, 0.6161068081855774, -0.02853410877287388]]}