{"step": 21, "width": 8, "height": 8, "values": [[-0.947113037109375, 0.6366493105888367, 0.4372263550758362, 0.43579742312431335, -0.9748467803001404, -0.6331965327262878, -0.21919439733028412, -0.09804355353116989], [0.5599885582923889, -0.3304409682750702, 0.503751814365387, 0.5516032576560974, -0.276494562625885, -0.10117035359144211, 0.0006551227415911853, 0.5676800012588501], [0.14804163575172424, -0.21235725283622742, -0.3233330249786377, -0.9907435178756714, -0.09712906181812286, 0.9798333644866943, -0.19382546842098236, -0.12699587643146515], [0.9502115249633789, -0.22835932672023773, 0.190069317817688, 0.4375487267971039, 0.7349671721458435, 0.9183128476142883, 0.03709650784730911, -0.049974508583545685], [-3.5030264854431152, 0.7891177535057068, 0.5678261518478394, 0.46916988492012024, -2.3599042892456055, -0.8027216196060181, -0.2263021320104599, -0.20889124274253845], [1.0023757219314575, -0.7206600904464722, 1.2345937490463257, 0.9531112313270569, -0.2948547899723053, -0.10181776434183121, 0.00720498850569129, 0.6736332774162292], [1.0580942630767822, -0.2680608630180359, -0.3377254009246826, -4.086997032165527, -0.10216117650270462, 3.3550362586975098, -0.2945895493030548, -0.12989933788776398], [3.3232688903808594, -0.23273727297782898, 0.24430617690086365, 0.48329925537109375, 1.0829274654388428, 4.4877400398254395, 0.03960051015019417, -0.0512055829167366]]}