{"step": 247, "width": 8, "height": 8, "values": [[0.8541154265403748, -0.9823980927467346, -0.44282397627830505, -0.025186222046613693, -0.709726870059967, -0.9774875044822693, -0.09994781762361526, -0.2321256846189499], [0.5633339285850525, -0.2254059761762619, 0.2214449793100357, 0.7312064170837402, -0.2686258554458618, -0.763677179813385, 0.37958967685699463, -0.9189344048500061], [-0.9767177700996399, 0.012744884006679058, -0.654181718826294, 0.5302929282188416, 0.03429168835282326, -0.06006157770752907, 0.3333874046802521, 0.5863410234451294], [-0.1976483166217804, -0.9341391324996948, 0.6741362810134888, 0.02635890431702137, 0.2900902330875397, -0.8683100342750549, 0.9511286020278931, 0.5884963274002075], [4.787768840789795, -10.551665306091309, -0.9579362273216248, -0.03630159795284271, -0.8991937637329102, -32.61627197265625, -0.10610660165548325, -0.495033860206604], [0.6592363119125366, -0.2417130172252655, 0.7066556811332703, 4.502915859222412, -0.2969014644622803, -1.0086992979049683, 0.4442775249481201, -2.6365747451782227], [-5.60866641998291, 0.04575526341795921, -0.8107898831367493, 0.6534677743911743, 0.09404874593019485, -1.0102033615112305, 0.42415639758110046, 0.6884457468986511], [-0.20392805337905884, -7.009227752685547, 0.9014115333557129, 0.08606516569852829, 0.3525190055370331, -2.4696245193481445, 1.9378118515014648, 1.62200927734375]]}