{"step": 43, "width": 8, "height": 8, "values": [[-0.568242609500885, -0.504479706287384, 0.3342585861682892, 0.12118590623140335, 0.12228187173604965, -0.964628279209137, -0.27376487851142883, -0.2554932236671448], [0.4767239987850189, -0.4586181640625, 0.6215981841087341, 0.35978928208351135, -0.4683942198753357, -0.1694190800189972, 0.10179056972265244, -0.8963015079498291], [-0.34402191638946533, 0.04816146194934845, -0.16642126441001892, -0.9828056693077087, -0.11319126188755035, 0.27086755633354187, -0.0167071595788002, 0.3199350833892822], [0.9847001433372498, -0.5991015434265137, 0.20708690583705902, 0.23956501483917236, 0.7645955681800842, 0.8190447688102722, 0.15643268823623657, 0.18799197673797607], [-0.7132811546325684, -0.5626993775367737, 0.3956717550754547, 0.1237509548664093, 0.12694434821605682, -2.641566038131714, -0.2832237482070923, -0.6009676456451416], [1.2332555055618286, -0.7749315500259399, 1.67817223072052, 1.1556216478347778, -0.5538915395736694, -0.1716163605451584, 0.3646624982357025, -2.1629514694213867], [-1.6137254238128662, 0.3960213363170624, -0.1681542992591858, -4.280948638916016, -0.1788955181837082, 0.35213181376457214, -0.01914246194064617, 0.36021968722343445], [3.3805654048919678, -0.6954135894775391, 0.2893025279045105, 0.2643755078315735, 1.105087399482727, 6.410093307495117, 0.16821353137493134, 0.22053954005241394]]}