{"step": 128, "width": 8, "height": 8, "values": [[0.31067174673080444, -0.9612007141113281, 0.9087238907814026, 0.05431080609560013, 0.30480581521987915, 0.6976533532142639, -0.354156494140625, -0.0707898959517479], [0.10496323555707932, -0.9604887366294861, 0.7117555737495422, 0.5715835690498352, -0.5967003107070923, -0.3549976646900177, 0.2344791442155838, 0.8505913615226746], [0.2373049408197403, -0.0691021978855133, -0.07971768081188202, -0.932232141494751, -0.10731684416532516, -0.2977941036224365, -0.13815411925315857, 0.13436904549598694], [0.9364514350891113, -0.9824137687683105, 0.17176350951194763, -0.180151104927063, 0.8174238204956055, 0.8511493802070618, 0.5576887130737305, 0.018478481099009514], [25.270845413208008, -19.138559341430664, 1.664145588874817, 0.05822617933154106, 0.3209858536720276, 1.0908805131912231, -0.3832399547100067, -0.14597630500793457], [1.0287879705429077, -2.0433661937713623, 1.2008821964263916, 1.1066813468933105, -0.8517904281616211, -0.37549710273742676, 0.2458440661430359, 1.4102940559387207], [0.4199215769767761, -0.07003508508205414, -0.08042966574430466, -4.433234691619873, -0.22756311297416687, -0.31674274802207947, -0.1458355188369751, 0.15585993230342865], [3.6578357219696045, -2.4732329845428467, 0.21078523993492126, -0.23137234151363373, 1.4281225204467773, 2.0410029888153076, 0.6676912307739258, 0.05026397854089737]]}