{"step": 53, "width": 8, "height": 8, "values": [[0.7392301559448242, -0.9412903189659119, 0.7805804014205933, 0.031419381499290466, 0.513632595539093, -0.7282640933990479, -0.24048151075839996, -0.2690500319004059], [0.20479750633239746, -0.9036293029785156, 0.7657650709152222, 0.7483870983123779, -0.7620450258255005, -0.21548260748386383, 0.052654337137937546, -0.9003327488899231], [-0.5080153942108154, 0.22587403655052185, 0.15724316239356995, -0.9259212017059326, 0.12047795951366425, -0.6409186124801636, 0.24615603685379028, -0.3295685946941376], [0.9708544611930847, -0.6450625061988831, 0.23180244863033295, 0.313803493976593, 0.5864161252975464, 0.8116524815559387, 0.23594032227993011, 0.17021314799785614], [3.782472610473633, -2.0018064975738525, 1.104512095451355, 0.03923475742340088, 0.5791486501693726, -1.0596287250518799, -0.2568277418613434, -0.65278160572052], [0.4391220211982727, -1.5279072523117065, 1.6750940084457397, 1.5391780138015747, -1.136743187904358, -0.2201845496892929, 0.06547383964061737, -2.088937759399414], [-0.9858465194702148, 0.30760955810546875, 0.16152188181877136, -1.9353994131088257, 0.2564931809902191, -0.8707420825958252, 0.3050002157688141, -0.36946019530296326], [2.887681007385254, -0.7742515206336975, 0.26133203506469727, 0.42460018396377563, 0.7618306875228882, 2.4180312156677246, 0.24778155982494354, 0.49484705924987793]]}