{"step": 83, "width": 8, "height": 8, "values": [[0.20228087902069092, -0.954569935798645, 0.9486445188522339, 0.13926056027412415, 0.756521999835968, 0.5116400718688965, -0.5576587319374084, -0.1355837732553482], [0.2386343777179718, -0.9012838006019592, 0.7290425896644592, 0.7768173813819885, -0.8330985903739929, -0.4113799035549164, 0.4456029236316681, 0.761711835861206], [-0.06351321190595627, 0.11637920141220093, -0.07686037570238113, -0.9688471555709839, 0.27856016159057617, -0.475945383310318, 0.10655910521745682, 0.41667959094047546], [0.9490699172019958, -0.8756503462791443, 0.1514938622713089, 0.04742572084069252, 0.8826088905334473, 0.74615877866745, 0.4582476317882538, -0.10378792136907578], [13.93299674987793, -9.448441505432129, 2.201465368270874, 0.15778979659080505, 1.0042589902877808, 0.6748414039611816, -0.6320851445198059, -0.27939683198928833], [1.0693552494049072, -1.5063749551773071, 1.5274763107299805, 1.7254459857940674, -1.3545202016830444, -0.4412226676940918, 0.5569879412651062, 1.0625910758972168], [-0.2276894897222519, 0.1493111103773117, -0.07777470350265503, -3.304945707321167, 0.6055597066879272, -0.558130145072937, 0.11763092130422592, 0.49764180183410645], [3.2787764072418213, -1.382102608680725, 0.1691291779279709, 0.05204159393906593, 1.6987053155899048, 1.305914282798767, 0.5261843800544739, -0.5040161609649658]]}