{"step": 170, "width": 8, "height": 8, "values": [[0.3713800311088562, -0.986974835395813, 0.7690566778182983, 0.11731987446546555, -0.38459858298301697, -0.5085827708244324, -0.2873033583164215, -0.013439659029245377], [0.13308081030845642, -0.8842602968215942, 0.5390039682388306, 0.7650816440582275, -0.5384502410888672, -0.29296383261680603, 0.04985424876213074, 0.9050227999687195], [-0.23391327261924744, 0.02211286872625351, -0.08199549466371536, -0.9396899938583374, 0.04502503201365471, -0.46542802453041077, 0.007277378346771002, 0.10588640719652176], [0.9112848043441772, -0.987667441368103, 0.3273249566555023, -0.1329500675201416, 0.7811568379402161, 0.8368527889251709, 0.6624342799186707, 0.048757147043943405], [30.052902221679688, -23.248422622680664, 1.075052261352539, 0.13196928799152374, -0.4145810008049011, -0.6082755923271179, -0.31162336468696594, -0.031852368265390396], [0.5641277432441711, -1.4255164861679077, 0.9838806986808777, 2.559570789337158, -0.7497355937957764, -0.30425727367401123, 0.05162521079182625, 1.7391530275344849], [-0.3512760102748871, 0.022715533152222633, -0.08370564877986908, -3.5354394912719727, 0.11275258660316467, -0.5465101003646851, 0.008113428018987179, 0.11969289183616638], [2.3276925086975098, -3.448307514190674, 0.3755697011947632, -0.24653372168540955, 1.265028953552246, 1.6090049743652344, 0.8271540403366089, 0.19852423667907715]]}