{"step": 63, "width": 8, "height": 8, "values": [[0.508496105670929, -0.9903346300125122, 0.7800537347793579, -0.25011301040649414, 0.6999427080154419, -0.3723776638507843, -0.34495365619659424, -0.2120336890220642], [0.5735715627670288, -0.832680881023407, 0.6740032434463501, 0.7659660577774048, -0.7561482191085815, -0.2910589277744293, -0.18229232728481293, -0.6964179873466492], [-0.5058540105819702, 0.05488548055291176, -0.2776833176612854, -0.97415691614151, 0.21244503557682037, -0.6640332341194153, 0.200303316116333, 0.22980675101280212], [0.9666059017181396, -0.727968156337738, 0.31743505597114563, 0.5188924074172974, 0.5564391613006592, 0.4023662209510803, 0.3380155563354492, -0.1315370351076126], [5.445859432220459, -4.036085605621338, 1.258141040802002, -0.287133127450943, 0.8983362317085266, -0.44131216406822205, -0.36224159598350525, -0.46883705258369446], [1.3392655849456787, -1.4349722862243652, 1.6529688835144043, 1.7176599502563477, -1.0391432046890259, -0.3016549348831177, -0.20152202248573303, -0.9996681809425354], [-1.1075292825698853, 0.13624423742294312, -0.30059728026390076, -2.601046562194824, 0.2820607125759125, -0.8612015247344971, 0.24037714302539825, 0.23670507967472076], [2.8047971725463867, -0.940262496471405, 0.3710635304450989, 0.6778425574302673, 0.795479416847229, 0.5299707055091858, 0.3684614300727844, -0.2109978348016739]]}