{"step": 197, "width": 8, "height": 8, "values": [[0.6040646433830261, -0.9613093137741089, 0.3445655405521393, 0.012275571003556252, -0.9579887390136719, -0.9576269388198853, -0.1927836537361145, -0.17208488285541534], [-0.0500703901052475, -0.924804151058197, 0.4167177379131317, 0.9287140369415283, -0.20895472168922424, -0.453561931848526, -0.2499610036611557, 0.8995405435562134], [-0.952849805355072, 0.2771291732788086, 0.02224140428006649, 0.8270429372787476, 0.5520010590553284, -0.2874731719493866, 0.07316666841506958, -0.6758002042770386], [0.051284901797771454, -0.9464930891990662, 0.802158772945404, -0.006506605539470911, 0.5658513903617859, -0.9932965636253357, 0.8096842169761658, 0.27424970269203186], [6.097828388214111, -21.340301513671875, 0.38991987705230713, 0.03794367238879204, -1.9561800956726074, -9.192829132080078, -0.28121423721313477, -0.23913563787937164], [-0.06240313500165939, -1.8308638334274292, 0.9382806420326233, 3.0192792415618896, -0.5131309032440186, -0.4934966266155243, -0.28936871886253357, 1.7648600339889526], [-2.2275502681732178, 0.2898079454898834, 0.051139093935489655, 2.0759096145629883, 0.6753315925598145, -1.2834488153457642, 0.09083940088748932, -0.8647522330284119], [0.0548110231757164, -4.708502292633057, 1.3831285238265991, -0.12168020755052567, 0.7276557087898254, -3.0414817333221436, 1.14938485622406, 0.9586012363433838]]}