{"step": 85, "width": 8, "height": 8, "values": [[0.1284984052181244, -0.9806693196296692, 0.9013016819953918, 0.011974111199378967, 0.6356300115585327, 0.5419102311134338, -0.4383595287799835, -0.07675802707672119], [0.3051190972328186, -0.8548945784568787, 0.7458674907684326, 0.7290672659873962, -0.6162101030349731, -0.4085526466369629, 0.4089941084384918, 0.7900189757347107], [-0.02214268036186695, 0.04748907312750816, -0.19990037381649017, -0.9845679998397827, 0.5804811716079712, -0.497259259223938, 0.0024796524085104465, 0.41000011563301086], [0.9378389716148376, -0.8806182742118835, 0.30326420068740845, 0.011183871887624264, 0.8988937139511108, 0.784572958946228, 0.4654027819633484, -0.23594114184379578], [15.104409217834473, -10.266664505004883, 1.8733853101730347, 0.01317565143108368, 0.7730857133865356, 0.7156016230583191, -0.47189122438430786, -0.19236283004283905], [1.3180893659591675, -1.8682526350021362, 1.5019097328186035, 2.0497164726257324, -0.7845636010169983, -0.440433144569397, 0.5266344547271729, 1.1651748418807983], [-0.2435280680656433, 0.15514354407787323, -0.20827975869178772, -4.067877769470215, 0.9008398652076721, -0.5853278636932373, 0.0031048902310431004, 0.526445209980011], [3.3407888412475586, -1.4201545715332031, 0.34151574969291687, 0.012022376991808414, 1.8562737703323364, 1.5438358783721924, 0.5416905283927917, -0.7070661187171936]]}