{"step": 13, "width": 8, "height": 8, "values": [[-0.8789768815040588, 0.4277343451976776, -0.6524057984352112, -0.5171217322349548, -0.8345785737037659, -0.28739261627197266, 0.2626442611217499, -0.13184252381324768], [0.8328890204429626, -0.50419020652771, 0.23042404651641846, 0.20208436250686646, -0.17646311223506927, -0.06999308615922928, -0.2972811460494995, 0.6693978309631348], [0.15218275785446167, 0.16715289652347565, -0.609379768371582, -0.9198473691940308, 0.40676963329315186, 0.26924997568130493, -0.1722714602947235, -0.3097738027572632], [0.9061405062675476, -0.08249077945947647, 0.39450567960739136, 0.6720033884048462, 0.46558427810668945, 0.8736820816993713, -0.004764399025589228, 0.9188805222511292], [-1.675445318222046, 0.4863666594028473, -0.7902461290359497, -0.6178722381591797, -1.2585062980651855, -0.37308019399642944, 0.27951738238334656, -0.16942498087882996], [1.2357426881790161, -0.5983508229255676, 0.4411235451698303, 0.49418336153030396, -0.38951849937438965, -0.07081238925457001, -0.31941622495651245, 0.8964499831199646], [0.1681406944990158, 0.16948112845420837, -0.7092092633247375, -1.678612232208252, 0.4340386390686035, 0.2777242064476013, -0.17973913252353668, -0.3274444341659546], [1.6554361581802368, -0.08332736790180206, 0.604620099067688, 0.9987581968307495, 0.7758899927139282, 1.460616946220398, -0.006030714605003595, 2.0381906032562256]]}