{"step": 34, "width": 8, "height": 8, "values": [[-0.9589489102363586, 0.6856027841567993, -0.17585943639278412, 0.4673212170600891, -0.9379227757453918, -0.9599454402923584, -0.47374701499938965, -0.10371393710374832], [0.5211338400840759, -0.3476782739162445, 0.40985599160194397, 0.3072631359100342, -0.36242324113845825, -0.11505340784788132, -0.01700480654835701, -0.8705398440361023], [0.13832758367061615, -0.023273417726159096, -0.3438761532306671, -0.9813891649246216, -0.02088111639022827, 0.8290963768959045, 0.08500748127698898, 0.3646281957626343], [0.9783951640129089, -0.5515313744544983, 0.1966579556465149, 0.18047207593917847, 0.6757936477661133, 0.9369492530822754, 0.09425246715545654, -0.28282126784324646], [-2.867344856262207, 0.8652832508087158, -0.2788480520248413, 0.508182942867279, -1.7493199110031128, -2.326202869415283, -0.5263020992279053, -0.2560896575450897], [0.9973320960998535, -0.7125524282455444, 1.5258302688598633, 0.8793411254882812, -0.3910464346408844, -0.11574909836053848, -0.12475092709064484, -1.5318610668182373], [0.3138178288936615, -0.05091524496674538, -0.3601669669151306, -4.968458652496338, -0.024593006819486618, 1.765797734260559, 0.104909248650074, 0.38767266273498535], [3.4362409114837646, -0.6216763854026794, 0.27789050340652466, 0.18484731018543243, 0.9683676362037659, 7.136124610900879, 0.10019314289093018, -0.30319744348526]]}