{"step": 51, "width": 8, "height": 8, "values": [[0.6939321160316467, -0.8694437146186829, 0.8305940628051758, 0.04756394401192665, 0.5155298113822937, -0.7432956099510193, -0.2359444946050644, -0.3872735798358917], [0.1362449824810028, -0.949580192565918, 0.8341543674468994, 0.665438175201416, -0.25280123949050903, -0.20794720947742462, -0.19255295395851135, -0.8550479412078857], [-0.6491193175315857, 0.3187248706817627, 0.23456750810146332, -0.8752671480178833, 0.14035680890083313, -0.6834983229637146, -0.3260461091995239, -0.4998581111431122], [0.9743796586990356, -0.6210880875587463, 0.52238929271698, 0.10401494055986404, 0.471312940120697, 0.9651719331741333, 0.20790036022663116, 0.11688915640115738], [2.9325244426727295, -1.7473100423812866, 1.217423677444458, 0.058914341032505035, 0.5757881999015808, -1.1227867603302002, -0.26823848485946655, -0.6275151968002319], [0.32582494616508484, -1.886361837387085, 1.681003451347351, 0.9683927297592163, -0.6192943453788757, -0.21236379444599152, -0.20030970871448517, -1.8698217868804932], [-1.3283034563064575, 0.3342196047306061, 0.2810908257961273, -1.7539024353027344, 0.14481262862682343, -0.8548393249511719, -0.35899069905281067, -0.5956513285636902], [2.9421095848083496, -0.7464379072189331, 0.8559834957122803, 0.28615862131118774, 0.5663788914680481, 2.784755229949951, 0.21794258058071136, 1.0602549314498901]]}