{"step": 154, "width": 8, "height": 8, "values": [[0.37249329686164856, -0.9717545509338379, 0.8642059564590454, 0.10237323492765427, -0.0222688727080822, 0.29763996601104736, -0.24499601125717163, -0.041639138013124466], [0.18015867471694946, -0.9564996957778931, 0.6554951667785645, 0.648941695690155, -0.7998124361038208, -0.3169880211353302, 0.5021706223487854, 0.8827360272407532], [0.033712610602378845, -0.008460482582449913, -0.19171597063541412, -0.9273173809051514, -0.03276352211833, -0.1905183494091034, -0.34956690669059753, 0.083656445145607], [0.9513676762580872, -0.9870128035545349, 0.3183669447898865, -0.10220129787921906, 0.7765694856643677, 0.9022718071937561, 0.6184189915657043, 0.060159169137477875], [30.001150131225586, -21.814613342285156, 1.3848235607147217, 0.10970623791217804, -0.022479232400655746, 0.3306690752506256, -0.25216153264045715, -0.10202424973249435], [1.2556939125061035, -1.918402075767517, 1.0369571447372437, 1.4024477005004883, -1.2578442096710205, -0.33122172951698303, 0.5536644458770752, 1.5882636308670044], [0.04422339051961899, -0.010614985600113869, -0.24879924952983856, -5.502320289611816, -0.07641895860433578, -0.20917753875255585, -0.5792297720909119, 0.08984312415122986], [2.9414188861846924, -3.0166444778442383, 0.3912564814090729, -0.1758527308702469, 1.187798261642456, 1.7450817823410034, 0.7580513954162598, 0.25627461075782776]]}