{"step": 171, "width": 8, "height": 8, "values": [[0.33210715651512146, -0.991606593132019, 0.7135078310966492, 0.27599284052848816, -0.45028936862945557, -0.6932731866836548, -0.28309327363967896, -0.0636386051774025], [0.3178662657737732, -0.7988086342811584, 0.4625890254974365, 0.7344509959220886, -0.31919458508491516, -0.2931952178478241, -0.10848910361528397, 0.9037042856216431], [-0.15054889023303986, -0.0953289121389389, -0.16070687770843506, -0.95437091588974, -0.22321385145187378, -0.0672568678855896, -0.1294597089290619, 0.18484827876091003], [0.8999097347259521, -0.9924654960632324, 0.3640572130680084, -0.17797505855560303, 0.8548457622528076, 0.8440148830413818, 0.6724563241004944, -0.27694690227508545], [29.579877853393555, -23.19007682800293, 1.0094878673553467, 0.2879129648208618, -0.4955424666404724, -0.8961586356163025, -0.30097198486328125, -0.18029360473155975], [0.8847202062606812, -1.455581545829773, 0.9808178544044495, 2.824704647064209, -0.36124205589294434, -0.30433234572410583, -0.49115926027297974, 1.6931132078170776], [-0.4558147192001343, -0.15556538105010986, -0.1671614646911621, -4.2345991134643555, -0.28927913308143616, -0.07237182557582855, -0.167056143283844, 0.20135290920734406], [2.3070456981658936, -3.4829304218292236, 0.4317617118358612, -0.2173532247543335, 1.4549342393875122, 1.7031794786453247, 0.8433017134666443, -0.4044720232486725]]}