{"step": 186, "width": 8, "height": 8, "values": [[0.5775417685508728, -0.9644514918327332, 0.5578933358192444, 0.026791922748088837, -0.8059333562850952, -0.9561152458190918, -0.2122267186641693, -0.1869320422410965], [0.09410664439201355, -0.9347214102745056, 0.4458705186843872, 0.9284552931785583, -0.2156987190246582, -0.33604004979133606, -0.22367580235004425, 0.9069339036941528], [-0.9290165305137634, 0.240282341837883, -0.05790698528289795, 0.399791419506073, 0.3008427917957306, -0.5301282405853271, 0.02553432434797287, -0.7190345525741577], [0.5393375158309937, -0.95328688621521, 0.7413756847381592, 0.007074495777487755, 0.6097474694252014, -0.940544843673706, 0.7440189123153687, 0.21233943104743958], [16.138484954833984, -23.063926696777344, 0.6605055332183838, 0.07432346045970917, -1.1231324672698975, -5.415780067443848, -0.24865026772022247, -0.2540326714515686], [0.1436593234539032, -1.826142430305481, 0.9608438014984131, 3.454005241394043, -0.5323172807693481, -0.3529253602027893, -0.2391773909330368, 1.9146946668624878], [-2.0770819187164307, 0.24866196513175964, -0.08447969704866409, 0.4587867856025696, 0.3272246718406677, -1.0677565336227417, 0.02903171442449093, -0.9423651099205017], [0.6608450412750244, -4.162107944488525, 1.226812481880188, 0.1271490752696991, 0.8117963671684265, -1.7651793956756592, 0.979253888130188, 0.971870481967926]]}