{"step": 142, "width": 8, "height": 8, "values": [[0.463712215423584, -0.9849786162376404, 0.6488080620765686, 0.10816339403390884, 0.01989605650305748, 0.532470703125, -0.3513632118701935, -0.140020951628685], [0.1672368347644806, -0.8427087068557739, 0.636669933795929, 0.6034907698631287, -0.3842725157737732, -0.3339223861694336, 0.06770877540111542, 0.8057637810707092], [0.06848612427711487, 0.09790445119142532, -0.0709674134850502, -0.9633896946907043, -0.14242197573184967, 0.3365342915058136, -0.34267595410346985, 0.17794670164585114], [0.9405814409255981, -0.9901896119117737, 0.16508494317531586, -0.3432534635066986, 0.8906837701797485, 0.8021245002746582, 0.5953015685081482, 0.03129851445555687], [30.002845764160156, -21.130849838256836, 1.0517653226852417, 0.11145227402448654, 0.02040649577975273, 0.6299414038658142, -0.3706620931625366, -0.32405784726142883], [1.0398420095443726, -1.6755383014678955, 1.1058626174926758, 2.1395506858825684, -0.463268905878067, -0.35054412484169006, 0.22717219591140747, 1.217108964920044], [0.3014020025730133, 0.24649584293365479, -0.07127658277750015, -6.009374618530273, -0.2697993218898773, 0.39078840613365173, -0.3858301639556885, 0.23907512426376343], [3.444692850112915, -2.806699514389038, 0.22265289723873138, -0.40198737382888794, 1.6377722024917603, 2.7353668212890625, 0.7138899564743042, 0.03959759697318077]]}