{"step": 239, "width": 8, "height": 8, "values": [[0.8157616257667542, -0.9900206327438354, -0.4043632447719574, 0.012852522544562817, -0.8569194078445435, -0.97513347864151, -0.19161248207092285, -0.2540584206581116], [0.6490505933761597, -0.2787591218948364, 0.18768487870693207, 0.7888504862785339, -0.5390008091926575, -0.7291246056556702, 0.3779805302619934, -0.8034491539001465], [-0.9634288549423218, 0.06461524218320847, -0.6972893476486206, 0.48231807351112366, 0.04233941808342934, -0.0613521970808506, 0.24223493039608002, 0.47292035818099976], [-0.13658559322357178, -0.9670495390892029, 0.6174818277359009, 0.06327848136425018, 0.3244814872741699, -0.9439885020256042, 0.9408162832260132, 0.5348885655403137], [6.298998832702637, -12.538354873657227, -0.7542477250099182, 0.016832910478115082, -1.3025892972946167, -28.723543167114258, -0.19944444298744202, -0.5489398837089539], [0.8348208665847778, -0.2962455749511719, 0.7655608654022217, 5.490081310272217, -0.6614183783531189, -0.9298375248908997, 0.45637449622154236, -1.2542228698730469], [-5.117891311645508, 0.21007168292999268, -0.8760970830917358, 0.5777977705001831, 0.13614396750926971, -1.2666499614715576, 0.3435339033603668, 0.5230632424354553], [-0.14002540707588196, -6.900819778442383, 0.7948663830757141, 0.1747606098651886, 0.39907729625701904, -4.0692572593688965, 1.8157473802566528, 1.4124186038970947]]}