{"step": 227, "width": 8, "height": 8, "values": [[0.6965591907501221, -0.9976188540458679, -0.38327333331108093, -0.012210340239107609, -0.9761658310890198, -0.9767528176307678, -0.2809756398200989, -0.244344562292099], [0.5982623100280762, -0.5577540397644043, 0.1356302797794342, 0.8480456471443176, -0.3477204740047455, -0.6808194518089294, -0.588659942150116, 0.30440452694892883], [-0.929021418094635, -0.028089694678783417, -0.4809807538986206, 0.25870299339294434, 0.09182686358690262, 0.04851923882961273, -0.11173029243946075, 0.4535690248012543], [-0.0037676922511309385, -0.9692635536193848, 0.6290762424468994, 0.04008959233760834, 0.24925564229488373, -0.982736349105835, 0.9128014445304871, 0.8828776478767395], [7.464375972747803, -15.48788833618164, -0.7049648761749268, -0.012790631502866745, -2.9431052207946777, -23.215906143188477, -0.29055356979370117, -0.40691888332366943], [0.7114145755767822, -0.7074598073959351, 0.8349897861480713, 5.724781513214111, -0.42971235513687134, -0.8333271145820618, -0.728521466255188, 0.32624831795692444], [-3.5673508644104004, -0.13535812497138977, -0.8541655540466309, 0.2828107476234436, 0.10671216994524002, 0.14769478142261505, -0.6800888776779175, 0.4927670955657959], [-0.0039025850128382444, -6.526678562164307, 0.9908456206321716, 0.06256010383367538, 0.39598456025123596, -3.238064765930176, 1.635306477546692, 1.6375596523284912]]}