{"step": 133, "width": 8, "height": 8, "values": [[0.29898175597190857, -0.9695740342140198, 0.6885455846786499, 0.2037079632282257, 0.18422512710094452, 0.7198131084442139, -0.545547604560852, -0.12340865284204483], [0.2470938265323639, -0.9707842469215393, 0.6907460689544678, 0.6697999835014343, -0.42758384346961975, -0.34734195470809937, -0.16939592361450195, 0.8547106385231018], [-0.04666203260421753, -0.10451501607894897, -0.12443557381629944, -0.8868650794029236, -0.049038637429475784, 0.9251638650894165, -0.7308551669120789, 0.12714031338691711], [0.9616119861602783, -0.9855309128761292, 0.1807316690683365, -0.16945511102676392, 0.7322192192077637, 0.8092871904373169, 0.565169095993042, -0.02309981733560562], [26.439300537109375, -19.387176513671875, 1.0588895082473755, 0.20744900405406952, 0.18725277483463287, 1.0165600776672363, -0.6179997324943542, -0.19360704720020294], [1.2694816589355469, -2.4332683086395264, 1.1717721223831177, 1.185978889465332, -0.7079881429672241, -0.36414599418640137, -0.1793728917837143, 1.4215220212936401], [-0.08291284739971161, -0.11659809201955795, -0.1557919830083847, -4.823807716369629, -0.051070939749479294, 1.6904592514038086, -1.0686010122299194, 0.13234946131706238], [3.556574821472168, -2.631068229675293, 0.5664161443710327, -0.17678014934062958, 1.0840861797332764, 1.1791234016418457, 0.6816543340682983, -0.0316871702671051]]}