{"step": 189, "width": 8, "height": 8, "values": [[0.6025686264038086, -0.9547826051712036, 0.39888444542884827, 0.016610469669103622, -0.8836511373519897, -0.9572564363479614, -0.186204195022583, -0.18215151131153107], [0.014883353374898434, -0.9381479024887085, 0.42860469222068787, 0.925118088722229, -0.1946139633655548, -0.3693096339702606, -0.2549666166305542, 0.906130850315094], [-0.9476662874221802, 0.25496774911880493, -0.014754346571862698, 0.7865118980407715, 0.4272574782371521, -0.3828779458999634, 0.07717610150575638, -0.7080233693122864], [0.31896907091140747, -0.945615291595459, 0.7811763286590576, -0.0009239090722985566, 0.5776100158691406, -0.9808720350265503, 0.7651486992835999, 0.27902334928512573], [11.75014877319336, -22.57430076599121, 0.4509612023830414, 0.0518910177052021, -1.4033089876174927, -6.481115818023682, -0.2615978717803955, -0.25447526574134827], [0.019384164363145828, -1.930005669593811, 0.9568089842796326, 3.4144744873046875, -0.47937002778053284, -0.39124351739883423, -0.28543439507484436, 1.8714361190795898], [-2.1587884426116943, 0.26483383774757385, -0.02872624434530735, 1.3632452487945557, 0.48187822103500366, -1.3148092031478882, 0.09575986117124557, -0.9273378252983093], [0.35638704895973206, -4.3172125816345215, 1.311540961265564, -0.019645575433969498, 0.7508944272994995, -2.3842885494232178, 1.027570128440857, 0.9951293468475342]]}