{"step": 95, "width": 8, "height": 8, "values": [[0.1403859555721283, -0.944197952747345, 0.7407079339027405, -0.05459773540496826, 0.5616759657859802, 0.26421889662742615, -0.7356783151626587, -0.20304983854293823], [-0.3758232891559601, -0.03752351924777031, 0.8322719931602478, 0.5464685559272766, -0.251422256231308, -0.40696585178375244, 0.13070577383041382, 0.6877123713493347], [0.08177659660577774, 0.16946664452552795, 0.7358978390693665, -0.33241167664527893, 0.8702824711799622, 0.6340346336364746, -0.6134501695632935, 0.16990846395492554], [0.9840843081474304, -0.9176089763641357, 0.5500969290733337, -0.10627958923578262, 0.21543192863464355, 0.5867099165916443, 0.49049705266952515, -0.000652814342174679], [15.862508773803711, -12.30608081817627, 0.9822869300842285, -0.06988029181957245, 0.640323281288147, 0.38761916756629944, -1.0700445175170898, -0.28920695185661316], [-0.6515803933143616, -0.03757739067077637, 1.4383231401443481, 0.7699758410453796, -0.9666032195091248, -0.43797141313552856, 0.13528132438659668, 0.966961145401001], [0.14251931011676788, 0.1733257919549942, 1.01215398311615, -0.4703083038330078, 1.3532379865646362, 1.585502028465271, -0.7225644588470459, 0.21171602606773376], [3.384097099304199, -1.6081069707870483, 0.8352670073509216, -0.12644794583320618, 0.2505643963813782, 0.6882006525993347, 0.5683134198188782, -0.007891565561294556]]}