{"step": 193, "width": 8, "height": 8, "values": [[0.6056447625160217, -0.9585630893707275, 0.35358843207359314, 0.013350744731724262, -0.9346948862075806, -0.957544207572937, -0.18664836883544922, -0.17512859404087067], [-0.0342559888958931, -0.932236909866333, 0.4214416742324829, 0.9273056983947754, -0.20228153467178345, -0.41198593378067017, -0.25673148036003113, 0.9033632874488831], [-0.9518985152244568, 0.26823750138282776, 0.010828765109181404, 0.829169511795044, 0.5127964615821838, -0.31431272625923157, 0.07681021839380264, -0.6868759989738464], [0.1393858641386032, -0.9459569454193115, 0.7947836518287659, -0.004699210170656443, 0.5649294257164001, -0.9908993244171143, 0.7886723875999451, 0.2848998010158539], [8.033674240112305, -21.940011978149414, 0.3988885283470154, 0.04161136597394943, -1.7155866622924805, -7.864992141723633, -0.2723967432975769, -0.24398118257522583], [-0.0430077388882637, -1.9011563062667847, 0.9484063982963562, 3.2278919219970703, -0.49627402424812317, -0.44188880920410156, -0.29522237181663513, 1.8150147199630737], [-2.2051291465759277, 0.27976399660110474, 0.02384154312312603, 1.8878918886184692, 0.6090194582939148, -1.3243921995162964, 0.09592705965042114, -0.8854590654373169], [0.15018710494041443, -4.5137505531311035, 1.3551079034805298, -0.09106700122356415, 0.7267839312553406, -2.831840753555298, 1.0889405012130737, 0.9747878313064575]]}