{"step": 123, "width": 8, "height": 8, "values": [[0.26600173115730286, -0.9562786221504211, 0.9177653789520264, -0.03550143912434578, 0.4315511882305145, 0.6637973189353943, -0.32129305601119995, -0.1738692820072174], [0.21022363007068634, -0.9696077108383179, 0.7318852543830872, 0.6776566505432129, -0.7158406972885132, -0.3651963770389557, 0.43302300572395325, 0.8461479544639587], [0.07753012329339981, 0.07314374297857285, -0.37526604533195496, -0.9429131150245667, -0.13345538079738617, 0.22821618616580963, -0.6686739325523376, 0.06967605650424957], [0.969817042350769, -0.9686843156814575, 0.23103536665439606, -0.08414044976234436, 0.8678118586540222, 0.8484082221984863, 0.5494678020477295, 0.02952008880674839], [23.598264694213867, -18.232807159423828, 1.7608864307403564, -0.03771557658910751, 0.4655293822288513, 0.9710277915000916, -0.33425918221473694, -0.331712931394577], [0.7767810821533203, -2.092021942138672, 1.2432100772857666, 1.1662037372589111, -1.1819126605987549, -0.38654986023902893, 0.46475014090538025, 1.3699390888214111], [0.12559576332569122, 0.11860666424036026, -0.45532041788101196, -4.230238437652588, -0.18551267683506012, 0.24134330451488495, -1.107108473777771, 0.07417719066143036], [3.5797653198242188, -2.3147284984588623, 0.30743277072906494, -0.10734908282756805, 1.6095329523086548, 1.4618903398513794, 0.6530907154083252, 0.28184205293655396]]}