{"step": 114, "width": 8, "height": 8, "values": [[0.23479798436164856, -0.9442668557167053, 0.9276865124702454, -0.17070244252681732, 0.5724377632141113, 0.529022216796875, -0.33501577377319336, -0.2703765630722046], [0.17415161430835724, -0.9592145681381226, 0.7465769648551941, 0.7198745608329773, -0.2472425401210785, -0.3861404359340668, -0.27652889490127563, 0.7861908674240112], [-0.11060019582509995, 0.12687627971172333, 0.03352706506848335, -0.9245604872703552, 0.4348856210708618, 0.11555685847997665, -0.7080140113830566, 0.2070690244436264], [0.9470663666725159, -0.9656696319580078, 0.2500413954257965, -0.06575663387775421, 0.7051425576210022, 0.8666009902954102, 0.517433226108551, 0.09281628578901291], [21.14606285095215, -15.982839584350586, 1.820124626159668, -0.1838899403810501, 0.6671605110168457, 0.7499603629112244, -0.3542768955230713, -0.3672603964805603], [0.8902717232704163, -1.9761050939559937, 1.3313349485397339, 1.3834068775177002, -0.5923973917961121, -0.4126377999782562, -0.29413047432899475, 1.1645843982696533], [-0.23266951739788055, 0.12799924612045288, 0.03373691067099571, -3.368744134902954, 0.5003024339675903, 0.1174313873052597, -0.900355875492096, 0.23533296585083008], [3.563096284866333, -2.081777334213257, 0.43762823939323425, -0.07662534713745117, 1.1962062120437622, 1.5583722591400146, 0.6170445680618286, 0.276143342256546]]}