{"step": 199, "width": 8, "height": 8, "values": [[0.6035157442092896, -0.9622194766998291, 0.34287822246551514, 0.011992414481937885, -0.9649161100387573, -0.9576519727706909, -0.19574257731437683, -0.17073306441307068], [-0.053608786314725876, -0.9216331839561462, 0.41467148065567017, 0.9286593794822693, -0.21080096065998077, -0.47396600246429443, -0.24760986864566803, 0.8973968625068665], [-0.9533063173294067, 0.2801845669746399, 0.02516389638185501, 0.8248105645179749, 0.5634159445762634, -0.2796867787837982, 0.07179129123687744, -0.6723238229751587], [0.025638587772846222, -0.946519136428833, 0.8049637675285339, -0.0069970316253602505, 0.566441535949707, -0.9937850832939148, 0.8194418549537659, 0.2697433829307556], [5.525285720825195, -21.04935073852539, 0.38849055767059326, 0.03697142004966736, -2.056159019470215, -9.832437515258789, -0.28527024388313293, -0.2371794581413269], [-0.06669314950704575, -1.801750659942627, 0.9328917264938354, 2.91176700592041, -0.5180308818817139, -0.5197538733482361, -0.2870131731033325, 1.741018295288086], [-2.2394752502441406, 0.29326778650283813, 0.058623529970645905, 2.1172966957092285, 0.6958614587783813, -1.2691253423690796, 0.08892090618610382, -0.858422040939331], [0.027363047003746033, -4.805583477020264, 1.3937851190567017, -0.13029804825782776, 0.7284678816795349, -3.0969324111938477, 1.1796282529830933, 0.9529449343681335]]}