{"step": 141, "width": 8, "height": 8, "values": [[0.31215691566467285, -0.9695382714271545, 0.7552909255027771, 0.10042621940374374, 0.04758515581488609, 0.4983293414115906, -0.38787445425987244, -0.12818798422813416], [0.16166570782661438, -0.9196983575820923, 0.6399900317192078, 0.7280763387680054, -0.7255716323852539, -0.3344936966896057, 0.49352163076400757, 0.8813181519508362], [-0.09864626824855804, 0.08386898040771484, -0.2894390821456909, -0.9339921474456787, -0.044720929116010666, 0.030668390914797783, -0.6101997494697571, 0.1388426572084427], [0.9678547978401184, -0.9815554022789001, 0.23183797299861908, -0.33962252736091614, 0.8088766932487488, 0.9576217532157898, 0.5885788798332214, 0.03367358818650246], [29.67137336730957, -21.104211807250977, 1.100195288658142, 0.11272629350423813, 0.04786860570311546, 0.635898232460022, -0.41166406869888306, -0.2511143088340759], [0.5247651934623718, -1.5888938903808594, 1.1155542135238647, 1.8450210094451904, -1.1751197576522827, -0.35134708881378174, 0.5421003103256226, 1.5364835262298584], [-0.12662658095359802, 0.17675572633743286, -0.3797822892665863, -5.356890678405762, -0.07760654389858246, 0.03350785747170448, -0.790277898311615, 0.1493883728981018], [3.446491241455078, -2.7959342002868652, 0.30905282497406006, -0.43677031993865967, 1.4001522064208984, 2.603588104248047, 0.7073404788970947, 0.31712082028388977]]}