{"step": 226, "width": 8, "height": 8, "values": [[0.7014659643173218, -0.9927880167961121, -0.5050952434539795, 0.03949000686407089, -0.9853421449661255, -0.9745293259620667, -0.2516058683395386, -0.08874949812889099], [0.6649014353752136, -0.46557748317718506, 0.17782127857208252, 0.693895697593689, -0.5520980954170227, -0.6723014712333679, 0.05196525529026985, 0.38892143964767456], [-0.9636189341545105, -0.05133858323097229, -0.6465731263160706, 0.06521819531917572, 0.0027574202977120876, -0.01864193007349968, 0.2660689055919647, 0.44598445296287537], [0.02549770660698414, -0.9765474796295166, 0.585230827331543, 0.022846868261694908, 0.4144357442855835, -0.9715222716331482, 0.9138522744178772, 0.7220146656036377], [7.393725395202637, -15.423367500305176, -0.7077153921127319, 0.053412530571222305, -2.9052438735961914, -22.489463806152344, -0.26660022139549255, -0.20095974206924438], [0.9132893681526184, -0.5367379784584045, 0.8422938585281372, 5.895779132843018, -0.6587383151054382, -0.8185193538665771, 0.07130078226327896, 0.4304872751235962], [-3.422264814376831, -0.10976120084524155, -0.7876491546630859, 0.0714668333530426, 0.022442573681473732, -0.6300075650215149, 0.6002283096313477, 0.48921287059783936], [0.02650155872106552, -6.459569931030273, 0.7072126865386963, 0.08031801879405975, 0.506969690322876, -3.6806185245513916, 1.62372624874115, 1.344071626663208]]}