{"step": 10, "width": 8, "height": 8, "values": [[-0.7070546746253967, 0.4171685576438904, -0.8934255242347717, -0.6622864603996277, -0.31075072288513184, -0.006059618201106787, 0.35439297556877136, -0.27950382232666016], [0.806172788143158, 0.01551733911037445, 0.07845088094472885, 0.10042351484298706, -0.3412077724933624, -0.04020831733942032, -0.4997471272945404, 0.5474957823753357], [0.47219318151474, 0.29065588116645813, -0.7274174690246582, -0.7914654612541199, 0.473355233669281, -0.8424746990203857, 0.3705287575721741, 0.4215393364429474], [0.5766971707344055, -0.028647687286138535, 0.3441999554634094, 0.6002804636955261, 0.362735390663147, 0.29670313000679016, -0.015702130272984505, 0.8503142595291138], [-1.0335779190063477, 0.48440712690353394, -1.9542338848114014, -0.9794196486473083, -0.3326963186264038, -0.007671596948057413, 0.37595266103744507, -0.4657394289970398], [1.1245907545089722, 0.015995923429727554, 0.14229285717010498, 0.30827564001083374, -0.4296207129955292, -0.04078430309891701, -0.5643731355667114, 0.7398884296417236], [0.5379980206489563, 0.5456017255783081, -0.924822986125946, -1.1184813976287842, 0.530026912689209, -1.3113837242126465, 0.39380180835723877, 0.47214293479919434], [0.6709240674972534, -0.028977181762456894, 0.39213496446609497, 0.9255468845367432, 0.6332072615623474, 0.46944358944892883, -0.02037610299885273, 1.6939736604690552]]}