{"step": 48, "width": 8, "height": 8, "values": [[0.6157339811325073, -0.8533430099487305, 0.8532175421714783, 0.06439147889614105, 0.43034785985946655, -0.8541287183761597, -0.20469051599502563, -0.36271488666534424], [0.3291447162628174, -0.868638813495636, 0.8076992630958557, 0.6626307368278503, -0.3869250416755676, -0.19057108461856842, -0.06961589306592941, -0.8677186369895935], [-0.6564053893089294, 0.3224353790283203, 0.1348048895597458, -0.934124767780304, 0.10432091355323792, -0.526178240776062, -0.33369362354278564, -0.2313806116580963], [0.9798596501350403, -0.6109728813171387, 0.48366037011146545, 0.14992521703243256, 0.5021101832389832, 0.9689422249794006, 0.18729400634765625, 0.11743421852588654], [1.6719350814819336, -1.4880430698394775, 1.309964656829834, 0.07506845891475677, 0.46460095047950745, -1.6967343091964722, -0.21458685398101807, -0.5665927529335022], [0.7754061818122864, -1.346423625946045, 1.6850227117538452, 1.0040791034698486, -0.7960020899772644, -0.19385753571987152, -0.07092709839344025, -2.027981758117676], [-1.475698471069336, 0.3405311405658722, 0.14747405052185059, -2.8448102474212646, 0.10929099470376968, -0.5984125733375549, -0.36288872361183167, -0.24499846994876862], [3.2372288703918457, -0.728615939617157, 0.7765026688575745, 0.3342753052711487, 0.6262431144714355, 4.005853652954102, 0.19712312519550323, 0.866951584815979]]}