{"step": 72, "width": 8, "height": 8, "values": [[0.28531673550605774, -0.9752760529518127, 0.9417038559913635, 0.08103688806295395, 0.7728764414787292, 0.11015534400939941, -0.7671167254447937, -0.24880516529083252], [0.285429984331131, -0.9728835225105286, 0.7255915999412537, 0.7287067770957947, -0.5320602655410767, -0.41012340784072876, -0.16055403649806976, 0.45552486181259155], [-0.18903416395187378, 0.03621871769428253, -0.06521940976381302, -0.9000765681266785, -0.048776932060718536, 0.21135097742080688, -0.30649179220199585, -0.25136566162109375], [0.9714297652244568, -0.7973934412002563, 0.3353472054004669, 0.24704600870609283, 0.7464609146118164, 0.5577029585838318, 0.4142729938030243, 0.1610819548368454], [8.561118125915527, -6.2052903175354, 2.1055257320404053, 0.08454594016075134, 1.0576024055480957, 0.11908048391342163, -1.0205116271972656, -0.37802156805992126], [0.9909789562225342, -2.2889480590820312, 1.6049119234085083, 1.4575152397155762, -1.076501488685608, -0.4401398301124573, -0.16237354278564453, 0.5373697280883789], [-0.6938725709915161, 0.054859764873981476, -0.07278063893318176, -1.6109185218811035, -0.04944373667240143, 0.22539322078227997, -0.7159664034843445, -0.2691727876663208], [2.928593158721924, -1.1306456327438354, 0.6666141152381897, 0.32900747656822205, 1.1412280797958374, 0.642232358455658, 0.4722481966018677, 0.3790554702281952]]}