{"step": 127, "width": 8, "height": 8, "values": [[0.3467588424682617, -0.9799725413322449, 0.9024636149406433, -0.02399800531566143, 0.2901008427143097, 0.7246599197387695, -0.3344269096851349, -0.13499368727207184], [0.11332911998033524, -0.9561808705329895, 0.7281093001365662, 0.5814160704612732, -0.782936692237854, -0.35827288031578064, -0.01233028993010521, 0.8457598090171814], [0.23890085518360138, -0.04509160667657852, -0.012411534786224365, -0.9251382350921631, -0.03380787745118141, 0.044080525636672974, -0.392459899187088, 0.18622887134552002], [0.9445130825042725, -0.983313262462616, 0.11546143144369125, -0.11076624691486359, 0.764213502407074, 0.8186140656471252, 0.5541994571685791, -0.011491136625409126], [24.857101440429688, -18.904727935791016, 1.7857303619384766, -0.02562859281897545, 0.307079553604126, 1.1169508695602417, -0.34909945726394653, -0.2628467381000519], [1.0230193138122559, -1.9935373067855835, 1.2120808362960815, 1.0902694463729858, -1.1788488626480103, -0.3788105845451355, -0.014200461097061634, 1.3575141429901123], [0.5438202619552612, -0.05004322528839111, -0.012474303133785725, -4.238958835601807, -0.09512398391962051, 0.04658875614404678, -0.46092718839645386, 0.20996031165122986], [3.6191861629486084, -2.4388837814331055, 0.13645963370800018, -0.12699013948440552, 1.3348819017410278, 1.8113847970962524, 0.6655816435813904, -0.01561956200748682]]}