{"step": 74, "width": 8, "height": 8, "values": [[0.2847490608692169, -0.9711204171180725, 0.9005862474441528, 0.05304396152496338, 0.7788527011871338, 0.22597244381904602, -0.7687991261482239, -0.13151970505714417], [0.13278762996196747, -0.9770589470863342, 0.8008793592453003, 0.7994657158851624, -0.6643227934837341, -0.4122525155544281, -0.10022702068090439, 0.5227068662643433], [-0.3779686689376831, 0.026697993278503418, 0.3653668761253357, -0.8763183355331421, 0.19372788071632385, 0.4049968421459198, 0.05899243429303169, 0.013617755845189095], [0.9713084101676941, -0.8217728734016418, 0.2788327932357788, 0.15279947221279144, 0.7226740717887878, 0.8054757714271545, 0.4159424304962158, 0.011190172284841537], [9.709089279174805, -6.55717658996582, 1.5655333995819092, 0.06059996038675308, 1.0555496215820312, 0.26321983337402344, -1.0361384153366089, -0.19907793402671814], [1.2796449661254883, -2.327288866043091, 1.5944939851760864, 1.6058290004730225, -1.3924676179885864, -0.4407852292060852, -0.10338394343852997, 0.6195910573005676], [-0.5994403958320618, 0.02682657539844513, 0.4027596116065979, -2.0604419708251953, 0.2764991521835327, 0.45158398151397705, 0.06254295259714127, 0.014242238365113735], [3.023548126220703, -1.1815487146377563, 0.3820260465145111, 0.18350183963775635, 1.0936959981918335, 1.165858507156372, 0.4811161458492279, 0.030693013221025467]]}