{"step": 64, "width": 8, "height": 8, "values": [[0.4168720841407776, -0.9748382568359375, 0.947539210319519, -0.20301391184329987, 0.7303730845451355, -0.2309636026620865, -0.4922046959400177, -0.20670054852962494], [0.41981709003448486, -0.8950976729393005, 0.7449448108673096, 0.7953538298606873, -0.62496018409729, -0.29807230830192566, -0.054978322237730026, -0.5515221357345581], [-0.6650267243385315, 0.12292841076850891, 0.36452654004096985, -0.9331926107406616, 0.22796393930912018, -0.8176642060279846, 0.5101112723350525, -0.04400702193379402], [0.9773138165473938, -0.7251866459846497, 0.4227328896522522, 0.44214895367622375, 0.5836449265480042, 0.5073034763336182, 0.34078773856163025, 0.09055929630994797], [5.873022556304932, -4.3147196769714355, 1.8563681840896606, -0.24821707606315613, 0.9439321160316467, -0.26204270124435425, -0.5435662269592285, -0.32187870144844055], [1.3362094163894653, -1.4783934354782104, 1.6465706825256348, 1.6443895101547241, -1.2052711248397827, -0.3089304566383362, -0.05589646100997925, -0.6910824179649353], [-1.1789628267288208, 0.12513141334056854, 0.3972094655036926, -2.2572789192199707, 0.3009290397167206, -1.34170401096344, 0.6414719223976135, -0.04471016675233841], [2.8222007751464844, -0.9531800746917725, 0.5689074397087097, 0.6923220753669739, 0.7468118667602539, 0.5779354572296143, 0.37720054388046265, 0.631791353225708]]}