{"step": 70, "width": 8, "height": 8, "values": [[0.3373609185218811, -0.9489749670028687, 0.9458381533622742, -0.04151034355163574, 0.8247819542884827, -0.03610481321811676, -0.6416779160499573, -0.07432786375284195], [0.18811410665512085, -0.9680914878845215, 0.7333731055259705, 0.75027996301651, -0.7981473803520203, -0.40422362089157104, 0.30915313959121704, 0.39625293016433716], [-0.24994254112243652, 0.07966441661119461, 0.022859761491417885, -0.8782031536102295, 0.11690522730350494, -0.5918040871620178, 0.30810487270355225, -0.1691693514585495], [0.952147364616394, -0.7845597863197327, 0.3602127134799957, 0.29254332184791565, 0.7649531364440918, 0.7687228322029114, 0.40021198987960815, 0.04540586844086647], [7.545591354370117, -5.517147541046143, 1.8945016860961914, -0.04647664353251457, 1.188175916671753, -0.04036087170243263, -0.9042872190475464, -0.1940281242132187], [0.9884648323059082, -2.2568886280059814, 1.6169307231903076, 1.4940205812454224, -1.6027277708053589, -0.43237966299057007, 0.33953040838241577, 0.4427259564399719], [-0.5376801490783691, 0.0813673734664917, 0.02334931120276451, -1.478240966796875, 0.16941064596176147, -0.7149772047996521, 0.3738742768764496, -0.19872404634952545], [2.874443769454956, -1.0907949209213257, 0.41075950860977173, 0.4206012487411499, 1.096739411354065, 1.1984666585922241, 0.45008984208106995, 0.45723211765289307]]}