{"step": 24, "width": 8, "height": 8, "values": [[-0.9114915132522583, 0.6892663836479187, 0.8070135712623596, 0.36466920375823975, -0.941900908946991, -0.749122142791748, -0.04442077502608299, -0.16743890941143036], [0.40831458568573, -0.6093384027481079, 0.5264700651168823, 0.5216500163078308, -0.8118380904197693, -0.1043420284986496, 0.4817436933517456, 0.4374919831752777], [0.20832209289073944, 0.14735820889472961, -0.34835243225097656, -0.987265944480896, 0.24166926741600037, 0.5390259623527527, -0.5340107083320618, 0.2523076832294464], [0.9656839370727539, -0.32335302233695984, 0.14147114753723145, 0.32388970255851746, 0.6813387274742126, 0.9197562336921692, 0.04513059929013252, 0.07029327750205994], [-3.8818929195404053, 0.8704921007156372, 1.3710978031158447, 0.40907400846481323, -2.3283071517944336, -1.0907301902770996, -0.04448020085692406, -0.3084343373775482], [1.138965129852295, -0.7537359595298767, 1.2865463495254517, 1.0416722297668457, -1.2721359729766846, -0.10538040846586227, 0.6235374212265015, 0.5021616220474243], [0.862605094909668, 0.25819912552833557, -0.3636701703071594, -4.464372158050537, 0.3388051986694336, 1.040445327758789, -0.8017011880874634, 0.27641579508781433], [3.4536993503570557, -0.3360759913921356, 0.16552995145320892, 0.41177132725715637, 1.1238925457000732, 5.287586212158203, 0.04835595190525055, 0.08839956670999527]]}