{"step": 6, "width": 8, "height": 8, "values": [[0.24278901517391205, 0.38966330885887146, -0.6636940240859985, -0.10432548820972443, 0.21279968321323395, 0.05453318729996681, -0.1470746546983719, -0.040880538523197174], [0.4439490735530853, 0.3493417203426361, 0.02150909975171089, -0.12342260777950287, -0.34356454014778137, -0.015421060845255852, 0.08831190317869186, -0.51275235414505], [0.48052850365638733, -0.16498777270317078, -0.05367415025830269, -0.446972131729126, -0.20406655967235565, -0.27397048473358154, 0.42899689078330994, 0.5594625473022461], [0.08551936596632004, -0.017471177503466606, 0.278230756521225, 0.09264097362756729, 0.4105049669742584, 0.27208319306373596, -0.01541192177683115, 0.07903880625963211], [0.2733830511569977, 0.44484058022499084, -0.996303379535675, -0.11495624482631683, 0.22070103883743286, 0.06598544120788574, -0.1892472803592682, -0.08388995379209518], [0.501864492893219, 0.37525829672813416, 0.028032584115862846, -0.18961238861083984, -0.45620179176330566, -0.015473098494112492, 0.0894911140203476, -0.7109274864196777], [0.5677563548088074, -0.17193086445331573, -0.05385236814618111, -0.5452786684036255, -0.25148800015449524, -0.2957013249397278, 0.46599453687667847, 0.7258445620536804], [0.08686193823814392, -0.017609307542443275, 0.3417189121246338, 0.1015934869647026, 0.5387784242630005, 0.431497722864151, -0.016921760514378548, 0.12125495076179504]]}