{"step": 192, "width": 8, "height": 8, "values": [[0.6059951186180115, -0.9576156735420227, 0.3584401309490204, 0.01381431519985199, -0.9256097674369812, -0.9575002193450928, -0.18529553711414337, -0.17627687752246857], [-0.02672070451080799, -0.9341161847114563, 0.422877699136734, 0.9266234636306763, -0.19986101984977722, -0.4014349579811096, -0.25826695561408997, 0.9041953682899475], [-0.9514939785003662, 0.26533403992652893, 0.0062528750859200954, 0.827151894569397, 0.497507244348526, -0.3254086375236511, 0.07777134329080582, -0.6911515593528748], [0.17324762046337128, -0.9457275867462158, 0.7923547029495239, -0.00399248069152236, 0.5657410621643066, -0.9896364212036133, 0.7830619215965271, 0.28704217076301575], [8.756538391113281, -22.09464454650879, 0.4040617048740387, 0.04317071661353111, -1.6451408863067627, -7.523471832275391, -0.2699683606624603, -0.24586385488510132], [-0.033676985651254654, -1.917648196220398, 0.9507243633270264, 3.2782235145568848, -0.4905094802379608, -0.42916154861450195, -0.29590263962745667, 1.8284411430358887], [-2.1979129314422607, 0.27649009227752686, 0.013516800478100777, 1.8014781475067139, 0.5846632719039917, -1.333781123161316, 0.09723647683858871, -0.8937392830848694], [0.18754838407039642, -4.464872360229492, 1.346261739730835, -0.0787690281867981, 0.7285222411155701, -2.748581886291504, 1.0737504959106445, 0.9800015091896057]]}