{"step": 232, "width": 8, "height": 8, "values": [[0.7911378741264343, -0.9934146404266357, -0.2369173914194107, 0.024183690547943115, -0.9570986032485962, -0.9673351049423218, -0.243165984749794, -0.2615995705127716], [0.4990842938423157, -0.46649646759033203, 0.22580106556415558, 0.7758097052574158, -0.5005676746368408, -0.7002262473106384, 0.284809410572052, 0.01994478516280651], [-0.9946544170379639, 0.04523447901010513, -0.6549999713897705, 0.461001992225647, -0.013265736401081085, -0.04571152850985527, 0.03200013190507889, 0.31445741653442383], [-0.08195769786834717, -0.9307854175567627, 0.6468521356582642, -0.03385354205965996, 0.4363558888435364, -0.9826400876045227, 0.9269896149635315, 0.2581268846988678], [7.431044101715088, -14.17426872253418, -0.34798508882522583, 0.034076787531375885, -1.982532024383545, -25.441862106323242, -0.26160722970962524, -0.552096426486969], [0.5856966972351074, -0.5066777467727661, 0.808696448802948, 6.305876731872559, -0.6595488786697388, -0.8711332678794861, 0.2936004400253296, 0.021292872726917267], [-4.520808696746826, 0.3291274905204773, -1.2922496795654297, 0.6063076853752136, -0.056485410779714584, -1.0648193359375, 0.04661418870091438, 0.33117684721946716], [-0.08330845087766647, -6.707635879516602, 0.8965264558792114, -0.27923470735549927, 0.5551296472549438, -4.545564651489258, 1.7034343481063843, 1.1018110513687134]]}