{"step": 208, "width": 8, "height": 8, "values": [[0.6027803421020508, -0.9646535515785217, 0.34203052520751953, 0.01148510817438364, -0.9801468849182129, -0.9578431248664856, -0.2080823928117752, -0.16426415741443634], [-0.05916106700897217, -0.9119083285331726, 0.40656396746635437, 0.921642005443573, -0.2142423838376999, -0.5615551471710205, -0.2423865646123886, 0.8855698108673096], [-0.9555748701095581, 0.2868153750896454, 0.02911294251680374, 0.8176504969596863, 0.5846394896507263, -0.2599296271800995, 0.06695626676082611, -0.6613065004348755], [-0.026988591998815536, -0.9457530379295349, 0.8142123818397522, -0.007889129221439362, 0.5631358027458191, -0.9943775534629822, 0.858146607875824, 0.25689488649368286], [4.397490501403809, -19.793760299682617, 0.3889504373073578, 0.03509761020541191, -2.386305093765259, -12.51024055480957, -0.3019774556159973, -0.2285759001970291], [-0.07333511859178543, -1.719929575920105, 0.9076457023620605, 2.3940868377685547, -0.5274691581726074, -0.6411142349243164, -0.28133106231689453, 1.6339486837387085], [-2.3029286861419678, 0.30081063508987427, 0.07024826854467392, 2.1774544715881348, 0.7368440628051758, -1.2440693378448486, 0.08242390304803848, -0.8382005095481873], [-0.028735896572470665, -5.241514205932617, 1.4284932613372803, -0.15018883347511292, 0.722052812576294, -3.169970989227295, 1.317518949508667, 0.9375821352005005]]}