{"step": 124, "width": 8, "height": 8, "values": [[0.3624350130558014, -0.9787207841873169, 0.8328259587287903, -0.012852847576141357, 0.36711031198501587, 0.7493810057640076, -0.28794968128204346, -0.13591566681861877], [0.21840524673461914, -0.8412045836448669, 0.718635082244873, 0.6361010074615479, -0.3996284306049347, -0.36497771739959717, 0.09820757061243057, 0.7896851301193237], [0.04485849663615227, 0.08433748036623001, -0.08509581536054611, -0.9723682403564453, -0.16620893776416779, 0.5152937173843384, -0.3614508807659149, 0.18260858952999115], [0.9459221363067627, -0.978147566318512, 0.1648874133825302, -0.09179047495126724, 0.9327184557914734, 0.704214870929718, 0.5538479089736938, 0.03093036636710167], [23.950040817260742, -18.405879974365234, 1.555808663368225, -0.013042313046753407, 0.39534077048301697, 1.0727349519729614, -0.2979715168476105, -0.2983029782772064], [1.208974003791809, -2.1202564239501953, 1.2298455238342285, 1.6292967796325684, -0.4828810393810272, -0.38586750626564026, 0.37239059805870056, 1.1591248512268066], [0.3897251486778259, 0.16943848133087158, -0.08544663339853287, -4.891744136810303, -0.2553866505622864, 0.5989213585853577, -0.4452250599861145, 0.23080448806285858], [3.5912067890167236, -2.328982353210449, 0.21951676905155182, -0.09865529090166092, 1.9010711908340454, 1.7204228639602661, 0.6591024994850159, 0.040133412927389145]]}