{"step": 166, "width": 8, "height": 8, "values": [[0.39035162329673767, -0.9950501322746277, 0.5285581946372986, 0.12133542448282242, -0.31709688901901245, -0.13102759420871735, -0.26057717204093933, -0.13074751198291779], [0.22847115993499756, -0.8564136624336243, 0.5494279861450195, 0.6807746887207031, -0.6495761275291443, -0.3001854419708252, 0.3340270221233368, 0.877426028251648], [0.03895691782236099, 0.04917380213737488, -0.35981839895248413, -0.971922755241394, 0.12126553058624268, 0.39968958497047424, -0.2321770042181015, 0.3014569580554962], [0.9204923510551453, -0.9933949708938599, 0.2562844157218933, -0.17770510911941528, 0.7087077498435974, 0.4691046476364136, 0.6508955359458923, 0.005047766491770744], [29.400068283081055, -22.600257873535156, 0.8169059157371521, 0.1368749588727951, -0.34029993414878845, -0.13897420465946198, -0.26724499464035034, -0.25902917981147766], [1.082821249961853, -2.3999433517456055, 1.0017579793930054, 2.0445363521575928, -0.8301774859428406, -0.31216830015182495, 0.42610153555870056, 1.553588628768921], [0.11945000290870667, 0.18738387525081635, -0.3811267018318176, -3.2822213172912598, 0.3183501660823822, 0.5716865658760071, -0.32481154799461365, 0.3239392340183258], [2.3947432041168213, -3.310229778289795, 0.31315845251083374, -0.20831450819969177, 1.0761985778808594, 0.5590604543685913, 0.8083411455154419, 0.005728537682443857]]}