{"step": 176, "width": 8, "height": 8, "values": [[0.4062870144844055, -0.990199089050293, 0.7922319769859314, 0.171590656042099, -0.551296591758728, -0.9402750134468079, -0.23376977443695068, -0.15482598543167114], [0.1765679568052292, -0.9500860571861267, 0.4987860918045044, 0.8148592114448547, -0.7047194242477417, -0.2832052409648895, 0.3683271110057831, 0.9129754900932312], [-0.4286514222621918, 0.04416605085134506, -0.460940957069397, -0.9308083057403564, -0.038278382271528244, -0.014512686058878899, -0.4626711308956146, 0.027367645874619484], [0.9356592297554016, -0.9777315258979797, 0.3922347128391266, -0.08400486409664154, 0.8190138339996338, 0.53246009349823, 0.6911542415618896, 0.0538502112030983], [28.085987091064453, -23.763277053833008, 1.1706314086914062, 0.19282908737659454, -0.6279927492141724, -2.31906795501709, -0.23947836458683014, -0.33049842715263367], [0.4377167820930481, -1.8364063501358032, 0.9667506814002991, 2.4450550079345703, -1.0956436395645142, -0.29290297627449036, 0.38765206933021545, 1.8063299655914307], [-0.6169905662536621, 0.11348457634449005, -0.6462128758430481, -3.468066930770874, -0.0666196271777153, -0.01797504909336567, -0.9543707370758057, 0.028250841423869133], [2.0452253818511963, -3.661612033843994, 0.5046457052230835, -0.17948168516159058, 1.3900394439697266, 0.6127443313598633, 0.8764994144439697, 0.42139023542404175]]}