{"step": 231, "width": 8, "height": 8, "values": [[0.7753329873085022, -0.9934648871421814, -0.4041719436645508, 0.026754213497042656, -0.9613038301467896, -0.9694068431854248, -0.25548145174980164, -0.24549755454063416], [0.4459534287452698, -0.2290685772895813, 0.23708103597164154, 0.8326258659362793, -0.5056362152099609, -0.6952518820762634, -0.1016269251704216, 0.05502159148454666], [-0.9818447828292847, 0.14841225743293762, -0.6656599640846252, 0.3211796283721924, 0.15134963393211365, -0.13063006103038788, -0.014178615994751453, 0.39512836933135986], [-0.053893547505140305, -0.9590141177177429, 0.6171809434890747, -0.0028101839125156403, 0.37531378865242004, -0.9424616098403931, 0.9246975183486938, 0.5452175140380859], [7.837269306182861, -14.35397720336914, -0.7701613903045654, 0.04348886385560036, -2.2199785709381104, -25.14968490600586, -0.2691000699996948, -0.5355795621871948], [0.5380723476409912, -0.24406269192695618, 0.8124405741691589, 6.3713531494140625, -0.638174295425415, -0.8631956577301025, -0.10860922932624817, 0.05900127813220024], [-4.287137508392334, 0.3904445767402649, -0.8275072574615479, 0.3734931945800781, 0.30023887753486633, -1.1647509336471558, -0.015852835029363632, 0.4369071125984192], [-0.05582674592733383, -6.692770957946777, 0.7766085267066956, -0.02160518430173397, 0.5334158539772034, -4.315886497497559, 1.686835765838623, 1.4209558963775635]]}