{"step": 126, "width": 8, "height": 8, "values": [[0.3187929689884186, -0.9754744172096252, 0.8846456408500671, -0.027896003797650337, 0.3252584636211395, 0.7247381210327148, -0.3300584852695465, -0.12767264246940613], [0.195443257689476, -0.9712064862251282, 0.720864474773407, 0.5337532162666321, -0.7612460255622864, -0.36181047558784485, 0.39255741238594055, 0.8217681646347046], [0.13336138427257538, -0.009486579336225986, -0.5280165672302246, -0.9404505491256714, -0.02639307826757431, 0.574830949306488, -0.41854292154312134, 0.16090764105319977], [0.9553667902946472, -0.9826560616493225, 0.16336636245250702, -0.08607751876115799, 0.7676639556884766, 0.7914358973503113, 0.5545621514320374, 0.09053507447242737], [24.274755477905273, -18.66497802734375, 1.8850138187408447, -0.028295619413256645, 0.3413337171077728, 1.0771422386169434, -0.3438173830509186, -0.27872368693351746], [0.9933574795722961, -2.1312456130981445, 1.2246856689453125, 1.0534324645996094, -1.0412970781326294, -0.3816254734992981, 0.4394528865814209, 1.2476609945297241], [0.36678117513656616, -0.01865636743605137, -0.5982236266136169, -4.187930583953857, -0.1752491593360901, 0.7565597891807556, -0.8332008719444275, 0.17327295243740082], [3.5436899662017822, -2.400792121887207, 0.20060284435749054, -0.0902610570192337, 1.3357548713684082, 1.5363757610321045, 0.6635417938232422, 0.12826749682426453]]}