{"step": 122, "width": 8, "height": 8, "values": [[0.25250184535980225, -0.9603384137153625, 0.922527551651001, -0.03903193771839142, 0.40199610590934753, 0.6363101005554199, -0.32485315203666687, -0.20036183297634125], [0.17680928111076355, -0.9588678479194641, 0.7323830127716064, 0.6827532052993774, -0.7072250843048096, -0.3652089238166809, -0.11001025885343552, 0.8374219536781311], [0.13605746626853943, 0.10303421318531036, -0.3499990999698639, -0.942259669303894, 0.31284770369529724, -0.3165443241596222, -0.6083527207374573, 0.18321233987808228], [0.9512272477149963, -0.976719319820404, 0.15167628228664398, -0.04300219565629959, 0.774742841720581, 0.745924711227417, 0.5448789596557617, 0.02210938185453415], [23.70311164855957, -17.950347900390625, 2.072749376296997, -0.04302031174302101, 0.43470269441604614, 0.9333884716033936, -0.3385854959487915, -0.38922056555747986], [0.8715245723724365, -1.96744704246521, 1.2587836980819702, 1.30901300907135, -1.0824317932128906, -0.38946282863616943, -0.11914924532175064, 1.3613959550857544], [0.3248288631439209, 0.12040991336107254, -0.3670775592327118, -4.317529201507568, 0.3956371545791626, -0.342117041349411, -0.7424476742744446, 0.21479788422584534], [3.6603000164031982, -2.2993974685668945, 0.18039143085479736, -0.052863556891679764, 1.4738250970840454, 1.4670671224594116, 0.6465375423431396, 0.05599100515246391]]}