{"step": 12, "width": 8, "height": 8, "values": [[-0.7779130339622498, 0.5528905987739563, -0.7878085970878601, -0.5675745606422424, -0.749219536781311, -0.30412283539772034, 0.2951796352863312, -0.08417799323797226], [0.8737344741821289, -0.16131004691123962, 0.18394385278224945, 0.15081748366355896, -0.3075307011604309, -0.06340526789426804, 0.1030830591917038, 0.6244978308677673], [0.49307388067245483, 0.12187667191028595, -0.6458157300949097, -0.9400490522384644, 0.32729995250701904, -0.13423262536525726, 0.08612820506095886, 0.13310182094573975], [0.832076370716095, -0.06406683474779129, 0.32320436835289, 0.6842398643493652, 0.5702521800994873, 0.6244129538536072, -0.004038387909531593, 0.944689929485321], [-1.2405661344528198, 0.630516529083252, -1.1690964698791504, -0.7197038531303406, -1.098091959953308, -0.3639974296092987, 0.3050859570503235, -0.15785890817642212], [1.403604507446289, -0.5385851860046387, 0.3352242708206177, 0.5926591753959656, -0.33845406770706177, -0.06422397494316101, 0.12028201669454575, 0.8206806182861328], [0.744509756565094, 0.5642220973968506, -0.7701760530471802, -1.811406135559082, 0.36535894870758057, -0.14101292192935944, 0.12093312293291092, 0.13598842918872833], [1.2698580026626587, -0.06468246877193451, 0.3788277208805084, 0.9205341339111328, 0.8486819863319397, 0.8473770618438721, -0.005150799173861742, 1.846604585647583]]}