{"step": 41, "width": 8, "height": 8, "values": [[-0.7517260909080505, -0.16261063516139984, -0.22035986185073853, 0.18061970174312592, -0.05837748944759369, -0.9392199516296387, -0.36594510078430176, -0.23792846500873566], [0.33840954303741455, -0.4829317033290863, 0.6097181439399719, 0.43043193221092224, -0.7063764929771423, -0.15831154584884644, -0.32092973589897156, -0.9110320210456848], [-0.7640246748924255, 0.10662730783224106, -0.4869748651981354, -0.9745473265647888, 0.41785722970962524, -0.4849701225757599, -0.3246816098690033, 0.5172185897827148], [0.9824059009552002, -0.5921068787574768, 0.2677590548992157, 0.248201385140419, 0.47762155532836914, 0.8159403204917908, 0.12907914817333221, 0.21766307950019836], [-1.15103018283844, -0.16842201352119446, -0.25231418013572693, 0.19823521375656128, -0.059473857283592224, -2.8157572746276855, -0.38561028242111206, -0.5103479027748108], [0.5532947182655334, -0.5425106883049011, 1.6553645133972168, 0.9926868081092834, -1.0166699886322021, -0.1605844646692276, -0.3468340337276459, -2.7357892990112305], [-1.8837084770202637, 0.23033088445663452, -0.5348997712135315, -3.823489189147949, 0.4930582344532013, -0.5866919755935669, -0.3463459610939026, 0.6129010915756226], [3.39847731590271, -0.6873419880867004, 0.31857404112815857, 0.3153010904788971, 0.785654604434967, 6.929010391235352, 0.13879023492336273, 0.5117650628089905]]}