{"step": 100, "width": 8, "height": 8, "values": [[0.33409684896469116, -0.9633585214614868, 0.7594930529594421, -0.4045017957687378, 0.6585140228271484, 0.3438287377357483, -0.6394048929214478, -0.10068575292825699], [-0.06748151779174805, -0.6021031737327576, 0.8077879548072815, 0.5606265664100647, -0.5638477206230164, -0.40715643763542175, 0.36360204219818115, 0.7484732270240784], [0.04945891350507736, -0.008051076903939247, -0.30838894844055176, -0.6854455471038818, -0.002754874061793089, 0.7263193130493164, -0.5761110782623291, 0.08946213871240616], [0.9627889394760132, -0.9344601631164551, 0.26022908091545105, -0.1743493378162384, 0.6336421966552734, 0.6573649644851685, 0.5018948912620544, -0.1610589325428009], [15.713031768798828, -12.425382614135742, 1.1950016021728516, -0.4428144693374634, 0.7984564900398254, 0.4056479334831238, -0.9470621347427368, -0.18979747593402863], [-0.29519063234329224, -0.6968154311180115, 1.4280890226364136, 1.1132197380065918, -0.713794469833374, -0.4354502558708191, 0.3868529796600342, 1.0462454557418823], [0.08696095645427704, -0.009437855333089828, -0.33164894580841064, -1.0057260990142822, -0.013969451189041138, 1.0416862964630127, -0.7825486660003662, 0.10122684389352798], [3.332042694091797, -1.7066290378570557, 0.35167795419692993, -0.18326875567436218, 0.8274570107460022, 1.0024446249008179, 0.5774843096733093, -0.4258163571357727]]}