{"step": 181, "width": 8, "height": 8, "values": [[0.4803115725517273, -0.9786141514778137, 0.7408956289291382, 0.06126612797379494, -0.653290331363678, -0.9490357637405396, -0.18625523149967194, -0.1780228614807129], [0.20149055123329163, -0.9490296244621277, 0.49896806478500366, 0.9058740735054016, -0.27346616983413696, -0.2914080023765564, -0.1969306766986847, 0.9048844575881958], [-0.8316227197647095, 0.19516009092330933, -0.07742831856012344, -0.913431704044342, 0.16909736394882202, -0.5828951001167297, -0.36447572708129883, -0.49788835644721985], [0.8451253175735474, -0.9703714847564697, 0.6486502289772034, 0.0013291272334754467, 0.6491442918777466, -0.45793455839157104, 0.7104679942131042, 0.1536208540201187], [24.342266082763672, -23.55013084411621, 0.9910604357719421, 0.11031404137611389, -0.7888756394386292, -3.6982550621032715, -0.19314825534820557, -0.24128027260303497], [0.45112064480781555, -1.9004002809524536, 0.9630388021469116, 3.084700107574463, -0.620654284954071, -0.3028252124786377, -0.20381559431552887, 1.9189683198928833], [-1.57735276222229, 0.20076310634613037, -0.08911921828985214, -2.116821765899658, 0.184162899851799, -0.7797961235046387, -0.40416744351387024, -0.5610129237174988], [1.470463514328003, -3.886326313018799, 1.0503618717193604, 0.011805129237473011, 0.9183118343353271, -0.4978642463684082, 0.9142537713050842, 0.7996752858161926]]}