{"step": 237, "width": 8, "height": 8, "values": [[0.8791366219520569, -0.9967082738876343, -0.27576684951782227, 0.0334831066429615, -0.9038966298103333, -0.9873791337013245, -0.1632966846227646, -0.1920623481273651], [0.8148739337921143, -0.04817226156592369, 0.17689979076385498, 0.6685460805892944, -0.22723881900310516, -0.7201440930366516, 0.11359456926584244, -0.5782785415649414], [-0.9526683688163757, 0.025947120040655136, -0.4332866966724396, 0.04127682372927666, -0.06602104753255844, -0.03436756879091263, 0.3083859086036682, 0.5143870711326599], [-0.11939821392297745, -0.9706693887710571, 0.609866738319397, -0.1187499389052391, 0.5513039231300354, -0.9212202429771423, 0.9385721683502197, 0.5053391456604004], [6.788027286529541, -12.873988151550293, -0.7966199517250061, 0.03677092120051384, -1.5810579061508179, -27.83940887451172, -0.17407545447349548, -0.5570576786994934], [1.3414379358291626, -0.11369185894727707, 0.7864778637886047, 6.061525344848633, -0.2598279118537903, -0.9107804298400879, 0.4398967921733856, -0.722560703754425], [-4.844978332519531, 0.4088137149810791, -0.46675440669059753, 0.044847846031188965, -0.30944910645484924, -1.0552901029586792, 0.5215377807617188, 0.605707585811615], [-0.12254354357719421, -6.867278099060059, 0.8160116076469421, -0.2559448778629303, 0.6702017784118652, -4.413722038269043, 1.7945387363433838, 0.6654070019721985]]}