{"step": 20, "width": 8, "height": 8, "values": [[-0.9428682923316956, 0.5638680458068848, 0.6908107995986938, 0.3284215033054352, -0.9682992100715637, -0.5902105569839478, -0.20215614140033722, -0.2143949568271637], [0.6059140563011169, -0.6168110966682434, 0.5938196778297424, 0.44011953473091125, -0.419779509305954, -0.10035794973373413, -0.3478027582168579, 0.6047410368919373], [0.4950564503669739, -0.13246801495552063, -0.5275900363922119, -0.9669492840766907, -0.11922512948513031, 0.9776181578636169, -0.6173103451728821, -0.4228256642818451], [0.97320955991745, -0.20007070899009705, 0.364196240901947, 0.3572905659675598, 0.4900473356246948, 0.9853969216346741, 0.02873801626265049, 0.13401247560977936], [-3.4500269889831543, 0.682308554649353, 0.9071053266525269, 0.3501824736595154, -2.255918502807617, -0.7736543416976929, -0.20669156312942505, -0.29353591799736023], [0.9360222816467285, -0.7260569334030151, 1.1949275732040405, 0.6556800007820129, -0.6279164552688599, -0.10121148079633713, -0.36420318484306335, 0.7706498503684998], [0.6788141131401062, -0.13815605640411377, -0.6279321908950806, -3.245624542236328, -0.12080211937427521, 2.8250720500946045, -0.9973949193954468, -0.46123820543289185], [3.2879912853240967, -0.20379817485809326, 0.6302894949913025, 0.5152705311775208, 0.8872240781784058, 4.00063943862915, 0.032104577869176865, 0.1568862497806549]]}