{"step": 106, "width": 8, "height": 8, "values": [[0.32395970821380615, -0.9770195484161377, 0.9161742329597473, -0.3028947412967682, 0.6331935524940491, 0.4973849654197693, -0.7185887098312378, -0.12787052989006042], [0.054369572550058365, -0.8993791937828064, 0.7904181480407715, 0.7090712189674377, -0.9147427678108215, -0.4001099467277527, 0.27674731612205505, 0.8107016682624817], [0.08593027293682098, -0.03849141672253609, 0.18426959216594696, -0.8798815608024597, 0.037121158093214035, 0.14120104908943176, -0.38104555010795593, 0.32584306597709656], [0.9622465372085571, -0.9549840092658997, 0.08546113967895508, 0.04401881620287895, 0.6192196011543274, 0.6660751700401306, 0.5050899386405945, -0.14364516735076904], [17.933467864990234, -13.32628345489502, 2.32605242729187, -0.35726144909858704, 0.7659275531768799, 0.6396104693412781, -0.9116934537887573, -0.25420132279396057], [0.3567391633987427, -1.4801950454711914, 1.4031978845596313, 1.3599653244018555, -1.9065109491348267, -0.4280875027179718, 0.341528981924057, 1.2336888313293457], [0.20158922672271729, -0.04325373098254204, 0.18765150010585785, -1.7418550252914429, 0.12576788663864136, 0.1603350192308426, -0.42613741755485535, 0.3809589147567749], [3.4288814067840576, -1.91195809841156, 0.09927719086408615, 0.047751907259225845, 0.8608602285385132, 1.4537442922592163, 0.5868847966194153, -0.267607718706131]]}