{"step": 16, "width": 8, "height": 8, "values": [[-0.9324502348899841, 0.5306172370910645, -0.06860791146755219, -0.15588711202144623, -0.926489531993866, -0.4269169270992279, 0.18202544748783112, 0.017882777377963066], [0.6784316897392273, -0.20970693230628967, 0.5196236371994019, 0.23293927311897278, -0.4505957067012787, -0.08563683182001114, 0.01571798510849476, 0.7985588908195496], [0.6535017490386963, 0.01625549979507923, -0.23289072513580322, -0.9751927256584167, 0.17769332230091095, 0.6581909656524658, 0.4317076802253723, -0.5064067840576172], [0.9596731066703796, -0.15722401440143585, 0.2939879596233368, 0.5047165751457214, 0.6886598467826843, 0.9026071429252625, 0.01100117713212967, 0.7282009720802307], [-2.6548428535461426, 0.614173948764801, -0.06941186636686325, -0.16632016003131866, -1.7738314867019653, -0.5639817714691162, 0.20154058933258057, 0.03632998839020729], [0.9424997568130493, -0.2306373417377472, 0.8443509340286255, 0.537619948387146, -0.598406970500946, -0.08662686496973038, 0.0170331709086895, 1.2257256507873535], [1.0707091093063354, 0.016437549144029617, -0.23828475177288055, -2.5133872032165527, 0.19508425891399384, 0.7984402775764465, 0.5452231168746948, -0.590106725692749], [2.958855390548706, -0.15915687382221222, 0.3297494053840637, 0.7091925740242004, 1.1658936738967896, 3.5070579051971436, 0.012872920371592045, 1.1314163208007812]]}