{"step": 235, "width": 8, "height": 8, "values": [[0.8317701816558838, -0.9967633485794067, -0.3110736906528473, 0.019838403910398483, -0.9201483130455017, -0.977663516998291, -0.23859816789627075, -0.2356661856174469], [0.6533427834510803, -0.23473089933395386, 0.19804590940475464, 0.759444534778595, -0.696053147315979, -0.7155560851097107, -0.42674198746681213, -0.46351683139801025], [-0.9861375689506531, 0.008604881353676319, -0.6813633441925049, 0.43317463994026184, -0.04790612310171127, -0.028429528698325157, -0.013052023947238922, 0.2569766640663147], [-0.09111674875020981, -0.985531210899353, 0.5967181921005249, -0.06991534680128098, 0.3561897575855255, -0.9590610861778259, 0.9341721534729004, 0.5951223373413086], [7.115962505340576, -13.70716381072998, -0.4516894519329071, 0.022004934027791023, -1.7190319299697876, -26.966169357299805, -0.2484998106956482, -0.6695255637168884], [0.9080313444137573, -0.24129462242126465, 0.7913252711296082, 6.103843688964844, -0.9303948879241943, -0.9023203253746033, -0.4704737067222595, -0.5355526804924011], [-4.795372009277344, 0.10224205255508423, -0.8788012266159058, 0.6020616292953491, -0.43917563557624817, -1.005163550376892, -0.06689279526472092, 0.2731016278266907], [-0.09347400069236755, -6.8465704917907715, 0.75339674949646, -0.27689680457115173, 0.47713610529899597, -4.1964216232299805, 1.7502658367156982, 1.3006478548049927]]}