{"step": 225, "width": 8, "height": 8, "values": [[0.632718026638031, -0.9973320960998535, -0.33186057209968567, -0.01058503519743681, -0.9759026765823364, -0.9726427793502808, -0.2514668107032776, -0.26693224906921387], [0.5732868909835815, -0.5403741002082825, 0.15758419036865234, 0.8640031218528748, -0.26340368390083313, -0.6707058548927307, -0.6267820596694946, 0.4900156557559967], [-0.9181742668151855, -0.033695269376039505, -0.4863440692424774, 0.287021279335022, -0.05132931098341942, -0.048504605889320374, -0.13137143850326538, 0.4229013919830322], [0.015500897541642189, -0.9731097221374512, 0.6377351880073547, -0.01881507597863674, 0.29684457182884216, -0.9796051383018494, 0.9113706350326538, 0.830207884311676], [7.09343147277832, -15.803153038024902, -0.5643532872200012, -0.011197253130376339, -3.0372517108917236, -21.926029205322266, -0.258968710899353, -0.43722647428512573], [0.6726083755493164, -0.6549866199493408, 0.8526506423950195, 5.837676525115967, -0.3239516019821167, -0.8151743412017822, -0.7859509587287903, 0.5608525276184082], [-3.3924245834350586, -0.15099500119686127, -0.8428546190261841, 0.3159589171409607, -0.05708066001534462, -0.1445726454257965, -0.739366888999939, 0.45495426654815674], [0.016155198216438293, -6.38075065612793, 0.9994295835494995, -0.03248380497097969, 0.4806995093822479, -3.4851365089416504, 1.6119210720062256, 1.4130580425262451]]}