{"step": 202, "width": 8, "height": 8, "values": [[0.6029306054115295, -0.9632481336593628, 0.3419591784477234, 0.011727997101843357, -0.9721062779426575, -0.9576965570449829, -0.2000129520893097, -0.16861291229724884], [-0.05661841854453087, -0.9176936149597168, 0.4118107855319977, 0.9276968836784363, -0.21257351338863373, -0.5040031671524048, -0.24522951245307922, 0.8938832879066467], [-0.9540432691574097, 0.2834586799144745, 0.027588218450546265, 0.8218812942504883, 0.5746484398841858, -0.2712390422821045, 0.07005811482667923, -0.6681250929832458], [1.994716512854211e-05, -0.9463734030723572, 0.8085154891014099, -0.007455906830728054, 0.5663692355155945, -0.9941697716712952, 0.8332542181015015, 0.26427915692329407], [4.9597954750061035, -20.621864318847656, 0.38804709911346436, 0.03604326397180557, -2.18585467338562, -10.761189460754395, -0.2910701632499695, -0.23426754772663116], [-0.07031535357236862, -1.7671605348587036, 0.9245914816856384, 2.7460808753967285, -0.5227971076965332, -0.5596711039543152, -0.2845260202884674, 1.7057007551193237], [-2.259338617324829, 0.2969837784767151, 0.06523161381483078, 2.150830030441284, 0.716823935508728, -1.25531005859375, 0.08654049038887024, -0.850758969783783], [2.1265388568281196e-05, -4.951022148132324, 1.4071235656738281, -0.13916273415088654, 0.7280822992324829, -3.1445696353912354, 1.2252222299575806, 0.9464032053947449]]}