{"step": 81, "width": 8, "height": 8, "values": [[0.2795695960521698, -0.9585011601448059, 0.9426722526550293, 0.16289103031158447, 0.8054035305976868, 0.4815453290939331, -0.5462033748626709, -0.14308631420135498], [0.17827726900577545, -0.9548528790473938, 0.7646739482879639, 0.6834067106246948, -0.8455629944801331, -0.41384634375572205, 0.6115456819534302, 0.7200921773910522], [-0.034808412194252014, 0.08274291455745697, -0.11160991340875626, -0.9743353724479675, 0.040340278297662735, -0.2257847785949707, -0.08363766223192215, 0.39110809564590454], [0.9599628448486328, -0.8618257641792297, 0.1453472077846527, 0.005852700676769018, 0.8878901600837708, 0.6076720952987671, 0.4492419362068176, -0.04992558807134628], [12.645013809204102, -8.55960464477539, 2.2736587524414062, 0.18754194676876068, 1.1612415313720703, 0.5734657049179077, -0.614506185054779, -0.30556079745292664], [1.411370873451233, -1.9969961643218994, 1.5486501455307007, 1.4846677780151367, -1.5612722635269165, -0.443962961435318, 0.8169966340065002, 0.980884850025177], [-0.2149161696434021, 0.12132435292005539, -0.11219372600317001, -3.0182065963745117, 0.12454620003700256, -0.2717418074607849, -0.10150905698537827, 0.5557049512863159], [3.220268487930298, -1.3263466358184814, 0.1643267720937729, 0.006925701629370451, 1.6232595443725586, 1.0997459888458252, 0.5152640342712402, -0.1514740288257599]]}