{"step": 75, "width": 8, "height": 8, "values": [[0.2346535176038742, -0.9562947750091553, 0.9301084876060486, 0.050405509769916534, 0.7977031469345093, 0.2489910125732422, -0.7689271569252014, -0.10744902491569519], [0.0999949499964714, -0.9813559651374817, 0.8280007839202881, 0.783115565776825, -0.6226487755775452, -0.4112452268600464, -0.19507436454296112, 0.5725279450416565], [-0.3668825626373291, 0.0217646062374115, 0.4526722729206085, -0.8613040447235107, 0.2990470826625824, 0.14790770411491394, 0.11175697296857834, -0.14694726467132568], [0.9664706587791443, -0.8266772031784058, 0.32749128341674805, 0.09735483676195145, 0.7108131647109985, 0.788814902305603, 0.42051517963409424, 0.04393196105957031], [10.148377418518066, -6.771899700164795, 1.7325643301010132, 0.056972287595272064, 1.106579303741455, 0.2944062352180481, -1.0635017156600952, -0.17481933534145355], [1.167143702507019, -2.4559478759765625, 1.5890387296676636, 1.527305245399475, -1.4915165901184082, -0.4406272768974304, -0.20850470662117004, 0.7037635445594788], [-0.6874265670776367, 0.02184801548719406, 0.5339670181274414, -1.932833194732666, 0.3883706331253052, 0.15978102385997772, 0.12061921507120132, -0.16079293191432953], [3.0694315433502197, -1.195275902748108, 0.4217301905155182, 0.13618552684783936, 1.0450142621994019, 1.1130363941192627, 0.48383575677871704, 0.17197935283184052]]}