{"step": 1, "width": 8, "height": 8, "values": [[0.4612014889717102, 0.028928242623806, 0.11484017223119736, -0.2910363972187042, -0.05737411975860596, -0.01482059434056282, -0.07509185373783112, -0.011495579034090042], [-0.31988269090652466, 0.0792229175567627, 0.00949279684573412, -0.48639363050460815, -0.18790636956691742, -0.0075238109566271305, 0.22440510988235474, -0.2505221366882324], [0.15398675203323364, -0.10389825701713562, -0.35039353370666504, 0.028189029544591904, -0.017956485971808434, 0.4297177791595459, -0.51682049036026, 0.07223919779062271], [-0.005840793717652559, -0.005069016478955746, 0.3825716972351074, -0.15456336736679077, 0.20182271301746368, 0.09179995954036713, -0.00870491936802864, 0.08248437196016312], [0.5748404860496521, 0.030720263719558716, 0.13370415568351746, -0.30758729577064514, -0.0592849925160408, -0.01664080284535885, -0.12022312730550766, -0.018586546182632446], [-0.3532522916793823, 0.07977530360221863, 0.011015030555427074, -0.765516996383667, -0.21656283736228943, -0.007546849548816681, 0.23406174778938293, -0.29094505310058594], [0.19165781140327454, -0.13322702050209045, -0.3782373070716858, 0.035316433757543564, -0.03782451152801514, 0.5267494916915894, -0.6949383020401001, 0.07804173976182938], [-0.005965007934719324, -0.00508168525993824, 0.556459903717041, -0.1669171005487442, 0.2261565923690796, 0.10184744745492935, -0.009289517998695374, 0.09449195861816406]]}