{"step": 65, "width": 8, "height": 8, "values": [[0.388236403465271, -0.9630398154258728, 0.9739345908164978, -0.1893320083618164, 0.7606101632118225, -0.1334543526172638, -0.5597385764122009, -0.16038353741168976], [0.3163647949695587, -0.9256752729415894, 0.7783966660499573, 0.7842427492141724, -0.5405939221382141, -0.3081935942173004, -0.21844567358493805, -0.31228509545326233], [-0.6389215588569641, 0.11768590658903122, 0.4994450807571411, -0.9135327935218811, 0.3342840075492859, -0.8725435137748718, 0.5990847945213318, -0.39419418573379517], [0.9738463163375854, -0.7312861680984497, 0.4912800192832947, 0.31997257471084595, 0.5863698720932007, 0.5180356502532959, 0.3503004014492035, 0.07814415544271469], [6.074098110198975, -4.537982940673828, 2.2214362621307373, -0.22980862855911255, 1.0136240720748901, -0.1496385782957077, -0.6543680429458618, -0.2688487768173218], [1.2463167905807495, -1.678783655166626, 1.6400026082992554, 1.5408157110214233, -1.2122689485549927, -0.32103732228279114, -0.2284029871225357, -0.35706353187561035], [-1.195979118347168, 0.11908315122127533, 0.5907936692237854, -1.982399582862854, 0.38933438062667847, -1.7755160331726074, 0.8307840824127197, -0.4370778799057007], [2.8548645973205566, -0.9645063877105713, 0.6358020305633545, 0.754645824432373, 0.7513506412506104, 0.5875721573829651, 0.38788825273513794, 0.8783673644065857]]}