{"step": 132, "width": 8, "height": 8, "values": [[0.39544835686683655, -0.988559901714325, 0.5241819024085999, 0.17920832335948944, 0.16935995221138, 0.7011174559593201, -0.519739031791687, -0.08104682713747025], [0.16995002329349518, -0.9178840517997742, 0.6608709096908569, 0.6702322363853455, -0.5825237035751343, -0.3466995358467102, -0.22923266887664795, 0.8656753897666931], [0.24637001752853394, -0.09514984488487244, -0.16850793361663818, -0.956112802028656, 0.020192347466945648, 0.6369364261627197, -0.39957180619239807, 0.2579818665981293], [0.9304267764091492, -0.9869065284729004, 0.1557874232530594, -0.17572282254695892, 0.6683959364891052, 0.7958717942237854, 0.5682612657546997, -0.22778725624084473], [26.602497100830078, -19.28002166748047, 0.8966698050498962, 0.19241148233413696, 0.17511889338493347, 1.0314031839370728, -0.5794820785522461, -0.17221608757972717], [1.4321452379226685, -2.2301433086395264, 1.172463059425354, 1.2570892572402954, -0.6916886568069458, -0.3644571304321289, -0.27369225025177, 1.43646240234375], [0.7464295029640198, -0.1268412321805954, -0.18808360397815704, -5.238922119140625, 0.03536488115787506, 0.7791131734848022, -0.47701093554496765, 0.27718377113342285], [3.6511058807373047, -2.618894338607788, 0.19472640752792358, -0.188088059425354, 1.1425018310546875, 1.647587776184082, 0.6811128258705139, -0.2539113163948059]]}