{"step": 214, "width": 8, "height": 8, "values": [[0.6924429535865784, -0.9926562905311584, 0.10260976105928421, 0.024007167667150497, -0.9789815545082092, -0.9782258868217468, -0.24437084794044495, -0.16432400047779083], [0.47066712379455566, -0.7254626154899597, 0.27576643228530884, 0.7962300777435303, -0.6584087014198303, -0.6094297766685486, 0.38532164692878723, 0.8227815628051758], [-0.8670089244842529, 0.1717233806848526, -0.5445576906204224, 0.4925506114959717, 0.06505110114812851, -0.011838636361062527, 0.12623383104801178, -0.1738322377204895], [0.0396500900387764, -0.9817842841148376, 0.5624048113822937, -0.014655617997050285, 0.6897813081741333, -0.9785932898521423, 0.8859612345695496, 0.4983420968055725], [4.791443824768066, -18.547164916992188, 0.12153661251068115, 0.05257377028465271, -2.7349836826324463, -15.072084426879883, -0.2558644711971283, -0.38000595569610596], [0.7545141577720642, -1.0444581508636475, 0.8883309960365295, 3.6958601474761963, -0.925650417804718, -0.7131431102752686, 0.6989046335220337, 1.2769818305969238], [-2.076897144317627, 0.49410778284072876, -0.6150818467140198, 0.5813329219818115, 0.4291672110557556, -0.6346863508224487, 0.45362117886543274, -0.19095610082149506], [0.041897907853126526, -5.631504535675049, 0.67008376121521, -0.10487774014472961, 0.9411552548408508, -3.568403959274292, 1.4423333406448364, 0.9481248259544373]]}