{"step": 144, "width": 8, "height": 8, "values": [[0.5361701250076294, -0.9788154363632202, 0.5470238327980042, 0.17107026278972626, 0.006417533848434687, 0.5767239928245544, -0.33730050921440125, -0.1098771020770073], [0.17915861308574677, -0.8595969676971436, 0.6705875396728516, 0.5719519257545471, -0.1655053049325943, -0.33279481530189514, 0.04758899658918381, 0.7308935523033142], [0.05012097209692001, 0.10404618084430695, -0.04839770123362541, -0.9632650017738342, -0.03844507038593292, 0.8496299386024475, -0.21414391696453094, 0.12858903408050537], [0.9432122111320496, -0.991057813167572, 0.1858581155538559, -0.2946526110172272, 0.8771151304244995, 0.7973955273628235, 0.5968570709228516, 0.009018274955451488], [29.90586280822754, -21.121610641479492, 0.9657899141311646, 0.17532281577587128, 0.006506012752652168, 0.6916989088058472, -0.3596111834049225, -0.2578502893447876], [1.3587677478790283, -2.072502613067627, 1.0961049795150757, 2.088913917541504, -0.18102799355983734, -0.34803062677383423, 0.34589913487434387, 0.9941008687019348], [0.3122798204421997, 0.20332808792591095, -0.04860970005393028, -6.072705268859863, -0.10486944764852524, 1.6209194660186768, -0.23774993419647217, 0.16489368677139282], [3.351634979248047, -2.8207507133483887, 0.25512903928756714, -0.32496747374534607, 1.5304144620895386, 2.012164831161499, 0.7210869789123535, 0.009946785867214203]]}