{"step": 177, "width": 8, "height": 8, "values": [[0.44014617800712585, -0.9955843091011047, 0.7625635266304016, 0.1539526730775833, -0.5522913932800293, -0.9565886855125427, -0.18537384271621704, -0.14788435399532318], [0.1262938529253006, -0.9655190706253052, 0.5832011103630066, 0.787693202495575, -0.8760520815849304, -0.28369852900505066, -0.5165266990661621, 0.9072665572166443], [-0.48844027519226074, 0.018678762018680573, -0.2993721067905426, -0.8620030879974365, -0.04315972328186035, -0.2234019637107849, -0.3497230112552643, 0.07833138108253479], [0.926643431186676, -0.9931358098983765, 0.31062057614326477, -0.08875135332345963, 0.7473559975624084, 0.1947433054447174, 0.6971862316131592, 0.1354886293411255], [27.23233985900879, -23.698148727416992, 1.1045695543289185, 0.17870904505252838, -0.6421472430229187, -2.6523611545562744, -0.18776443600654602, -0.3540438711643219], [0.5109239220619202, -2.0324020385742188, 0.9651564955711365, 2.4060449600219727, -1.4964162111282349, -0.294155091047287, -0.5773908495903015, 1.882106065750122], [-0.6588131189346313, 0.14503037929534912, -0.37461593747138977, -3.2977161407470703, -0.14662696421146393, -0.40731263160705566, -0.9750500321388245, 0.08153166621923447], [2.001741886138916, -3.7064216136932373, 0.35633015632629395, -0.2615993022918701, 1.2706190347671509, 0.20675960183143616, 0.884657084941864, 0.3495693504810333]]}