{"step": 198, "width": 8, "height": 8, "values": [[0.6037723422050476, -0.9617927074432373, 0.34357699751853943, 0.012120086699724197, -0.9617223739624023, -0.9576393961906433, -0.19427628815174103, -0.17141389846801758], [-0.05205225944519043, -0.9231619238853455, 0.415677547454834, 0.928744912147522, -0.20996521413326263, -0.4637986123561859, -0.2486911118030548, 0.8984874486923218], [-0.9530739188194275, 0.2787562608718872, 0.023870594799518585, 0.8259150385856628, 0.5581933259963989, -0.2832905650138855, 0.07244798541069031, -0.6739640831947327], [0.03737581521272659, -0.9465218782424927, 0.8036150336265564, -0.0067758699879050255, 0.5662003755569458, -0.9935730695724487, 0.8146204352378845, 0.27190297842025757], [5.787191867828369, -21.194181442260742, 0.3890511989593506, 0.03741087764501572, -2.007647752761841, -9.514683723449707, -0.2832645773887634, -0.23815135657787323], [-0.0648094043135643, -1.8156551122665405, 0.9356051087379456, 2.9657931327819824, -0.5158026814460754, -0.5065879821777344, -0.28810834884643555, 1.7528830766677856], [-2.233365535736084, 0.2916496992111206, 0.05527001619338989, 2.099268674850464, 0.6863867044448853, -1.2756980657577515, 0.08983486145734787, -0.8614058494567871], [0.039913468062877655, -4.757059574127197, 1.3886743783950806, -0.12635178864002228, 0.7281494140625, -3.0721800327301025, 1.164495587348938, 0.9556143283843994]]}