{"step": 97, "width": 8, "height": 8, "values": [[0.25370660424232483, -0.9259105324745178, 0.6635967493057251, -0.0675305649638176, 0.6631785035133362, 0.2753201127052307, -0.3164484202861786, -0.03912782669067383], [-0.1952258050441742, -0.26719191670417786, 0.8302392959594727, 0.6050876975059509, -0.44569024443626404, -0.40654459595680237, 0.03985386714339256, 0.7344399690628052], [-0.10759307444095612, 0.14587977528572083, 0.21116746962070465, -0.45811110734939575, 0.5353062152862549, 0.6671350598335266, -0.08912315964698792, -0.1262652575969696], [0.9463298320770264, -0.9214054346084595, 0.44584307074546814, -0.16407227516174316, 0.540589451789856, 0.5169920325279236, 0.4978846609592438, -0.04939020797610283], [15.25710391998291, -12.394329071044922, 0.8444321155548096, -0.08019962161779404, 0.8053930997848511, 0.3517654836177826, -1.059741735458374, -0.080495685338974], [-0.6364049315452576, -0.27533814311027527, 1.4317433834075928, 0.9493891596794128, -0.6638128161430359, -0.43653663992881775, 0.04909591004252434, 1.0182987451553345], [-0.23120352625846863, 0.15017035603523254, 0.23225902020931244, -0.5528153777122498, 0.9956826567649841, 0.9663732647895813, -0.09281722456216812, -0.19379109144210815], [3.3671181201934814, -1.6284468173980713, 0.5218364000320435, -0.2061556875705719, 0.6465478539466858, 0.6435124278068542, 0.571885883808136, -0.3148925304412842]]}