{"step": 187, "width": 8, "height": 8, "values": [[0.5889905095100403, -0.9581178426742554, 0.48922064900398254, 0.02188984677195549, -0.8364434242248535, -0.9568660855293274, -0.20091134309768677, -0.18638202548027039], [0.06592721492052078, -0.9368000030517578, 0.4358103275299072, 0.9272137880325317, -0.20367780327796936, -0.3473232686519623, -0.23689678311347961, 0.9068670272827148], [-0.9382191300392151, 0.24632377922534943, -0.040687303990125656, 0.6263060569763184, 0.3488316237926483, -0.46885445713996887, 0.05948667600750923, -0.7181849479675293], [0.45930951833724976, -0.9485636949539185, 0.7609730958938599, 0.003197791986167431, 0.5982972979545593, -0.9621859788894653, 0.7516665458679199, 0.2404615581035614], [14.541585922241211, -22.905221939086914, 0.5650153756141663, 0.06535222381353378, -1.2175965309143066, -5.77468729019165, -0.2539607584476471, -0.25699570775032043], [0.09301159530878067, -1.8699116706848145, 0.9597907066345215, 3.463489532470703, -0.5030045509338379, -0.3658748269081116, -0.25736889243125916, 1.901104211807251], [-2.1110494136810303, 0.25524288415908813, -0.06708879768848419, 0.8302596211433411, 0.38206908106803894, -1.1853331327438354, 0.07064678519964218, -0.9451023936271667], [0.540357768535614, -4.2157182693481445, 1.2647618055343628, 0.06603443622589111, 0.7891119122505188, -2.0079565048217773, 0.9956187605857849, 0.9910364747047424]]}