{"step": 58, "width": 8, "height": 8, "values": [[0.5016639232635498, -0.9754840731620789, 0.985053300857544, -0.1977030485868454, 0.6079802513122559, -0.6189718842506409, -0.4734073877334595, -0.2755756676197052], [0.2417408674955368, -0.8891580700874329, 0.8067158460617065, 0.5297446846961975, -0.8501018285751343, -0.2588540315628052, -0.38853973150253296, -0.8319888114929199], [-0.3121877610683441, 0.10570279508829117, 0.30465906858444214, -0.8387207984924316, 0.08882932364940643, -0.5158112645149231, -0.10162857174873352, 0.08744870871305466], [0.9841249585151672, -0.6824053525924683, 0.3543015122413635, 0.5291082859039307, 0.4016360938549042, 0.2299858033657074, 0.29552802443504333, 0.18251165747642517], [4.332326889038086, -2.763981342315674, 2.645157814025879, -0.21395398676395416, 0.7217860817909241, -0.7994924783706665, -0.5153290033340454, -0.5027393102645874], [0.4005451500415802, -1.4204061031341553, 1.6623562574386597, 0.7056827545166016, -1.929542064666748, -0.26631516218185425, -0.42162051796913147, -1.5276633501052856], [-0.5962978601455688, 0.16118036210536957, 0.3421197831630707, -1.4692906141281128, 0.10580003261566162, -0.969856321811676, -0.3380530774593353, 0.0897805318236351], [2.8603885173797607, -0.8411869406700134, 0.4548361599445343, 0.7909002900123596, 0.49095845222473145, 0.2447434663772583, 0.3164871037006378, 0.9609466791152954]]}