{"step": 87, "width": 8, "height": 8, "values": [[0.12338598072528839, -0.9515650272369385, 0.8034986257553101, -0.04730284959077835, 0.5687093138694763, 0.5104497075080872, -0.45176976919174194, -0.07457945495843887], [0.0912809744477272, -0.9568512439727783, 0.8232902884483337, 0.8332242369651794, -0.8033758997917175, -0.4104379415512085, 0.4183754324913025, 0.799397885799408], [-0.17381258308887482, -0.0066431364975869656, -0.15362277626991272, -0.9292092323303223, 0.4558165371417999, 0.36378976702690125, -0.566388726234436, 0.37396058440208435], [0.9657168388366699, -0.8899510502815247, 0.22022730112075806, -0.03145403414964676, 0.8451540470123291, 0.8268831968307495, 0.4733688235282898, -0.05649278312921524], [16.047866821289062, -10.84984302520752, 1.3561254739761353, -0.0571846142411232, 0.648030698299408, 0.6979699730873108, -0.4873911142349243, -0.15153373777866364], [0.3989191949367523, -1.946103811264038, 1.4900814294815063, 2.1418612003326416, -1.2042019367218018, -0.4406975209712982, 0.4759618937969208, 1.194671869277954], [-0.4655994176864624, -0.012999680824577808, -0.16650213301181793, -3.9170987606048584, 0.7754319906234741, 0.4061916470527649, -0.6635657548904419, 0.41084757447242737], [3.291722297668457, -1.4621262550354004, 0.25067904591560364, -0.033163972198963165, 1.5470161437988281, 1.4487106800079346, 0.5504931807518005, -0.3101736903190613]]}