{"step": 147, "width": 8, "height": 8, "values": [[0.39663195610046387, -0.9901415705680847, 0.4207102358341217, 0.1271015852689743, -0.05533881112933159, 0.5276589393615723, -0.27169862389564514, -0.10115351527929306], [0.16243241727352142, -0.8086526989936829, 0.6967376470565796, 0.6522462964057922, -0.5768089294433594, -0.3282756507396698, 0.09596624225378036, 0.7720312476158142], [0.09923581779003143, 0.13219361007213593, -0.12482994049787521, -0.9655009508132935, 0.2436232566833496, 0.5738046169281006, -0.3492824137210846, 0.2531738579273224], [0.9263347387313843, -0.9900608062744141, 0.22203053534030914, -0.23130984604358673, 0.7282171845436096, 0.7696995735168457, 0.6003129482269287, -0.01874915510416031], [29.70554542541504, -21.299007415771484, 0.6049909591674805, 0.14084814488887787, -0.05766594037413597, 0.6444156765937805, -0.2796526551246643, -0.23108208179473877], [1.3292789459228516, -2.211348056793213, 1.0828460454940796, 1.8343420028686523, -0.7037196755409241, -0.34467533230781555, 0.10995316505432129, 1.1127662658691406], [0.38488903641700745, 0.29049381613731384, -0.12909279763698578, -5.396785259246826, 0.467598021030426, 0.6899195313453674, -0.4253118634223938, 0.30173397064208984], [3.179337978363037, -2.874717950820923, 0.2695106863975525, -0.26393193006515503, 1.1722545623779297, 1.8624380826950073, 0.7286665439605713, -0.0216524600982666]]}