{"step": 251, "width": 8, "height": 8, "values": [[0.8041418194770813, -0.9954202175140381, -0.0744151771068573, -0.012660728767514229, -0.7175548672676086, -0.9779624938964844, -0.273352712392807, -0.14563587307929993], [0.6683681607246399, -0.31967923045158386, 0.22274789214134216, 0.8578982949256897, -0.15233862400054932, -0.7743502855300903, 0.13105104863643646, -0.9312567710876465], [-0.9338006973266602, 0.002789960941299796, -0.348587304353714, 0.10980978608131409, 0.03372274711728096, -0.14380182325839996, 0.12194541096687317, 0.4617346227169037], [-0.20895648002624512, -0.9680671691894531, 0.6971476078033447, -0.04675468057394028, 0.23743659257888794, -0.9189194440841675, 0.9567000269889832, 0.2486215978860855], [4.779628276824951, -9.77977466583252, -0.21967865526676178, -0.014637739397585392, -0.9343047142028809, -34.319515228271484, -0.2878372073173523, -0.3327563405036926], [0.9929928183555603, -0.6512799263000488, 0.6808184385299683, 4.752645015716553, -0.15686213970184326, -1.034637212753296, 0.1603178083896637, -3.323615789413452], [-5.094217300415039, 0.018478289246559143, -0.5312198996543884, 0.12045455724000931, 0.0987200066447258, -1.3276089429855347, 0.2210826426744461, 0.503974974155426], [-0.2196064591407776, -7.079579830169678, 0.969652533531189, -0.11449475586414337, 0.2980135381221771, -2.404733180999756, 1.9914968013763428, 0.29908305406570435]]}