{"step": 11, "width": 8, "height": 8, "values": [[-0.7098775506019592, 0.3965315520763397, -0.8321041464805603, -0.5614523887634277, -0.5200080275535583, -0.19488359987735748, 0.34188327193260193, -0.17937994003295898], [0.6901450753211975, -0.4465267062187195, 0.14396309852600098, 0.05567919462919235, -0.6688451170921326, -0.05877017602324486, 0.5556585192680359, 0.7286964654922485], [0.29900500178337097, 0.015754995867609978, -0.8418609499931335, -0.8075751066207886, 0.18837220966815948, -0.3883061110973358, 0.12864850461483002, 0.24638788402080536], [0.7494130730628967, -0.02913188561797142, 0.37251800298690796, 0.6862474083900452, 0.5005394220352173, 0.33562010526657104, -0.010254460386931896, 0.8598642349243164], [-1.1697912216186523, 0.44231268763542175, -1.2377121448516846, -0.7018545866012573, -0.582848310470581, -0.23843352496623993, 0.3572142720222473, -0.29791703820228577], [0.8518677949905396, -0.4824569523334503, 0.23195146024227142, 0.19275648891925812, -0.9025411009788513, -0.05956974998116493, 0.6320633292198181, 1.0658528804779053], [0.3306272625923157, 0.2599659264087677, -1.285241961479187, -1.165023684501648, 0.1966310441493988, -0.44209417700767517, 0.17123118042945862, 0.25421375036239624], [0.9887701869010925, -0.029458818957209587, 0.43710246682167053, 0.9569457173347473, 0.6810722947120667, 0.3669072091579437, -0.012871567159891129, 2.127228260040283]]}