{"step": 169, "width": 8, "height": 8, "values": [[0.38191309571266174, -0.9910675883293152, 0.7481369376182556, 0.08779348433017731, -0.4014309048652649, -0.4343620240688324, -0.2849462330341339, -0.07377767562866211], [0.16962048411369324, -0.8822467923164368, 0.5714438557624817, 0.7902271747589111, -0.7472500205039978, -0.29545003175735474, 0.0004292528610676527, 0.9059941172599792], [-0.1133112758398056, 0.052506107836961746, -0.07353324443101883, -0.9341571927070618, 0.1252623349428177, -0.16876988112926483, -0.15854105353355408, 0.1729215383529663], [0.9220695495605469, -0.9928762912750244, 0.20804287493228912, -0.09934291243553162, 0.7201725840568542, 0.751480758190155, 0.6590089797973633, 0.05756865441799164], [30.03778648376465, -23.092681884765625, 1.0753686428070068, 0.09918059408664703, -0.4349549114704132, -0.4999404847621918, -0.29484280943870544, -0.16242846846580505], [0.5873324871063232, -1.4181462526321411, 0.9909430146217346, 2.4353482723236084, -1.0807029008865356, -0.306749165058136, 0.0005260445177555084, 1.6882883310317993], [-0.20524732768535614, 0.06562762707471848, -0.0746716856956482, -3.251757860183716, 0.44049420952796936, -0.19735950231552124, -0.1960863471031189, 0.19007250666618347], [2.3335390090942383, -3.412053346633911, 0.2292158156633377, -0.12872454524040222, 1.1197108030319214, 1.2410348653793335, 0.8213207721710205, 0.10475276410579681]]}