{"step": 76, "width": 8, "height": 8, "values": [[0.2421969622373581, -0.9456623792648315, 0.9401919841766357, 0.04782835766673088, 0.8100012540817261, 0.26511505246162415, -0.7671318650245667, -0.09193748980760574], [0.1005624532699585, -0.9840999841690063, 0.8226520419120789, 0.7758920192718506, -0.591530978679657, -0.4104407727718353, -0.24846713244915009, 0.6262392401695251], [-0.3698337972164154, 0.018229352310299873, 0.4349445700645447, -0.8694568276405334, 0.4051552414894104, -0.08339841663837433, 0.19793036580085754, -0.297518253326416], [0.9632131457328796, -0.830486536026001, 0.35624343156814575, 0.09611814469099045, 0.7155143618583679, 0.7824337482452393, 0.42398127913475037, 0.05871771648526192], [10.551138877868652, -6.9538140296936035, 1.8036744594573975, 0.05588287487626076, 1.1405836343765259, 0.31451940536499023, -1.0831360816955566, -0.14924030005931854], [1.0479179620742798, -2.5897796154022217, 1.584037184715271, 1.4776455163955688, -1.5110942125320435, -0.440313458442688, -0.2708502411842346, 0.7933701276779175], [-0.7166628241539001, 0.018295027315616608, 0.5303199887275696, -1.84585440158844, 0.5105980038642883, -0.08944442868232727, 0.21839967370033264, -0.33892160654067993], [3.1028568744659424, -1.2097243070602417, 0.4537399709224701, 0.1381501406431198, 1.03331458568573, 1.0855934619903564, 0.48755306005477905, 0.27104100584983826]]}