{"step": 18, "width": 8, "height": 8, "values": [[-0.9324215650558472, 0.5689442157745361, 0.4355885088443756, 0.08180601894855499, -0.9554352760314941, -0.5633609294891357, -0.07903944700956345, -0.1900608390569687], [0.7563018202781677, -0.5643066167831421, 0.5135089755058289, 0.24334441125392914, -0.03430480137467384, -0.09238480031490326, -0.32020387053489685, 0.6561225056648254], [0.461689829826355, 0.09405794739723206, -0.4525371491909027, -0.9827940464019775, -0.07811605930328369, 0.9509235620498657, -0.27053043246269226, -0.5093240141868591], [0.9763320088386536, -0.17650233209133148, 0.4124545753002167, 0.5164817571640015, 0.5386801958084106, 0.9855087399482727, 0.019450772553682327, 0.3707907497882843], [-3.0504565238952637, 0.6615030765533447, 0.49834662675857544, 0.08353500068187714, -2.2264559268951416, -0.7194638252258301, -0.07983148843050003, -0.2605676054954529], [1.0645334720611572, -0.7384238839149475, 1.0701154470443726, 0.5259107351303101, -0.04913739860057831, -0.09325996786355972, -0.33393263816833496, 0.8786365985870361], [0.8152062892913818, 0.13275036215782166, -0.5140370726585388, -2.97237229347229, -0.07850570231676102, 2.161874532699585, -0.7088373303413391, -0.5689389109611511], [3.2077536582946777, -0.17966490983963013, 0.7994900345802307, 0.6376702785491943, 0.9281813502311707, 3.4923462867736816, 0.023029610514640808, 0.3966423273086548]]}