{"step": 138, "width": 8, "height": 8, "values": [[0.2275732308626175, -0.9798077344894409, 0.7266517281532288, 0.12433084100484848, 0.09457521140575409, 0.644158661365509, -0.4634261131286621, -0.028029300272464752], [0.08299229294061661, -0.9316232800483704, 0.744519829750061, 0.7117981910705566, -0.8834333419799805, -0.34022706747055054, 0.11971727013587952, 0.8724890947341919], [0.20614156126976013, 0.03300776332616806, 0.16649553179740906, -0.8441828489303589, 0.36389651894569397, -0.18454334139823914, -0.09288012236356735, 0.4151421785354614], [0.9589775800704956, -0.9866529107093811, 0.14581753313541412, -0.2813786566257477, 0.7297936081886292, 0.8841400742530823, 0.5765186548233032, -0.014055410400032997], [28.66537094116211, -20.106325149536133, 1.0006581544876099, 0.14825819432735443, 0.09584222733974457, 0.8915520906448364, -0.5029886960983276, -0.0693933293223381], [0.6650740504264832, -1.7287198305130005, 1.1432501077651978, 1.8045800924301147, -1.656484842300415, -0.35818344354629517, 0.12696123123168945, 1.5344468355178833], [0.30410313606262207, 0.0426090806722641, 0.1814201921224594, -5.0661749839782715, 1.0197954177856445, -0.211917906999588, -0.10088223218917847, 0.4967123866081238], [3.568937063217163, -2.7417924404144287, 0.1603723019361496, -0.3535882532596588, 1.134957194328308, 2.059448480606079, 0.6927437782287598, -0.030711447820067406]]}