{"step": 30, "width": 8, "height": 8, "values": [[-0.9320768117904663, 0.7214593887329102, 0.6847195625305176, 0.2469857782125473, -0.9492254257202148, -0.8910931944847107, -0.17891693115234375, -0.13935749232769012], [0.3624551594257355, -0.6325611472129822, 0.5586353540420532, 0.4886752665042877, -0.7212362885475159, -0.10841129720211029, -0.028922414407134056, -0.08290591835975647], [0.4198106825351715, -0.06875336170196533, -0.2412339299917221, -0.9766149520874023, 0.19239136576652527, 0.2716379761695862, -0.47380244731903076, 0.12818315625190735], [0.9652634859085083, -0.4877374768257141, 0.1497415453195572, 0.24211464822292328, 0.5878201127052307, 0.9114664196968079, 0.07115260511636734, 0.11671538650989532], [-3.508859395980835, 0.9404293894767761, 0.9591853618621826, 0.2628534138202667, -2.138521671295166, -1.836462140083313, -0.1813386082649231, -0.2590581774711609], [0.805471658706665, -0.7738524675369263, 1.4363298416137695, 1.01614511013031, -0.9772469401359558, -0.10949862748384476, -0.03487779200077057, -0.08758826553821564], [0.8892664909362793, -0.08742483705282211, -0.2466086745262146, -4.916227340698242, 0.23938095569610596, 0.3343222737312317, -0.651430070400238, 0.13247860968112946], [3.450082302093506, -0.5338613390922546, 0.1743166595697403, 0.29995736479759216, 1.0491728782653809, 6.940428256988525, 0.07569175958633423, 0.13924913108348846]]}