{"step": 215, "width": 8, "height": 8, "values": [[0.6974914073944092, -0.9911516308784485, -0.40351173281669617, 0.032136984169483185, -0.9835108518600464, -0.9654889106750488, -0.23824484646320343, -0.2478685826063156], [0.43212321400642395, -0.579822838306427, 0.23630785942077637, 0.8269914984703064, -0.5654494166374207, -0.6128819584846497, 0.19736243784427643, 0.8070847988128662], [-0.9555343985557556, 0.24751436710357666, -0.6664910316467285, 0.4274594783782959, 0.21823650598526, -0.11691568791866302, -0.06398405134677887, -0.13255423307418823], [0.07308883965015411, -0.9807882308959961, 0.5779345631599426, -0.009106441400945187, 0.588184654712677, -0.9739732146263123, 0.8878746032714844, 0.5822522044181824], [5.335766315460205, -18.277952194213867, -0.6362594366073608, 0.05390636995434761, -2.7430784702301025, -15.629532814025879, -0.2554835379123688, -0.5326002836227417], [0.561874270439148, -0.6800611019134521, 0.8857971429824829, 4.172619342803955, -0.7678298354148865, -0.719367504119873, 0.23923534154891968, 1.2337309122085571], [-2.461014986038208, 0.49549874663352966, -0.8275056481361389, 0.512535035610199, 0.383203387260437, -0.9983776211738586, -0.08797378838062286, -0.13949453830718994], [0.07687162607908249, -5.716122627258301, 0.7065605521202087, -0.07198263704776764, 0.9019669890403748, -3.648404121398926, 1.4553322792053223, 1.2369952201843262]]}