{"step": 35, "width": 8, "height": 8, "values": [[-0.9588432312011719, 0.6024917364120483, 0.19910013675689697, 0.4062815010547638, -0.9085078835487366, -0.9483022093772888, -0.6814936399459839, -0.2275627702474594], [0.5978306531906128, -0.7578044533729553, 0.5483165979385376, 0.28160154819488525, -0.26856571435928345, -0.11891273409128189, -0.20340633392333984, -0.8629662990570068], [-0.3485778868198395, 0.029660293832421303, -0.40775299072265625, -0.9729620218276978, 0.0858386680483818, 0.8914023041725159, -0.4878140687942505, 0.346845805644989], [0.9902424812316895, -0.548416793346405, 0.28764471411705017, 0.1709093302488327, 0.41685405373573303, 0.9781896471977234, 0.0951390191912651, -0.049357715994119644], [-2.8356049060821533, 0.7089847922325134, 0.3339608609676361, 0.4388819932937622, -1.571775197982788, -2.2654361724853516, -0.8370130062103271, -0.3485701382160187], [0.9142435193061829, -1.0563889741897583, 1.5703272819519043, 0.643159806728363, -0.37470465898513794, -0.11974696069955826, -0.20695675909519196, -1.6823679208755493], [-0.5359549522399902, 0.07941409945487976, -0.4711441099643707, -3.4502663612365723, 0.08779493719339371, 2.4212379455566406, -0.7965239882469177, 0.3689448833465576], [3.3913300037384033, -0.622907817363739, 0.7162566781044006, 0.17993490397930145, 0.6835553050041199, 6.250930309295654, 0.10365083068609238, -0.05616996809840202]]}