{"step": 19, "width": 8, "height": 8, "values": [[-0.9548670649528503, 0.6099118590354919, 0.14571313560009003, 0.3447199761867523, -0.9751753211021423, -0.6072685718536377, -0.08571836352348328, -0.09105994552373886], [0.6991792917251587, -0.2269318848848343, 0.49727532267570496, 0.39233097434043884, -0.11594385653734207, -0.09401645511388779, -0.014271903783082962, 0.6174062490463257], [0.22617566585540771, -0.1395309567451477, -0.30659711360931396, -0.9902867078781128, -0.14662541449069977, 0.9825179576873779, -0.08495686203241348, -0.23633581399917603], [0.9548025727272034, -0.19558371603488922, 0.24619463086128235, 0.4998306334018707, 0.7425320744514465, 0.9307391047477722, 0.027906393632292747, 0.04964534938335419], [-3.1999433040618896, 0.7405127882957458, 0.16418632864952087, 0.3609042167663574, -2.391057252883911, -0.7565825581550598, -0.08945263177156448, -0.19819125533103943], [1.1186374425888062, -0.4765753448009491, 1.1322987079620361, 0.7508955597877502, -0.12158660590648651, -0.09465044736862183, -0.1790143996477127, 0.7600203156471252], [1.24410879611969, -0.16928547620773315, -0.31928494572639465, -3.7876925468444824, -0.15316332876682281, 2.75158429145813, -0.11813760548830032, -0.24718241393566132], [3.313387393951416, -0.19842132925987244, 0.3011181354522705, 0.576786994934082, 1.1173419952392578, 4.089705944061279, 0.03081885166466236, 0.050350818783044815]]}