{"step": 236, "width": 8, "height": 8, "values": [[0.8656807541847229, -0.9922878742218018, -0.33966416120529175, 0.012968075461685658, -0.9032347202301025, -0.9759721159934998, -0.20655356347560883, -0.2635469436645508], [0.6405229568481445, -0.46372511982917786, 0.22874033451080322, 0.7615498304367065, -0.5418305397033691, -0.7190579771995544, 0.46152037382125854, -0.5366526246070862], [-0.9946629405021667, 0.01750379614531994, -0.6728101372718811, 0.5369274616241455, -0.022832730785012245, -0.045014724135398865, 0.07576201856136322, 0.2769351899623871], [-0.11904998123645782, -0.9362017512321472, 0.6376684308052063, -0.05605263262987137, 0.399762898683548, -0.9768378138542175, 0.9356346130371094, 0.28819578886032104], [6.5831522941589355, -13.472043991088867, -0.534497857093811, 0.017504289746284485, -1.5140084028244019, -27.239776611328125, -0.21923542022705078, -0.6029278635978699], [0.8307393789291382, -0.5036781430244446, 0.7865173816680908, 5.819967269897461, -0.7246381640434265, -0.9082474112510681, 0.500450849533081, -0.6511911749839783], [-4.925064563751221, 0.1060359925031662, -1.2865878343582153, 0.7125706672668457, -0.1114889606833458, -1.062868595123291, 0.14527377486228943, 0.28782686591148376], [-0.12097784131765366, -6.858133316040039, 0.9000300765037537, -0.39737260341644287, 0.4932977557182312, -4.376201152801514, 1.7674989700317383, 1.0723457336425781]]}