{"step": 116, "width": 8, "height": 8, "values": [[0.2368636280298233, -0.9726241230964661, 0.9188067317008972, -0.15633109211921692, 0.5291648507118225, 0.579361617565155, -0.3464031517505646, -0.11364572495222092], [0.13042297959327698, -0.9482409954071045, 0.7717428803443909, 0.7442337870597839, -0.7521979808807373, -0.3835071325302124, 0.11468233168125153, 0.8138004541397095], [0.02057156153023243, 0.07719511538743973, 0.1284904181957245, -0.942969799041748, 0.2245621383190155, -0.1021149531006813, -0.21284142136573792, 0.19762417674064636], [0.9455313682556152, -0.9690523147583008, 0.14584843814373016, -0.06856080144643784, 0.8058201670646667, 0.7329490184783936, 0.5288683176040649, -0.06358813494443893], [22.005033493041992, -16.481685638427734, 1.8231147527694702, -0.1724584698677063, 0.6013922095298767, 0.8005267977714539, -0.36308616399765015, -0.23462419211864471], [0.632358968257904, -1.8705508708953857, 1.3133426904678345, 1.6725610494613647, -1.1144249439239502, -0.408847451210022, 0.14140954613685608, 1.224550724029541], [0.05689357593655586, 0.09085392206907272, 0.13062898814678192, -3.552516460418701, 0.5843091011047363, -0.10722547769546509, -0.23783473670482635, 0.22872266173362732], [3.5599400997161865, -2.1315462589263916, 0.16244693100452423, -0.07648278027772903, 1.3719978332519531, 1.6288554668426514, 0.6250691413879395, -0.16301590204238892]]}