{"step": 220, "width": 8, "height": 8, "values": [[0.6279443502426147, -0.9916824102401733, 0.15746258199214935, 0.07956285774707794, -0.9876750707626343, -0.9708096385002136, -0.1858409196138382, -0.2064177691936493], [0.4531309902667999, -0.635970413684845, 0.26352736353874207, 0.8764103055000305, -0.5942082405090332, -0.6475985050201416, 0.32830390334129333, 0.718008279800415], [-0.9742258787155151, 0.029064998030662537, -0.7021437287330627, 0.3257010877132416, -0.06707151979207993, -0.09876794368028641, -0.05582984536886215, 0.2175719141960144], [0.0292386244982481, -0.9441401958465576, 0.662672758102417, -0.023218408226966858, 0.6087930798530579, -0.9839915037155151, 0.9044427275657654, 0.15941759943962097], [5.8563737869262695, -16.80095863342285, 0.19133655726909637, 0.09875717759132385, -2.8867154121398926, -18.53839683532715, -0.1913079470396042, -0.44102025032043457], [0.5761547088623047, -0.7538532614707947, 0.8744513392448425, 5.380160331726074, -0.855076014995575, -0.7743631601333618, 0.3418167531490326, 0.987571656703949], [-2.9643893241882324, 0.10577808320522308, -1.3850219249725342, 0.38038378953933716, -0.18851029872894287, -0.9592440128326416, -0.13831187784671783, 0.22438032925128937], [0.030043622478842735, -6.024038791656494, 0.9041317105293274, -0.31302472949028015, 0.8198065757751465, -4.3048882484436035, 1.5443720817565918, 0.8037970066070557]]}