{"step": 156, "width": 8, "height": 8, "values": [[0.3507698178291321, -0.969168484210968, 0.8327714800834656, 0.141401469707489, -0.10155447572469711, 0.16894088685512543, -0.2429601401090622, -0.23498573899269104], [0.3200130760669708, -0.9618954658508301, 0.664989173412323, 0.7821695804595947, -0.39314091205596924, -0.31512075662612915, -0.48112916946411133, 0.844516396522522], [-0.10339780151844025, 0.19194144010543823, -0.10828039795160294, -0.8783338665962219, -0.03243878856301308, 0.24719202518463135, -0.7189943194389343, -0.03079543076455593], [0.9540961384773254, -0.9880293011665344, 0.3410399556159973, -0.13218772411346436, 0.6871739625930786, 0.9303742051124573, 0.6234061121940613, 0.06199716031551361], [29.63641357421875, -22.01993179321289, 1.276850700378418, 0.15160173177719116, -0.10361194610595703, 0.18587638437747955, -0.24950236082077026, -0.33730146288871765], [1.3822472095489502, -1.9782404899597168, 1.025710105895996, 1.768927812576294, -0.7605221271514893, -0.3295593559741974, -0.5253960490226746, 1.4212102890014648], [-0.1336122453212738, 0.2039048820734024, -0.12841789424419403, -5.490514755249023, -0.034712549299001694, 0.2591065764427185, -1.0765076875686646, -0.03319983929395676], [2.821920871734619, -3.0522615909576416, 0.6032615900039673, -0.2452906370162964, 1.1573598384857178, 1.8732179403305054, 0.7666736245155334, 0.20364339649677277]]}