{"step": 55, "width": 8, "height": 8, "values": [[0.634505033493042, -0.9629439115524292, 0.4626598656177521, -0.2389589101076126, 0.6180648803710938, -0.7194144129753113, -0.18823429942131042, -0.1826380491256714], [0.5077504515647888, -0.7386395931243896, 0.7104476690292358, 0.6604878902435303, -0.5106784105300903, -0.22353991866111755, -0.14361295104026794, -0.8847079277038574], [-0.4679116904735565, 0.10278329253196716, -0.09001374244689941, -0.9610819220542908, -0.17541585862636566, -0.6176148653030396, 0.28995025157928467, -0.0760151818394661], [0.9675564169883728, -0.662953794002533, 0.3559750020503998, 0.3057287037372589, 0.7390324473381042, 0.7335066795349121, 0.2678789496421814, -0.2169107347726822], [4.470377445220947, -2.321781635284424, 0.5339851975440979, -0.24865934252738953, 0.7339280843734741, -0.9898442625999451, -0.21973174810409546, -0.5592446327209473], [1.1243650913238525, -1.1227141618728638, 1.6702483892440796, 1.792868733406067, -0.624615490436554, -0.22863838076591492, -0.5366479754447937, -2.0987539291381836], [-1.1763993501663208, 0.19517922401428223, -0.09218405187129974, -2.6879494190216064, -0.2230927050113678, -0.7508088946342468, 0.34036892652511597, -0.08080358058214188], [2.909588575363159, -0.8040059208869934, 0.4325174391269684, 0.3685545027256012, 1.0441231727600098, 1.8857851028442383, 0.28399914503097534, -0.3773236572742462]]}