{"step": 224, "width": 8, "height": 8, "values": [[0.6995240449905396, -0.9963078498840332, -0.3990883529186249, 0.05859627574682236, -0.9740721583366394, -0.9696862101554871, -0.22027446329593658, -0.16322672367095947], [0.6206395030021667, -0.3179180324077606, 0.19093026220798492, 0.7682253122329712, -0.6081451177597046, -0.6625388264656067, 0.1175309345126152, 0.5488857626914978], [-0.9714555740356445, -0.07402496784925461, -0.5364693403244019, 0.058003246784210205, -0.042006198316812515, -0.04705182835459709, 0.18653219938278198, 0.39931976795196533], [0.043706588447093964, -0.9830934405326843, 0.5562683939933777, -0.007756220642477274, 0.4797705113887787, -0.9729361534118652, 0.9106156229972839, 0.6050342917442322], [7.032968521118164, -15.753125190734863, -0.5161352753639221, 0.08188449591398239, -2.973294258117676, -21.20339012145996, -0.22780117392539978, -0.3678595721721649], [0.9422234892845154, -0.3472910225391388, 0.8570815920829773, 6.001925468444824, -0.7747172713279724, -0.8018924593925476, 0.1358293890953064, 0.6570811867713928], [-3.253121852874756, -0.15193292498588562, -0.6072068810462952, 0.06574106216430664, -0.2142503261566162, -0.990382730960846, 0.31082192063331604, 0.43753790855407715], [0.045725688338279724, -6.309144973754883, 0.6624338030815125, -0.05765024572610855, 0.6596195101737976, -4.108480930328369, 1.6026440858840942, 1.0836403369903564]]}