{"step": 96, "width": 8, "height": 8, "values": [[0.12356289476156235, -0.9097235202789307, 0.7898008823394775, -0.05128619819879532, 0.5976256728172302, 0.2573023736476898, -0.6084390878677368, -0.15634091198444366], [-0.317791223526001, -0.26643332839012146, 0.8479434251785278, 0.5510222315788269, -0.23348456621170044, -0.40563929080963135, -0.1264342963695526, 0.7090904116630554], [-0.10979444533586502, 0.16192854940891266, 0.5972582697868347, -0.2892746925354004, 0.8850641846656799, 0.7122238874435425, -0.4696336090564728, -0.19357973337173462], [0.9720275402069092, -0.9183688163757324, 0.558090329170227, -0.13770681619644165, 0.3085916042327881, 0.49752137064933777, 0.4946432411670685, -0.0006415923126041889], [15.388484001159668, -12.362563133239746, 1.109724998474121, -0.06519442796707153, 0.693716824054718, 0.3562069535255432, -1.0682506561279297, -0.21383360028266907], [-0.8526440858840942, -0.27338215708732605, 1.4357490539550781, 0.7433198094367981, -0.8066339492797852, -0.43736016750335693, -0.1399126499891281, 0.9952073097229004], [-0.22444778680801392, 0.16496947407722473, 0.8562778830528259, -0.3911345303058624, 1.4400851726531982, 1.5926783084869385, -0.5190126895904541, -0.24828660488128662], [3.371105670928955, -1.6135550737380981, 0.8305698037147522, -0.17736241221427917, 0.3521571755409241, 0.5546897649765015, 0.5693061351776123, -0.00507111893966794]]}