{"step": 253, "width": 8, "height": 8, "values": [[0.8225820064544678, -0.9893123507499695, -0.27301162481307983, 0.11137066781520844, -0.6471627950668335, -0.9856362342834473, -0.2811916768550873, -0.2498074173927307], [0.6684361696243286, -0.12510614097118378, 0.1793292909860611, 0.8130457401275635, -0.47217103838920593, -0.7812809944152832, 0.08954416960477829, -0.9351503849029541], [-0.9495987892150879, 0.01475694589316845, -0.4861283004283905, 0.5990423560142517, -0.054426927119493484, -0.027428630739450455, 0.31512168049812317, 0.3786703646183014], [-0.2024114727973938, -0.9852597713470459, 0.5935736894607544, -0.05340180546045303, 0.36292973160743713, -0.940628707408905, 0.9591212868690491, 0.22880861163139343], [4.778482437133789, -9.742972373962402, -0.36925458908081055, 0.11653941869735718, -0.7791008353233337, -35.12465286254883, -0.3074221611022949, -0.6806280016899109], [1.0808076858520508, -0.13591553270816803, 0.6742992401123047, 4.954499244689941, -0.571148693561554, -1.0517243146896362, 0.4403438866138458, -3.376478910446167], [-4.768671989440918, 0.039464302361011505, -0.5324112772941589, 0.9167694449424744, -0.35638076066970825, -1.5850940942764282, 0.4658214747905731, 0.4187648892402649], [-0.20940719544887543, -7.104104518890381, 0.7659785151481628, -0.14106616377830505, 0.40124669671058655, -2.3392627239227295, 2.0236899852752686, 0.5339778065681458]]}