{"step": 137, "width": 8, "height": 8, "values": [[0.3591749370098114, -0.9824079871177673, 0.5851094126701355, 0.1396043747663498, 0.07499369978904724, 0.6579887270927429, -0.5278521776199341, -0.06794144213199615], [0.06896431744098663, -0.8976927995681763, 0.7124174237251282, 0.7160493731498718, -0.8440577983856201, -0.34254106879234314, 0.12926718592643738, 0.8671308755874634], [0.2532987892627716, -0.023141594603657722, -0.02473745308816433, -0.9037653207778931, 0.16663289070129395, 0.41568723320961, -0.22926127910614014, 0.35787492990493774], [0.9421027898788452, -0.9887873530387878, 0.1136227399110794, -0.23308591544628143, 0.6878296136856079, 0.8118117451667786, 0.5731145143508911, -0.057524822652339935], [28.4481201171875, -20.10586166381836, 0.8064782619476318, 0.15383876860141754, 0.07614099979400635, 0.9347257614135742, -0.589915931224823, -0.150567427277565], [0.5514097213745117, -1.5288058519363403, 1.152488350868225, 1.8876523971557617, -1.3678172826766968, -0.35973310470581055, 0.14812228083610535, 1.4495364427566528], [0.43515872955322266, -0.02662806026637554, -0.025065064430236816, -4.860677719116211, 0.7828375101089478, 0.4708704352378845, -0.2437318116426468, 0.433817058801651], [3.553524971008301, -2.7226972579956055, 0.13237519562244415, -0.25311654806137085, 1.1121002435684204, 1.9648354053497314, 0.6906449794769287, -0.08385880291461945]]}