{"step": 27, "width": 8, "height": 8, "values": [[-0.9300321936607361, 0.7381302118301392, 0.5607776045799255, 0.312570184469223, -0.9538795351982117, -0.8049753308296204, -0.00021540862508118153, -0.19504612684249878], [0.5102298855781555, -0.43429815769195557, 0.5618703365325928, 0.5803703665733337, -0.3026583790779114, -0.10667696595191956, 0.06318385154008865, 0.4071832597255707], [0.10460682213306427, 0.11387687921524048, -0.27364853024482727, -0.9902786612510681, 0.0030479549895972013, 0.8014165163040161, -0.4503919780254364, 0.04789183288812637], [0.95976322889328, -0.3834865093231201, 0.1744178980588913, 0.26245227456092834, 0.8427950143814087, 0.8429675698280334, 0.060885801911354065, 0.04413389787077904], [-3.753857374191284, 0.9760081171989441, 0.8865261673927307, 0.3262912333011627, -2.205597400665283, -1.2173832654953003, -0.00021606071095447987, -0.38070598244667053], [0.9621233344078064, -0.8098275661468506, 1.3718950748443604, 1.4988183975219727, -0.3402481973171234, -0.10755655914545059, 0.3344973623752594, 0.4569586515426636], [0.7585521936416626, 0.3629855215549469, -0.28101956844329834, -5.184290409088135, 0.003418966894969344, 1.3011441230773926, -0.6210390329360962, 0.05048428103327751], [3.462360143661499, -0.404834508895874, 0.23547157645225525, 0.28861668705940247, 1.450503945350647, 6.292901992797852, 0.06420111656188965, 0.04803568497300148]]}