{"step": 8, "width": 8, "height": 8, "values": [[-0.19044412672519684, 0.459690660238266, -0.8361724615097046, -0.14930763840675354, 0.2594618797302246, 0.0815180093050003, 0.19092127680778503, -0.14635393023490906], [0.6892083287239075, 0.2793613076210022, 0.04224570095539093, -0.03410574421286583, -0.623826801776886, -0.028036465868353844, -0.3017890155315399, 0.08304127305746078], [0.2741204798221588, 0.004871150013059378, -0.567854106426239, -0.4075702428817749, -0.4050845503807068, -0.5784406661987305, 0.32433241605758667, 0.686578631401062], [0.19883720576763153, -0.01860055886209011, 0.35806089639663696, 0.37478703260421753, 0.3743745684623718, 0.15803442895412445, -0.01853770576417446, 0.47453784942626953], [-0.2157188206911087, 0.5311938524246216, -1.4758869409561157, -0.15978655219078064, 0.2709815502166748, 0.09181546419858932, 0.1965368390083313, -0.3063954710960388], [0.8571857213973999, 0.28781864047050476, 0.059043992310762405, -0.08581683039665222, -0.7984527945518494, -0.028190363198518753, -0.3120735287666321, 0.09815667569637299], [0.2922835052013397, 0.03654767945408821, -0.6631983518600464, -0.480258047580719, -0.5024605393409729, -0.8160761594772339, 0.44973060488700867, 0.9051147699356079], [0.20297716557979584, -0.018771978095173836, 0.4132765233516693, 0.46073392033576965, 0.4985644221305847, 0.22467255592346191, -0.02132199890911579, 0.6356807351112366]]}