{"step": 140, "width": 8, "height": 8, "values": [[0.3048253059387207, -0.9690414667129517, 0.633380651473999, 0.09791074693202972, 0.016433363780379295, 0.5501220226287842, -0.3908950090408325, -0.13513460755348206], [0.11339220404624939, -0.8853868842124939, 0.6761698126792908, 0.7600799798965454, -0.7046602964401245, -0.3344947099685669, -0.26426729559898376, 0.8726456761360168], [0.08498606830835342, 0.1610993891954422, -0.3000774681568146, -0.9411426782608032, 0.6603909730911255, -0.5013911724090576, -0.44800153374671936, 0.32107147574424744], [0.934461236000061, -0.9866952300071716, 0.18722279369831085, -0.24420729279518127, 0.7088004946708679, 0.8437672853469849, 0.5829150676727295, 0.04364337399601936], [29.723783493041992, -20.84557342529297, 0.8539798259735107, 0.11449172347784042, 0.0167323537170887, 0.7196497321128845, -0.41495275497436523, -0.2769626975059509], [0.5360347032546997, -1.4300270080566406, 1.126948356628418, 2.0598363876342773, -1.0843449831008911, -0.35384687781333923, -0.2843799591064453, 1.522513747215271], [0.1446397602558136, 0.20107129216194153, -0.3145175874233246, -5.452221870422363, 1.07996666431427, -0.5702447295188904, -0.49166977405548096, 0.41964179277420044], [3.575646162033081, -2.7836008071899414, 0.21767009794712067, -0.3149335980415344, 1.3020453453063965, 2.619688034057617, 0.699626088142395, 0.13103660941123962]]}