{"step": 135, "width": 8, "height": 8, "values": [[0.25770318508148193, -0.9834174513816833, 0.40222686529159546, 0.16111814975738525, 0.07709554582834244, 0.7030935883522034, -0.5191482901573181, -0.12559501826763153], [0.27588072419166565, -0.9089312553405762, 0.6762931942939758, 0.8134415149688721, -0.3124501407146454, -0.3452461361885071, -0.3157631754875183, 0.8619414567947388], [0.06469465792179108, -0.0724564865231514, -0.10702208429574966, -0.9416256546974182, 0.6581283211708069, 0.9705160856246948, -0.6431872844696045, 0.3367239236831665], [0.9324464797973633, -0.9864395260810852, 0.3203396797180176, -0.14592447876930237, 0.5786118507385254, 0.7835548520088196, 0.5661346316337585, -0.09459701925516129], [27.364572525024414, -19.66511344909668, 0.5632262825965881, 0.16658128798007965, 0.07833489775657654, 1.0606569051742554, -0.5793641209602356, -0.18556910753250122], [0.8170101642608643, -2.357050895690918, 1.1650371551513672, 1.7073380947113037, -0.40689510107040405, -0.36234718561172485, -0.46775946021080017, 1.4042332172393799], [0.2809355556964874, -0.07609463483095169, -0.1202312633395195, -4.678513526916504, 0.8333776593208313, 2.2306203842163086, -0.8607717156410217, 0.37069788575172424], [3.5346899032592773, -2.668734073638916, 0.5021758079528809, -0.15117929875850677, 1.0557122230529785, 1.1935045719146729, 0.6870257258415222, -0.10206819325685501]]}