{"step": 145, "width": 8, "height": 8, "values": [[0.3470264673233032, -0.9767225384712219, 0.7878284454345703, 0.1600029468536377, 0.010898382402956486, 0.5575369000434875, -0.3440229594707489, -0.1925634890794754], [0.3034731447696686, -0.9435878396034241, 0.7137230038642883, 0.7573661804199219, -0.5353183150291443, -0.3315344750881195, -0.5066127181053162, 0.7603655457496643], [0.09985002130270004, 0.14220577478408813, -0.08790338784456253, -0.8278063535690308, 0.17191019654273987, 0.8167358040809631, -0.6604074835777283, 0.10798168927431107], [0.9700995087623596, -0.9904537200927734, 0.2573394775390625, -0.19009874761104584, 0.615386962890625, 0.8723346590995789, 0.594712495803833, 0.09154806286096573], [29.673542022705078, -21.208595275878906, 1.273402214050293, 0.16802668571472168, 0.01102698128670454, 0.6970211863517761, -0.35944363474845886, -0.2876836955547333], [1.1304014921188354, -1.7727535963058472, 1.0932600498199463, 1.605544924736023, -0.8281668424606323, -0.3472368121147156, -0.5733853578567505, 1.0768557786941528], [0.15997770428657532, 0.1862943321466446, -0.10170967876911163, -4.9511003494262695, 0.2126893848180771, 1.3844201564788818, -1.0781128406524658, 0.11776380985975266], [3.24114990234375, -2.8284876346588135, 0.38832080364227295, -0.22525984048843384, 1.1411261558532715, 1.4860239028930664, 0.7225444316864014, 0.1322820484638214]]}