{"step": 92, "width": 8, "height": 8, "values": [[0.28684428334236145, -0.9614194631576538, 0.5386409163475037, -0.062169432640075684, 0.4240962266921997, 0.5535905361175537, -0.4502636790275574, -0.10321060568094254], [0.1482035219669342, -0.9788710474967957, 0.7821447849273682, 0.7770082950592041, -0.7694283127784729, -0.41039353609085083, 0.26456794142723083, 0.7259474396705627], [0.04055700823664665, -0.015114999376237392, -0.36546945571899414, -0.9423835277557373, 0.15429209172725677, 0.829750657081604, -0.566422164440155, 0.4128594994544983], [0.9653044939041138, -0.9115912914276123, 0.15188485383987427, -0.03548436239361763, 0.6398991942405701, 0.680709958076477, 0.48418128490448, -0.06770604848861694], [18.342702865600586, -12.118531227111816, 0.8616036772727966, -0.06729395687580109, 0.45502719283103943, 0.7717714905738831, -0.48774203658103943, -0.21441873908042908], [0.478799432516098, -2.340064764022827, 1.4654178619384766, 2.197051763534546, -1.1188793182373047, -0.4391898810863495, 0.3451036512851715, 0.9762251377105713], [0.09511146694421768, -0.018955063074827194, -0.38712364435195923, -4.301527976989746, 0.5487861037254333, 1.3660584688186646, -0.6591190099716187, 0.47508952021598816], [3.2811319828033447, -1.555387258529663, 0.17946292459964752, -0.036290161311626434, 0.9816701412200928, 1.506624698638916, 0.5627801418304443, -0.1190788596868515]]}