{"step": 163, "width": 8, "height": 8, "values": [[0.4783995449542999, -0.9774314761161804, 0.7124210000038147, 0.1575620025396347, -0.2360917031764984, 0.09518617391586304, -0.3955006003379822, -0.11255376040935516], [0.19148893654346466, -0.9614678025245667, 0.5957136750221252, 0.7660292983055115, -0.6283987164497375, -0.30556419491767883, 0.013806022703647614, 0.8510181903839111], [-0.1823970228433609, -0.005237840116024017, -0.24659548699855804, -0.9158703684806824, -0.10461955517530441, 0.8182166814804077, -0.02157989703118801, 0.10147137194871902], [0.9358558654785156, -0.9941145777702332, 0.20600779354572296, -0.11885958909988403, 0.7174304723739624, 0.4418413043022156, 0.6440302133560181, -0.028223397210240364], [29.72440528869629, -22.395139694213867, 1.011714220046997, 0.16195924580097198, -0.24184849858283997, 0.09960217028856277, -0.42941316962242126, -0.2750313878059387], [0.8590608239173889, -2.337554454803467, 1.0141712427139282, 1.9997926950454712, -0.8725216388702393, -0.31696823239326477, 0.10580116510391235, 1.378322958946228], [-0.33958566188812256, -0.005945258773863316, -0.2522135078907013, -3.103588342666626, -0.5031033158302307, 2.674316167831421, -0.023550566285848618, 0.11690012365579605], [2.4952898025512695, -3.1958839893341064, 0.24043752253055573, -0.1377597451210022, 0.9649006128311157, 0.5302966833114624, 0.7944958209991455, -0.046726055443286896]]}