{"step": 134, "width": 8, "height": 8, "values": [[0.35019978880882263, -0.9863043427467346, 0.439627081155777, 0.1894998401403427, 0.12380848079919815, 0.7288478016853333, -0.5160730481147766, -0.06397272646427155], [0.1682290881872177, -0.8237347602844238, 0.703502357006073, 0.694575846195221, -0.40137410163879395, -0.34629935026168823, 0.3432845175266266, 0.8595733046531677], [0.019908010959625244, 0.050267379730939865, -0.19703958928585052, -0.9719998240470886, 0.15601912140846252, 0.8740876317024231, -0.2757665514945984, 0.29690009355545044], [0.9387854933738708, -0.9854422211647034, 0.22131088376045227, -0.16042307019233704, 0.7806941866874695, 0.7489585876464844, 0.5679638981819153, -0.06219211965799332], [26.822824478149414, -19.464048385620117, 0.6714873909950256, 0.20025590062141418, 0.1264638453722, 1.0387252569198608, -0.5733922719955444, -0.15445750951766968], [1.3964354991912842, -2.616286277770996, 1.1655042171478271, 1.623158574104309, -0.4429498016834259, -0.363118976354599, 0.5653957724571228, 1.3971524238586426], [0.19300243258476257, 0.09772524237632751, -0.2041531503200531, -5.317835807800293, 0.4295358657836914, 1.6624188423156738, -0.4298175275325775, 0.34466129541397095], [3.5463595390319824, -2.6486613750457764, 0.26973119378089905, -0.1675974577665329, 1.220079779624939, 1.3783403635025024, 0.6853040456771851, -0.06892853230237961]]}