{"step": 112, "width": 8, "height": 8, "values": [[0.16342681646347046, -0.963582456111908, 0.9600733518600464, -0.15485136210918427, 0.6395449638366699, 0.5330624580383301, -0.350829154253006, -0.18435513973236084], [0.24775901436805725, -0.9525462985038757, 0.7412126064300537, 0.6042105555534363, -0.8527688384056091, -0.3905702531337738, 0.5208788514137268, 0.8144426345825195], [-0.07295186072587967, 0.010694339871406555, -0.3785177767276764, -0.9386322498321533, 0.1411345899105072, -0.09131928533315659, -0.6149160265922546, 0.32651787996292114], [0.9744696617126465, -0.9606766700744629, 0.19223640859127045, -0.10852502286434174, 0.7972636222839355, 0.8335806131362915, 0.5217201709747314, 0.06586489081382751], [19.931930541992188, -15.328290939331055, 2.522785186767578, -0.16951444745063782, 0.7643072605133057, 0.6991546154022217, -0.36659005284309387, -0.36290401220321655], [0.678164541721344, -1.8609787225723267, 1.3470815420150757, 1.052351474761963, -1.4727615118026733, -0.4184970259666443, 0.5836580991744995, 1.2453258037567139], [-0.14888498187065125, 0.10856332629919052, -0.4346979260444641, -3.212216377258301, 0.1877828985452652, -0.10870484262704849, -1.0857840776443481, 0.3535839319229126], [3.522818088531494, -2.034027099609375, 0.2338736206293106, -0.12270818650722504, 1.3078031539916992, 1.3711333274841309, 0.6121507287025452, 0.4569892883300781]]}