{"step": 244, "width": 8, "height": 8, "values": [[0.8209500908851624, -0.9914813041687012, -0.4438352882862091, 0.020281346514821053, -0.5959030389785767, -0.9748202562332153, -0.09024103730916977, -0.23728151619434357], [0.6451542973518372, -0.2350490540266037, 0.2623734474182129, 0.7989822030067444, -0.48054635524749756, -0.7546892166137695, 0.3301331400871277, -0.9036489725112915], [-0.9921097159385681, 0.015604187734425068, -0.7040750980377197, 0.532519519329071, -0.04355983808636665, -0.08445976674556732, 0.0659286305308342, 0.44066086411476135], [-0.17618483304977417, -0.9115682244300842, 0.6914849877357483, -0.04253697395324707, 0.34866493940353394, -0.9566169381141663, 0.9478946924209595, 0.17336000502109528], [4.777109146118164, -11.287433624267578, -0.6289998292922974, 0.02381107583642006, -0.6926114559173584, -30.92800521850586, -0.09457095712423325, -0.5809853076934814], [0.8139359951019287, -0.24058644473552704, 0.7350526452064514, 5.135958671569824, -0.6590457558631897, -0.9864428639411926, 0.343546986579895, -2.175201892852783], [-5.492475509643555, 0.09904284030199051, -1.3438712358474731, 0.7345637679100037, -0.13794326782226562, -1.2039434909820557, 0.16444869339466095, 0.4816095530986786], [-0.17970968782901764, -6.980461597442627, 0.97770094871521, -0.2842373847961426, 0.4105200469493866, -3.465264081954956, 1.8962230682373047, 1.1322182416915894]]}