{"step": 102, "width": 8, "height": 8, "values": [[0.28356823325157166, -0.9744817614555359, 0.8733149170875549, -0.35634422302246094, 0.6426184177398682, 0.39967915415763855, -0.7110294103622437, -0.2198360711336136], [0.03980771824717522, -0.6863569021224976, 0.8027174472808838, 0.631947934627533, -0.6545566916465759, -0.4036775231361389, -0.5715065598487854, 0.7665369510650635], [0.09916849434375763, -0.07488759607076645, -0.022206751629710197, -0.7223353385925293, -0.21353034675121307, 0.7573652267456055, -0.5572752356529236, 0.19347620010375977], [0.9650372862815857, -0.942642331123352, 0.18229664862155914, 0.05851662531495094, 0.5174146890640259, 0.628345787525177, 0.501469075679779, -0.26321935653686523], [16.60556411743164, -12.598416328430176, 1.5371440649032593, -0.3792157769203186, 0.7853825092315674, 0.4710284471511841, -0.8986417651176453, -0.33565178513526917], [0.14409205317497253, -0.8415548801422119, 1.4215916395187378, 1.1598767042160034, -1.0189385414123535, -0.4319297969341278, -0.6923609972000122, 1.0960869789123535], [0.27438288927078247, -0.08245636522769928, -0.022509142756462097, -1.2398912906646729, -0.32262754440307617, 1.15520179271698, -1.063491940498352, 0.2222890406847], [3.3676342964172363, -1.7687045335769653, 0.2739253342151642, 0.06066063418984413, 0.7411826252937317, 0.8991578817367554, 0.5800095796585083, -0.3816363215446472]]}