{"step": 207, "width": 8, "height": 8, "values": [[0.6026819348335266, -0.9644565582275391, 0.3420272469520569, 0.011510442942380905, -0.9791872501373291, -0.9578118324279785, -0.20678074657917023, -0.16498075425624847], [-0.05889886990189552, -0.912743330001831, 0.4074070453643799, 0.9231629371643066, -0.21408365666866302, -0.55222487449646, -0.24278171360492706, 0.8870905637741089], [-0.955318808555603, 0.2864663004875183, 0.029013384133577347, 0.8182545304298401, 0.5837671160697937, -0.26149922609329224, 0.06746428459882736, -0.6623501181602478], [-0.023815708234906197, -0.945872962474823, 0.8133553266525269, -0.007841965183615685, 0.5638884902000427, -0.9943727850914001, 0.8542410135269165, 0.2578505277633667], [4.459777355194092, -19.92957305908203, 0.3888467252254486, 0.035208117216825485, -2.3576653003692627, -12.2286376953125, -0.3002096116542816, -0.22949674725532532], [-0.07302827388048172, -1.7264660596847534, 0.9104837775230408, 2.455064535140991, -0.5269811749458313, -0.6274107098579407, -0.2817959785461426, 1.6461366415023804], [-2.2954494953155518, 0.30041131377220154, 0.06981069594621658, 2.174767017364502, 0.7349413633346558, -1.2450041770935059, 0.08308758586645126, -0.8401234745979309], [-0.02536245621740818, -5.193140506744385, 1.4252429008483887, -0.14868362247943878, 0.7234208583831787, -3.169823408126831, 1.30203115940094, 0.9387579560279846]]}