{"step": 120, "width": 8, "height": 8, "values": [[0.24086657166481018, -0.9696683883666992, 0.962765634059906, -0.04811786487698555, 0.4955088198184967, 0.6464794874191284, -0.3827783465385437, -0.1024688333272934], [0.16801442205905914, -0.9653729796409607, 0.7604687809944153, 0.6124758124351501, -0.8547224402427673, -0.37304964661598206, 0.38307443261146545, 0.8517658710479736], [0.014889506623148918, -0.02470007725059986, -0.32160237431526184, -0.9066051840782166, -0.15174739062786102, 0.1418914496898651, -0.30344533920288086, 0.17482689023017883], [0.9699885249137878, -0.9750766754150391, 0.18465478718280792, -0.028347020968794823, 0.8259883522987366, 0.789771318435669, 0.5424127578735352, 0.04205392673611641], [22.631446838378906, -17.210275650024414, 2.522412061691284, -0.049819473177194595, 0.5492530465126038, 0.8582619428634644, -0.40391969680786133, -0.23156431317329407], [1.095107913017273, -2.026287078857422, 1.2790659666061401, 1.1809877157211304, -1.3615251779556274, -0.3956277370452881, 0.4110549986362457, 1.4124552011489868], [0.03237418457865715, -0.06884778290987015, -0.35748904943466187, -4.182689189910889, -0.4294300079345703, 0.18228094279766083, -0.9911556243896484, 0.18586698174476624], [3.5614254474639893, -2.2459347248077393, 0.2166517674922943, -0.033855073153972626, 1.3974452018737793, 1.2620586156845093, 0.6410617232322693, 0.0893232673406601]]}