{"step": 111, "width": 8, "height": 8, "values": [[0.2554536461830139, -0.9564864635467529, 0.9172264337539673, -0.1502295881509781, 0.6468344330787659, 0.5248590111732483, -0.35992464423179626, -0.211372509598732], [0.24892552196979523, -0.9491767883300781, 0.7342898845672607, 0.6672945618629456, -0.6850175857543945, -0.39262956380844116, -0.2802881598472595, 0.7864574790000916], [-0.0352477952837944, 0.09683255106210709, -0.28193873167037964, -0.9538847208023071, 0.4440402090549469, -0.7024180889129639, -0.5620734691619873, 0.3685115575790405], [0.9578530788421631, -0.959529459476471, 0.15350233018398285, -0.07231537997722626, 0.7217290997505188, 0.6283009648323059, 0.5162337422370911, -0.0037704030983150005], [19.86733627319336, -15.01998233795166, 2.378694534301758, -0.17855097353458405, 0.7944350242614746, 0.7072623372077942, -0.3782491981983185, -0.4143126606941223], [1.0351648330688477, -1.839767575263977, 1.355298638343811, 1.2527903318405151, -1.0437753200531006, -0.422953724861145, -0.3007299304008484, 1.1906429529190063], [-0.06555153429508209, 0.12143576890230179, -0.2914140522480011, -3.303180694580078, 0.6294141411781311, -0.9360951781272888, -0.6488284468650818, 0.45252475142478943], [3.5961790084838867, -2.0095226764678955, 0.1783090978860855, -0.09216899424791336, 1.3354971408843994, 1.432206630706787, 0.6054247617721558, -0.013964865356683731]]}