{"step": 45, "width": 8, "height": 8, "values": [[-0.13817110657691956, -0.6722336411476135, 0.8702551126480103, 0.10739308595657349, 0.2713669538497925, -0.9362598061561584, -0.22768650949001312, -0.22205211222171783], [0.37540072202682495, -0.7206007838249207, 0.8108763098716736, 0.2960176169872284, -0.904620885848999, -0.18043629825115204, 0.5765141248703003, -0.8999854326248169], [-0.5377973318099976, 0.02906271442770958, -0.24563468992710114, -0.9477790594100952, -0.003720605280250311, 0.003207832109183073, -0.15146279335021973, 0.21520240604877472], [0.988393247127533, -0.6065231561660767, 0.23543718457221985, 0.27906978130340576, 0.5797383189201355, 0.9217010140419006, 0.17076298594474792, 0.23739714920520782], [-0.17289917171001434, -0.8345686197280884, 1.4294931888580322, 0.11231116205453873, 0.2823193371295929, -2.307878255844116, -0.23210570216178894, -0.5267339944839478], [0.9363723993301392, -0.911321759223938, 1.6854281425476074, 0.47156471014022827, -1.586327314376831, -0.18298524618148804, 0.6707414984703064, -2.201012134552002], [-1.423713207244873, 0.30041325092315674, -0.2765742242336273, -3.3137452602386475, -0.009145376272499561, 0.0044511593878269196, -0.3598262667655945, 0.22356465458869934], [3.358854055404663, -0.7070825695991516, 0.2797791063785553, 0.3621806800365448, 0.7509494423866272, 4.833345413208008, 0.18072637915611267, 0.574446439743042]]}