{"step": 248, "width": 8, "height": 8, "values": [[0.8283377885818481, -0.9970445036888123, -0.27586880326271057, -0.09715442359447479, -0.7349386215209961, -0.9752598404884338, -0.14176598191261292, -0.12318573147058487], [0.7126269936561584, -0.04440063238143921, 0.2128070890903473, 0.7066558599472046, -0.03148967772722244, -0.7661094665527344, -0.2883286476135254, -0.9195023775100708], [-0.9823054075241089, -0.004135411232709885, -0.39679664373397827, 0.10470099002122879, 0.03510529547929764, -0.13943755626678467, 0.1784803718328476, 0.6395029425621033], [-0.20740671455860138, -0.953954815864563, 0.7103947997093201, 0.01619899459183216, 0.25499987602233887, -0.89570552110672, 0.9502604603767395, 0.6925815343856812], [4.933649063110352, -9.933826446533203, -0.6874820590019226, -0.11755266040563583, -0.9952073097229004, -33.07563018798828, -0.15286831557750702, -0.3038734793663025], [0.9501535892486572, -0.1029847264289856, 0.6931042075157166, 4.745441436767578, -0.032602205872535706, -1.0150413513183594, -0.3364943563938141, -3.079235792160034], [-6.045924186706543, -0.028434691950678825, -0.5969734787940979, 0.11848368495702744, 0.08398173004388809, -1.1573272943496704, 0.2966219186782837, 0.7696191072463989], [-0.2164173275232315, -7.035259246826172, 0.9666920304298401, 0.04570202901959419, 0.34478631615638733, -2.453237295150757, 1.9498018026351929, 0.9698216319084167]]}