{"step": 39, "width": 8, "height": 8, "values": [[-0.898202657699585, 0.47050246596336365, 0.021740753203630447, 0.2628428339958191, -0.43100109696388245, -0.9561299085617065, -0.5581272840499878, -0.041507571935653687], [0.26029226183891296, -0.5689305067062378, 0.6578023433685303, 0.3381268084049225, -0.8849607110023499, -0.1415645182132721, 0.07964462041854858, -0.9240103960037231], [-0.7818601727485657, 0.05202076584100723, 0.04830339178442955, -0.9316611886024475, 0.2987673580646515, -0.06994504481554031, 0.1689489632844925, 0.5883487462997437], [0.9875655174255371, -0.5801466107368469, 0.21083088219165802, 0.15762120485305786, 0.46933236718177795, 0.9506430625915527, 0.11653102189302444, 0.09140121191740036], [-1.8023000955581665, 0.5175371766090393, 0.023475883528590202, 0.29336315393447876, -0.46634340286254883, -2.5456550121307373, -0.6318723559379578, -0.102634958922863], [0.7091569900512695, -0.6906718015670776, 1.6410099267959595, 0.7650871276855469, -1.566736102104187, -0.14295350015163422, 0.08470224589109421, -2.6904773712158203], [-1.3737634420394897, 0.12570078670978546, 0.04977145045995712, -3.3738255500793457, 0.4773887097835541, -0.10735689103603363, 0.198274165391922, 0.703194797039032], [3.3869309425354004, -0.6686721444129944, 0.23852673172950745, 0.1969137191772461, 0.6537802815437317, 6.388845920562744, 0.12504123151302338, 0.1357840597629547]]}