{"step": 246, "width": 8, "height": 8, "values": [[0.7802181243896484, -0.9964560866355896, -0.40392595529556274, -0.06027790531516075, -0.7245917320251465, -0.9767807722091675, -0.10060285031795502, -0.3457006514072418], [0.6674486994743347, -0.18622782826423645, 0.18885165452957153, 0.8232523798942566, 0.0010938113555312157, -0.7621665596961975, -0.6587422490119934, -0.9253941774368286], [-0.9345822334289551, -0.01037914864718914, -0.4378514885902405, 0.43940499424934387, -0.10199736058712006, -0.19406183063983917, -0.16863510012626648, 0.5851497650146484], [-0.19203810393810272, -0.9669622778892517, 0.6681936383247375, -0.05559174716472626, 0.22164204716682434, -0.9375374913215637, 0.9486646056175232, 0.7441909313201904], [4.6960883140563965, -10.879734992980957, -0.8765382766723633, -0.06241823732852936, -0.965138852596283, -32.15118408203125, -0.10304713994264603, -0.5778467655181885], [0.8182608485221863, -0.20089706778526306, 0.7257084250450134, 4.715360164642334, 0.0013501669745892286, -1.0045135021209717, -0.820243775844574, -2.429672956466675], [-5.492860794067383, -0.07520247250795364, -0.7104654312133789, 0.5248537063598633, -0.11215800046920776, -0.5647512078285217, -0.6704198718070984, 0.6788789629936218], [-0.19835355877876282, -6.997185707092285, 1.1115089654922485, -0.09182033687829971, 0.35152584314346313, -2.4644174575805664, 1.9288642406463623, 1.2081692218780518]]}