{"step": 249, "width": 8, "height": 8, "values": [[0.8231311440467834, -0.9925805330276489, 0.18589447438716888, -0.04081885889172554, -0.7011213898658752, -0.97974693775177, -0.1981631964445114, -0.3402930200099945], [0.704399585723877, -0.5138830542564392, 0.23195518553256989, 0.7764825224876404, -0.08966168016195297, -0.7698130011558533, 0.11167401075363159, -0.9061028361320496], [-0.9764776825904846, 0.006942103151232004, -0.6862269639968872, 0.5160187482833862, 0.03720042482018471, -0.019831668585538864, 0.10195855796337128, 0.5190675258636475], [-0.21577240526676178, -0.8965137600898743, 0.6600022912025452, 0.0007631370099261403, 0.2217313051223755, -0.9759278893470764, 0.9492035508155823, 0.24236315488815308], [4.687494277954102, -10.047628402709961, 0.21726898849010468, -0.05211179703474045, -0.8956770896911621, -33.46787643432617, -0.20358076691627502, -0.5097745656967163], [0.913087785243988, -0.5719571113586426, 0.6890488266944885, 4.335861682891846, -0.17121689021587372, -1.0232099294662476, 0.11252615600824356, -3.103672981262207], [-5.623894691467285, 0.025876697152853012, -0.8953018188476562, 0.6621747016906738, 0.07785918563604355, -1.4602997303009033, 0.17846493422985077, 0.5931810736656189], [-0.22096732258796692, -7.037339210510254, 1.1397348642349243, 0.003942566458135843, 0.2561998963356018, -2.5298516750335693, 1.9607681035995483, 0.9820379614830017]]}