{"step": 86, "width": 8, "height": 8, "values": [[0.13480697572231293, -0.9733138680458069, 0.8845488429069519, -0.057143084704875946, 0.5643426179885864, 0.5243163108825684, -0.45666927099227905, -0.154240220785141], [0.3324422836303711, -0.9042131304740906, 0.7005022764205933, 0.8736340999603271, -0.3677818179130554, -0.40966135263442993, -0.41818752884864807, 0.8016245365142822], [-0.07044890522956848, -0.04430830851197243, -0.10493722558021545, -0.9741758108139038, 0.8203796148300171, 0.24223041534423828, -0.5967280864715576, 0.42843106389045715], [0.9306372404098511, -0.8881430625915527, 0.39902418851852417, 0.018493976444005966, 0.7489175200462341, 0.8410083651542664, 0.4681911766529083, -0.3873894512653351], [15.774235725402832, -10.632761001586914, 1.7565521001815796, -0.05994739383459091, 0.653552234172821, 0.7238343954086304, -0.49445098638534546, -0.22203437983989716], [0.741780161857605, -1.8901976346969604, 1.4976191520690918, 2.1624221801757812, -0.4996320903301239, -0.4408084452152252, -0.5364354848861694, 1.1778223514556885], [-0.5456194281578064, -0.048779621720314026, -0.11794047057628632, -3.847034215927124, 1.1788102388381958, 0.2485964000225067, -0.7657749056816101, 0.47904714941978455], [3.3411552906036377, -1.4475947618484497, 0.5819425582885742, 0.019079316407442093, 1.5763353109359741, 1.4262094497680664, 0.5473741888999939, -0.6944217085838318]]}