{"step": 93, "width": 8, "height": 8, "values": [[0.3087620437145233, -0.9898145198822021, 0.37566137313842773, -0.08405044674873352, 0.3963448107242584, 0.5679780840873718, -0.47653746604919434, -0.07995279133319855], [0.1986619383096695, -0.943821907043457, 0.768549382686615, 0.7314557433128357, -0.7169412970542908, -0.40957722067832947, -0.1822333037853241, 0.7240733504295349], [0.14906184375286102, -0.02274358458817005, -0.16633287072181702, -0.9476096630096436, 0.16348372399806976, 0.8693203926086426, -0.3322366774082184, 0.49169492721557617], [0.949700117111206, -0.917904794216156, 0.15903151035308838, -0.038500189781188965, 0.600653350353241, 0.6929741501808167, 0.4866181015968323, -0.19848337769508362], [18.965810775756836, -12.272061347961426, 0.591375470161438, -0.08792059123516083, 0.4275868237018585, 0.7882031798362732, -0.5211130380630493, -0.1765354424715042], [0.9380256533622742, -2.551819324493408, 1.4586848020553589, 2.1892805099487305, -0.9364281296730042, -0.4384547770023346, -0.23040080070495605, 0.9789360761642456], [0.3624410927295685, -0.03449071943759918, -0.1812792867422104, -4.669475555419922, 0.4429236948490143, 1.4474918842315674, -0.37484943866729736, 0.5572640895843506], [3.315322160720825, -1.588965892791748, 0.1916922926902771, -0.039506711065769196, 0.9732365012168884, 1.5990934371948242, 0.5653495192527771, -0.2223130166530609]]}