{"step": 213, "width": 8, "height": 8, "values": [[0.6864703893661499, -0.9942516088485718, 0.31289392709732056, 0.022118186578154564, -0.9845724701881409, -0.9748091697692871, -0.26304060220718384, -0.13320089876651764], [0.34202292561531067, -0.8397424221038818, 0.3240637183189392, 0.7962626218795776, -0.7723637223243713, -0.6070863604545593, -0.11083238571882248, 0.8419328927993774], [-0.9682852625846863, 0.02547060325741768, -0.31472253799438477, 0.6510350108146667, 0.0666302889585495, -0.017100442200899124, 0.009005989879369736, -0.3370473086833954], [0.026967866346240044, -0.9829407334327698, 0.6120002865791321, -0.022974060848355293, 0.6182070970535278, -0.9911803007125854, 0.8821702599525452, 0.5521913170814514], [4.445319175720215, -18.863605499267578, 0.3672749698162079, 0.03447011485695839, -2.625286340713501, -14.443842887878418, -0.28158262372016907, -0.326745867729187], [0.4236728847026825, -1.2358580827713013, 0.8899753093719482, 3.0673935413360596, -1.1448733806610107, -0.7099242210388184, -0.12036970257759094, 1.3419941663742065], [-2.2950732707977295, 0.31826645135879517, -0.7470086216926575, 1.252504825592041, 0.28040996193885803, -0.7565925717353821, 0.14486682415008545, -0.36194634437561035], [0.027905840426683426, -5.549246788024902, 0.7481856346130371, -0.17860250174999237, 0.8298408389091492, -3.228611946105957, 1.4231796264648438, 1.0380293130874634]]}