{"step": 222, "width": 8, "height": 8, "values": [[0.5707931518554688, -0.997078537940979, -0.1541638970375061, 0.07138668745756149, -0.9752825498580933, -0.9707731604576111, -0.19507145881652832, -0.30596283078193665], [0.5947848558425903, -0.5617486238479614, 0.1653198003768921, 0.8791701197624207, -0.15460655093193054, -0.6573514938354492, -0.6678529381752014, 0.6495242118835449], [-0.8761699795722961, -0.02593657560646534, -0.5165765881538391, 0.24235935509204865, -0.06176028773188591, 0.018480883911252022, -0.24809835851192474, 0.42012861371040344], [0.004527564160525799, -0.9773676991462708, 0.6451583504676819, -0.039888739585876465, 0.414357453584671, -0.9788514971733093, 0.9065482020378113, 0.6402743458747864], [6.426016330718994, -16.377470016479492, -0.2666134834289551, 0.07525988668203354, -3.2245240211486816, -19.96625518798828, -0.19912351667881012, -0.4664239287376404], [0.7104231715202332, -0.6656438112258911, 0.8715775012969971, 5.81439733505249, -0.18604931235313416, -0.7914103269577026, -0.8381462693214417, 0.8227291107177734], [-3.008105516433716, -0.1172248050570488, -0.8313309550285339, 0.2630399167537689, -0.0674290806055069, 0.03380652889609337, -0.7990333437919617, 0.4522104263305664], [0.00475326320156455, -6.126921653747559, 1.0401763916015625, -0.07057598233222961, 0.7280145287513733, -3.7944157123565674, 1.579434871673584, 0.8919945359230042]]}