{"step": 195, "width": 8, "height": 8, "values": [[0.6047804951667786, -0.9601255059242249, 0.34774723649024963, 0.012699403800070286, -0.948390781879425, -0.9575968384742737, -0.18971620500087738, -0.1734551638364792], [-0.044230829924345016, -0.9283989667892456, 0.4189348518848419, 0.928281843662262, -0.2062302976846695, -0.4328961670398712, -0.2531069815158844, 0.9015350341796875], [-0.9524155855178833, 0.2731986343860626, 0.017688995227217674, 0.8290339708328247, 0.5358884930610657, -0.29829832911491394, 0.07484158873558044, -0.6803735494613647], [0.08754876255989075, -0.9463167190551758, 0.7988404631614685, -0.005777075886726379, 0.5650460720062256, -0.9924497604370117, 0.7994459867477417, 0.27947309613227844], [6.903327465057373, -21.636817932128906, 0.39294683933258057, 0.039392583072185516, -1.8434163331985474, -8.536870002746582, -0.27695026993751526, -0.24124926328659058], [-0.055275075137615204, -1.8648982048034668, 0.9434825778007507, 3.124711513519287, -0.5060775876045227, -0.4675433337688446, -0.29233771562576294, 1.7893613576889038], [-2.216607093811035, 0.28536441922187805, 0.039962511509656906, 2.0060365200042725, 0.6473581790924072, -1.3025414943695068, 0.09318606555461884, -0.873173177242279], [0.09381955116987228, -4.611251354217529, 1.3704371452331543, -0.10932981222867966, 0.7265427708625793, -2.957263708114624, 1.1191902160644531, 0.9657503962516785]]}