{"step": 242, "width": 8, "height": 8, "values": [[0.876451849937439, -0.9902951717376709, -0.36909744143486023, 0.07282417267560959, -0.7856285572052002, -0.9860432147979736, -0.25161245465278625, -0.2210870236158371], [0.622822105884552, -0.00709510175511241, 0.2007087618112564, 0.8083088994026184, -0.5047653913497925, -0.7420374751091003, 0.16518324613571167, -0.8941563963890076], [-0.9735110998153687, 0.014260323718190193, -0.48418301343917847, 0.5886033177375793, -0.04518710449337959, -0.05405270680785179, 0.3661176860332489, 0.4522871971130371], [-0.1428816169500351, -0.9750863909721375, 0.5874434113502502, -0.038331203162670135, 0.402226984500885, -0.938853919506073, 0.9467273354530334, 0.36645692586898804], [5.984039783477783, -11.791644096374512, -0.5670140385627747, 0.07776442915201187, -1.0803245306015015, -30.237449645996094, -0.2699297368526459, -0.5912318825721741], [0.8901042342185974, -0.008194776251912117, 0.7508697509765625, 5.725168228149414, -0.6114917993545532, -0.957402229309082, 0.4798022508621216, -1.93359375], [-5.350561618804932, 0.038416389375925064, -0.530619204044342, 0.8492596745491028, -0.28364622592926025, -1.5517115592956543, 0.46610820293426514, 0.5132918953895569], [-0.14706484973430634, -6.958381175994873, 0.7552042007446289, -0.1152753233909607, 0.4560406804084778, -3.749073028564453, 1.8663283586502075, 0.8659371137619019]]}