{"step": 109, "width": 8, "height": 8, "values": [[0.23988133668899536, -0.9750010967254639, 0.9623425006866455, -0.14518386125564575, 0.6893045902252197, 0.5370643734931946, -0.48251521587371826, -0.13044308125972748], [0.1719202846288681, -0.9418052434921265, 0.7746371626853943, 0.5600981116294861, -0.8937408328056335, -0.39713242650032043, -0.10946035385131836, 0.8032217025756836], [-0.07947279512882233, -0.013867775909602642, -0.1498599499464035, -0.8987436890602112, -0.18398872017860413, -0.3587886095046997, -0.34103623032569885, 0.41761454939842224], [0.9757547378540039, -0.9577805399894714, 0.13294121623039246, -0.10767359286546707, 0.7598026990890503, 0.7509772181510925, 0.5135419964790344, -0.023971397429704666], [18.801555633544922, -14.225600242614746, 2.634174346923828, -0.15647286176681519, 0.8667712807655334, 0.6677483320236206, -0.5270152688026428, -0.31408587098121643], [1.0900604724884033, -1.755902647972107, 1.3743473291397095, 0.9971916675567627, -1.6533231735229492, -0.42563313245773315, -0.11070521175861359, 1.2495592832565308], [-0.12943588197231293, -0.05140427127480507, -0.16351225972175598, -2.7320570945739746, -0.4469520151615143, -0.5373290181159973, -0.5820010900497437, 0.488043874502182], [3.551753282546997, -1.972766399383545, 0.15131808817386627, -0.13978926837444305, 1.227491855621338, 1.3082324266433716, 0.5978830456733704, -0.09066601097583771]]}