{"step": 107, "width": 8, "height": 8, "values": [[0.2723826467990875, -0.9632896780967712, 0.9217109680175781, -0.2695957124233246, 0.6829463839530945, 0.4714353680610657, -0.7005696296691895, -0.0917215570807457], [0.06266026943922043, -0.9214707016944885, 0.7777218222618103, 0.6938132047653198, -0.776453971862793, -0.39836210012435913, 0.3195454478263855, 0.7998811602592468], [0.014467928558588028, -0.05368375778198242, 0.14891104400157928, -0.8990796804428101, -0.029827233403921127, -0.22548545897006989, -0.18645742535591125, 0.3688850998878479], [0.9574944972991943, -0.9546353220939636, 0.1326720118522644, -0.07889461517333984, 0.7042038440704346, 0.7083337903022766, 0.5059946775436401, -0.037012696266174316], [18.40130615234375, -13.684792518615723, 1.9372923374176025, -0.30806753039360046, 0.8527801036834717, 0.6301652789115906, -0.9200848937034607, -0.2085244208574295], [0.556439995765686, -1.6126065254211426, 1.3935133218765259, 1.441433310508728, -1.4242935180664062, -0.4267224669456482, 0.3411960005760193, 1.2412720918655396], [0.023561768233776093, -0.054540738463401794, 0.15113085508346558, -2.0456676483154297, -0.07190345227718353, -0.24391929805278778, -0.19286306202411652, 0.47384485602378845], [3.48186993598938, -1.9360568523406982, 0.1566871553659439, -0.09594874083995819, 1.0475397109985352, 1.6325064897537231, 0.5889589786529541, -0.19661064445972443]]}