{"step": 206, "width": 8, "height": 8, "values": [[0.6026400327682495, -0.9642479419708252, 0.34199070930480957, 0.011540296487510204, -0.9781038761138916, -0.9577837586402893, -0.20546120405197144, -0.16570323705673218], [-0.058591268956661224, -0.9136179685592651, 0.40826061367988586, 0.9244423508644104, -0.21388301253318787, -0.5427848696708679, -0.24319465458393097, 0.8885538578033447], [-0.955062985420227, 0.2860480546951294, 0.028872428461909294, 0.81888747215271, 0.5826283693313599, -0.26317158341407776, 0.06797389686107635, -0.663425087928772], [-0.020240072160959244, -0.9459883570671082, 0.8124662041664124, -0.007787481416016817, 0.5645710229873657, -0.9943587779998779, 0.8502396941184998, 0.25890976190567017], [4.531581401824951, -20.06621551513672, 0.3886892795562744, 0.03533260524272919, -2.327226400375366, -11.943095207214355, -0.29842373728752136, -0.23043100535869598], [-0.07266587764024734, -1.7334176301956177, 0.9133188128471375, 2.5150210857391357, -0.5263963937759399, -0.6137555241584778, -0.2822740972042084, 1.6582127809524536], [-2.2880449295043945, 0.2999333441257477, 0.06926312297582626, 2.1715941429138184, 0.7325519919395447, -1.2462267875671387, 0.08375668525695801, -0.8421063423156738], [-0.021558744832873344, -5.144745349884033, 1.4218932390213013, -0.14708323776721954, 0.7246699929237366, -3.1683716773986816, 1.2865840196609497, 0.940039873123169]]}