{"step": 14, "width": 8, "height": 8, "values": [[-0.9200671315193176, 0.4282739758491516, -0.522513210773468, -0.43104231357574463, -0.8912398815155029, -0.48086708784103394, 0.26273977756500244, -0.07341461628675461], [0.7057640552520752, -0.44027599692344666, 0.33819931745529175, 0.21750564873218536, -0.6023367047309875, -0.07698950171470642, 0.276018887758255, 0.719964861869812], [0.45907434821128845, 0.23096129298210144, -0.6509267091751099, -0.9476668834686279, 0.47724589705467224, 0.6678468585014343, -0.20201846957206726, -0.4086330831050873], [0.9421499967575073, -0.09473053365945816, 0.28172892332077026, 0.6882445812225342, 0.5899735689163208, 0.8718388676643372, 0.002178838010877371, 0.9481109976768494], [-1.9781975746154785, 0.4813920557498932, -0.6004509329795837, -0.49551013112068176, -1.4686933755874634, -0.6134530901908875, 0.27298352122306824, -0.14000913500785828], [0.911220371723175, -0.5179557800292969, 0.5528131127357483, 0.4751540422439575, -0.7819726467132568, -0.07773566246032715, 0.4350621998310089, 0.9695373773574829], [0.7161483764648438, 0.28168657422065735, -0.7814473509788513, -1.9018810987472534, 0.5584035515785217, 0.8169227838516235, -0.24544323980808258, -0.4479626417160034], [2.032055616378784, -0.09569238126277924, 0.3170471489429474, 0.9480254650115967, 0.8933168649673462, 1.9066643714904785, 0.002641003578901291, 2.196746826171875]]}