{"step": 98, "width": 8, "height": 8, "values": [[0.20751594007015228, -0.9673902988433838, 0.5391747355461121, -0.3328996002674103, 0.6517019867897034, 0.3224982023239136, -0.5762724280357361, -0.08677556365728378], [-0.1427638679742813, -0.23226338624954224, 0.8031416535377502, 0.6383336782455444, -0.11820611357688904, -0.4073449373245239, -0.06347157806158066, 0.7318006157875061], [0.0039167930372059345, 0.0328904464840889, -0.0025747818872332573, -0.7704238295555115, -0.0018254853785037994, 0.7877498865127563, 0.010082738474011421, -0.004675163421779871], [0.9379113912582397, -0.9266766309738159, 0.36288732290267944, -0.16109153628349304, 0.6863281726837158, 0.48833993077278137, 0.5003469586372375, -0.4555366337299347], [15.213037490844727, -12.346415519714355, 0.6914371252059937, -0.35393521189689636, 0.787928581237793, 0.37721022963523865, -1.0086753368377686, -0.19166895747184753], [-0.2418660968542099, -0.2561558783054352, 1.4302138090133667, 1.3516274690628052, -0.13609275221824646, -0.4371832609176636, -0.6013635396957397, 1.0072201490402222], [0.012932144105434418, 0.04915478080511093, -0.002728663384914398, -1.1644119024276733, -0.0021016299724578857, 1.161741852760315, 0.010741016827523708, -0.005450739990919828], [3.362504720687866, -1.6474940776824951, 0.42603054642677307, -0.17167477309703827, 0.896841287612915, 0.7127597332000732, 0.576236367225647, -0.7443600296974182]]}