{"step": 7, "width": 4, "height": 4, "values": [[0.20964562892913818, -0.21277345716953278, -0.18023012578487396, 0.7045038342475891], [0.05352003872394562, 0.028220873326063156, -0.9761566519737244, 0.7720875144004822], [0.2629629671573639, -0.6921107172966003, -0.9523171186447144, 0.9624620676040649], [0.05410635471343994, 0.13481886684894562, -2.209320068359375, 1.1411212682724]]}