{"step": 9, "width": 4, "height": 4, "values": [[0.07045501470565796, -0.2866111993789673, 0.1614692658185959, 0.5133686661720276], [0.41423842310905457, -0.0013860384933650494, -0.7641217708587646, 0.5712885856628418], [0.07328227907419205, -0.41002795100212097, 0.47181662917137146, 0.6429939866065979], [0.44369742274284363, -0.00670401519164443, -1.006059169769287, 0.7649082541465759]]}