{"step": 21, "width": 4, "height": 4, "values": [[0.8230627179145813, 0.7343899607658386, 0.9964853525161743, 0.6536125540733337], [0.41006234288215637, 0.7361684441566467, 0.999922513961792, -0.9633235335350037], [7.3201751708984375, 1.3677650690078735, 5.598110675811768, 7.358420372009277], [0.43620532751083374, 2.508160352706909, 5.13115119934082, -6.940066814422607]]}