{"step": 4, "width": 4, "height": 4, "values": [[0.2745000720024109, -0.18808239698410034, -0.24298644065856934, 0.9071871638298035], [0.03457530587911606, 0.11700936406850815, -0.9368904232978821, 0.7669750452041626], [0.34356188774108887, -0.5924447178840637, -0.9326408505439758, 1.9296575784683228], [0.03490597382187843, 0.523809015750885, -1.7121586799621582, 1.1120280027389526]]}