{"step": 15, "width": 4, "height": 4, "values": [[0.6365067362785339, 0.7226243615150452, 0.9503604769706726, 0.9049893617630005], [-0.0731397420167923, 0.3191189765930176, 0.9287711381912231, -0.9718583226203918], [4.777595043182373, 1.2260534763336182, 1.937987208366394, 4.1524529457092285], [-0.07369262725114822, 0.5865420699119568, 1.6495829820632935, -2.5209579467773438]]}