{"step": 23, "width": 4, "height": 4, "values": [[0.6406842470169067, 0.5306573510169983, 0.9983841776847839, 0.6079238057136536], [0.676645815372467, 0.9192655086517334, 0.9998705387115479, -0.8500942587852478], [8.70476245880127, 0.6511286497116089, 5.5378217697143555, 8.15150260925293], [0.8795109987258911, 4.05898904800415, 4.883786678314209, -7.487468719482422]]}