{"step": 19, "width": 4, "height": 4, "values": [[0.7003828883171082, 0.7302093505859375, 0.9942112565040588, 0.8317682147026062], [0.17202404141426086, 0.7047059535980225, 0.999132513999939, -0.9840652346611023], [7.006827354431152, 1.258744239807129, 5.267189025878906, 7.026978015899658], [0.1745743751525879, 1.9704747200012207, 3.8830838203430176, -5.5964674949646]]}