{"step": 12, "width": 4, "height": 4, "values": [[0.8410610556602478, 0.2645100951194763, 0.7249854803085327, 0.9196954369544983], [-0.08443045616149902, 0.1625678688287735, 0.7173920273780823, -0.7041623592376709], [2.5059962272644043, 0.760947048664093, 0.9611811637878418, 1.921745777130127], [-0.09079626202583313, 0.16485944390296936, 0.9022697806358337, -0.9055161476135254]]}