{"step": 14, "width": 4, "height": 4, "values": [[0.2547798156738281, 0.6466686129570007, 0.8224446773529053, 0.91886967420578], [-0.19132256507873535, 0.29516535997390747, 0.9239846467971802, -0.9137391448020935], [4.39596700668335, 0.9940094947814941, 1.1701900959014893, 3.310730457305908], [-0.1947343647480011, 0.30922600626945496, 1.615866780281067, -1.9081530570983887]]}