{"step": 11, "width": 4, "height": 4, "values": [[0.5041061043739319, -0.2448541671037674, 0.47434908151626587, 0.8258289098739624], [-0.190486341714859, 0.1464245766401291, 0.8114012479782104, 0.03401000425219536], [1.8756439685821533, -0.26166537404060364, 0.8453342914581299, 1.4227253198623657], [-0.22606931626796722, 0.1652526706457138, 1.1311438083648682, 0.07920138537883759]]}