{"step": 13, "width": 4, "height": 4, "values": [[0.5237126350402832, 0.38629233837127686, 0.8227584362030029, 0.8561071753501892], [-0.18797063827514648, 0.21641989052295685, 0.8688985109329224, -0.5935699939727783], [3.472856044769287, 0.4359365999698639, 1.4824490547180176, 2.399749279022217], [-0.2095482349395752, 0.2378872185945511, 1.3285892009735107, -1.6102733612060547]]}