{"step": 10, "width": 4, "height": 4, "values": [[0.5615236163139343, 0.0710463598370552, 0.6110309362411499, 0.7803780436515808], [-0.04985542967915535, 0.02063576877117157, 0.6714202165603638, 0.4521348774433136], [0.9635939598083496, 0.15944240987300873, 0.9522351622581482, 1.1053376197814941], [-0.053111184388399124, 0.02081093192100525, 0.8133580684661865, 0.5213552713394165]]}