{"step": 8, "width": 4, "height": 4, "values": [[0.35303619503974915, -0.1806545853614807, -0.09325867891311646, 0.334312379360199], [0.2074679285287857, -2.0997074898332357e-05, -0.9276179075241089, 0.6474636793136597], [0.41708725690841675, -0.6377630233764648, -0.2914500832557678, 0.40001094341278076], [0.21103531122207642, -0.000102883561339695, -1.6411186456680298, 0.9292875528335571]]}