{"step": 16, "width": 4, "height": 4, "values": [[0.6632025241851807, 0.7294373512268066, 0.985744297504425, 0.8838469982147217], [0.012483938597142696, 0.4654286205768585, 0.965406596660614, -0.9835814237594604], [5.301820278167725, 1.2569258213043213, 2.7450037002563477, 4.987679958343506], [0.012551665306091309, 0.8841174244880676, 2.0202207565307617, -3.290637254714966]]}