{"step": 0, "width": 4, "height": 4, "values": [[0.05657234415411949, 0.13287195563316345, -0.005627341102808714, 0.6217324733734131], [0.27072444558143616, -0.04342171922326088, 0.534723162651062, 0.5120076537132263], [0.06224796921014786, 0.1351371556520462, -0.008680096827447414, 0.7676981091499329], [0.3061198890209198, -0.09927287697792053, 0.5967504382133484, 0.7547063231468201]]}