{"step": 25, "width": 4, "height": 4, "values": [[0.9297038316726685, 0.40455469489097595, 0.9972943067550659, 0.8958870768547058], [0.6788904070854187, 0.9914356470108032, 0.9999218583106995, -0.9481896162033081], [10.550102233886719, 1.0730186700820923, 5.303281307220459, 8.612759590148926], [0.8350808620452881, 4.850735187530518, 5.194130897521973, -7.690669059753418]]}