{"step": 20, "width": 4, "height": 4, "values": [[0.7042896747589111, 0.7295964956283569, 0.9942338466644287, 0.8235304951667786], [0.2052183598279953, 0.7288435101509094, 0.9997739791870117, -0.9836831092834473], [7.565349578857422, 1.2569952011108398, 6.113434314727783, 7.567399024963379], [0.20914624631404877, 2.364776849746704, 4.589839458465576, -6.34816837310791]]}