{"step": 26, "width": 4, "height": 4, "values": [[0.6792605519294739, 0.1320595145225525, 0.987934410572052, 0.45045652985572815], [0.6492104530334473, 0.9898061752319336, 0.9999683499336243, -0.9630882740020752], [11.516834259033203, 0.9748711585998535, 6.064279556274414, 9.10430908203125], [0.778118371963501, 4.861307144165039, 5.643583297729492, -7.967826843261719]]}