{"step": 22, "width": 4, "height": 4, "values": [[0.9542574286460876, 0.8513345122337341, 0.9832343459129333, 0.7041568756103516], [0.6727872490882874, 0.8270720839500427, 0.9995211362838745, -0.9123969674110413], [7.722786903381348, 1.319776177406311, 5.733476161956787, 7.412876605987549], [0.8915005326271057, 3.3901684284210205, 4.174539566040039, -7.818103313446045]]}