{"step": 1, "width": 4, "height": 4, "values": [[0.44955796003341675, -0.07913652062416077, 0.060420405119657516, 0.9137586355209351], [-0.053933434188365936, 0.6068017482757568, 0.614988386631012, 0.49270331859588623], [1.056217908859253, -0.09014160186052322, 0.12100104242563248, 1.5820293426513672], [-0.08323485404253006, 0.8577380180358887, 0.7169236540794373, 0.8087264895439148]]}