{"step": 6, "width": 4, "height": 4, "values": [[0.21687671542167664, -0.20942610502243042, -0.1945476531982422, 0.7710973024368286], [0.0470593124628067, 0.04884181544184685, -0.9703993797302246, 0.7738628387451172], [0.27194443345069885, -0.6845285296440125, -0.9496764540672302, 1.1465939283370972], [0.047560349106788635, 0.2278268039226532, -2.099588394165039, 1.1434295177459717]]}