{"step": 2, "width": 4, "height": 4, "values": [[0.6329721808433533, 0.08058879524469376, -0.13928824663162231, 0.8676050901412964], [-0.005557261873036623, 0.254090279340744, -0.3867051601409912, 0.6230897903442383], [0.869824230670929, 0.25429263710975647, -0.24160493910312653, 2.263427734375], [-0.005612035281956196, 0.7993131875991821, -0.40792614221572876, 0.7661363482475281]]}