{"step": 24, "width": 4, "height": 4, "values": [[0.6377390027046204, 0.4901815950870514, 0.9973605275154114, 0.5708788633346558], [0.6767436861991882, 0.9139180779457092, 0.9999451637268066, -0.831053614616394], [9.672011375427246, 0.5884058475494385, 5.230377197265625, 8.795574188232422], [0.8830384016036987, 4.548840045928955, 5.497001647949219, -6.958126068115234]]}