{"step": 3, "width": 4, "height": 4, "values": [[0.41171035170555115, -0.0960855633020401, -0.2992476224899292, 0.9202273488044739], [0.025013165548443794, 0.1755971610546112, -0.8485165238380432, 0.7131614089012146], [0.5204216837882996, -0.28007423877716064, -0.7924816608428955, 2.4043562412261963], [0.02524837665259838, 0.7020012140274048, -1.250879168510437, 0.958034336566925]]}