{"step": 18, "width": 4, "height": 4, "values": [[0.6928909420967102, 0.7305536866188049, 0.9939786195755005, 0.8439083099365234], [0.13049837946891785, 0.6595332026481628, 0.9966582655906677, -0.9845836162567139], [6.437013626098633, 1.2609357833862305, 4.420969009399414, 6.426393985748291], [0.1318851262331009, 1.586762547492981, 3.1995015144348145, -4.835750102996826]]}