{"step": 17, "width": 4, "height": 4, "values": [[0.680456280708313, 0.7303124666213989, 0.9926661252975464, 0.8607895970344543], [0.07841870933771133, 0.5820683240890503, 0.9881801605224609, -0.9849422574043274], [5.864176273345947, 1.2617379426956177, 3.5781161785125732, 5.749867916107178], [0.07897865772247314, 1.2213094234466553, 2.5635108947753906, -4.066244125366211]]}