{"step": 5, "width": 4, "height": 4, "values": [[0.23128968477249146, -0.20471644401550293, -0.21183454990386963, 0.8464346528053284], [0.0409524068236351, 0.07753569632768631, -0.9603196382522583, 0.7743664383888245], [0.2896915078163147, -0.6665815711021423, -0.9471613168716431, 1.454127550125122], [0.0413728803396225, 0.35503023862838745, -1.9503487348556519, 1.1413625478744507]]}