{"step": 92, "width": 8, "height": 8, "values": [[-0.7978609800338745, 0.8574206233024597, 0.3752516210079193, 0.03203236684203148, -0.6058446764945984, -0.060416627675294876, 0.09656090289354324, -0.13768145442008972], [0.02658204361796379, -0.8313056230545044, -0.4675281345844269, 0.17919018864631653, -0.5020660161972046, -0.027957433834671974, 0.4176143705844879, 0.7005853056907654], [0.5681118369102478, 0.268471896648407, -0.402873694896698, -0.9504519701004028, 0.23616784811019897, 0.9148403406143188, -0.9137534499168396, -0.22398313879966736], [0.9223266243934631, -0.6759913563728333, 0.18082916736602783, -0.06926865130662918, 0.6954401731491089, 0.8582109212875366, 0.05308461934328079, 0.21323813498020172], [-1.7698556184768677, 3.504582166671753, 0.5573856830596924, 0.03545686975121498, -0.7070124745368958, -0.06424915790557861, 0.09725461155176163, -0.21694962680339813], [0.037278395146131516, -1.2044668197631836, -0.5635241270065308, 0.4080367982387543, -0.6055445075035095, -0.028271108865737915, 0.4812076687812805, 0.9948835372924805], [1.6070345640182495, 0.3880375027656555, -0.43621835112571716, -7.155550956726074, 0.2560986280441284, 1.7591499090194702, -1.7613731622695923, -0.23619651794433594], [1.8146253824234009, -0.8237096071243286, 0.22075869143009186, -0.10181624442338943, 1.1785802841186523, 7.733458042144775, 0.05951226130127907, 0.24207593500614166]]}