{"step": 59, "width": 8, "height": 8, "values": [[-0.8732278347015381, 0.9098092317581177, 0.22430500388145447, 0.057843487709760666, -0.6977089643478394, 0.24498200416564941, 0.2205614596605301, -0.16840200126171112], [0.02536861039698124, -0.649479866027832, -0.33663368225097656, 0.41109442710876465, 0.17694848775863647, -0.04879900440573692, -0.34318044781684875, 0.6494477987289429], [0.31425556540489197, -0.10059965401887894, -0.1429053097963333, -0.9743953347206116, 0.5288482308387756, 0.9664220213890076, -0.9163985252380371, -0.1071958914399147], [0.9158414602279663, -0.16667598485946655, 0.3034084439277649, -0.20963741838932037, 0.31351327896118164, 0.9389039278030396, 0.04544263705611229, -0.15296338498592377], [-3.2343862056732178, 2.761105537414551, 0.41292738914489746, 0.05922127515077591, -0.8896033763885498, 0.2996533215045929, 0.22726303339004517, -0.21274957060813904], [0.028307391330599785, -0.9501643776893616, -0.4299885630607605, 0.6685393452644348, 0.2350921481847763, -0.04935634136199951, -0.6239527463912964, 0.854389488697052], [1.6499826908111572, -0.10836543887853622, -0.15248000621795654, -5.881833076477051, 0.5919228792190552, 2.0770039558410645, -1.6973044872283936, -0.11061552166938782], [2.3644893169403076, -0.1683812290430069, 0.518168568611145, -0.22757664322853088, 0.6920632123947144, 7.403767108917236, 0.05186788737773895, -0.15552282333374023]]}