{"step": 122, "width": 8, "height": 8, "values": [[-0.7416843771934509, 0.8678687214851379, 0.2757495045661926, 0.13491061329841614, -0.4613707661628723, 0.23666691780090332, 0.08427337557077408, -0.07905064523220062], [0.07992765307426453, -0.8845967650413513, -0.5540822148323059, 0.09663861244916916, -0.4645400047302246, 0.009464065544307232, 0.38463887572288513, 0.7494902014732361], [0.6468797922134399, 0.027047477662563324, -0.3438252806663513, -0.9319111704826355, 0.30817916989326477, 0.9121493697166443, -0.9304291605949402, 0.07444674521684647], [0.8724119067192078, -0.8898606896400452, 0.19056566059589386, -0.13099201023578644, 0.6946315765380859, 0.9015429615974426, 0.03362642973661423, 0.23697230219841003], [-2.2210397720336914, 3.9041271209716797, 0.4347960352897644, 0.14672288298606873, -0.5008153319358826, 0.25610125064849854, 0.08461695164442062, -0.13816270232200623], [0.12065792828798294, -1.447029948234558, -0.7357315421104431, 0.2413197159767151, -0.5367875099182129, 0.009542850777506828, 0.44869452714920044, 1.0902620553970337], [1.7626527547836304, 0.041658803820610046, -0.3681927025318146, -6.9308342933654785, 0.3747299313545227, 1.9127353429794312, -1.8786723613739014, 0.07684139907360077], [1.4740623235702515, -1.4312351942062378, 0.23335616290569305, -0.15729886293411255, 1.1984401941299438, 4.578916072845459, 0.040964677929878235, 0.2655664384365082]]}