{"step": 16, "width": 8, "height": 8, "values": [[-0.8067906498908997, 0.6139314770698547, 0.8961663246154785, 0.39073407649993896, -0.19342876970767975, 0.5431697964668274, 0.2551235854625702, -0.3288755714893341], [0.25337690114974976, -0.24868528544902802, 0.08696774393320084, 0.40478453040122986, -0.27331700921058655, -0.05774078890681267, -0.6194258332252502, 0.6573359370231628], [0.39466679096221924, 0.22576358914375305, -0.1867906153202057, -0.9060754776000977, 0.2545832693576813, 0.9123583436012268, -0.731903612613678, -0.3098684251308441], [0.8547760248184204, 0.026788746938109398, 0.316061407327652, 0.10154016315937042, 0.3897387683391571, 0.9796399474143982, 0.0038473601453006268, 0.44513562321662903], [-3.029942035675049, 0.9361231923103333, 1.646161675453186, 0.42071643471717834, -0.1993754506111145, 0.8159624338150024, 0.26223090291023254, -0.41042372584342957], [0.29112890362739563, -0.25459617376327515, 0.09605929255485535, 0.5817447304725647, -0.3957013189792633, -0.05849779024720192, -0.7514745593070984, 0.9088906049728394], [1.4401285648345947, 0.3024689853191376, -0.19728656113147736, -1.8228662014007568, 0.26148104667663574, 1.6130224466323853, -1.3030959367752075, -0.339577317237854], [1.3908339738845825, 0.02681407704949379, 0.477515310049057, 0.13595275580883026, 0.6135322451591492, 3.914090633392334, 0.004404421430081129, 0.5335652232170105]]}