{"step": 53, "width": 8, "height": 8, "values": [[-0.8428887724876404, 0.8232573866844177, 0.7841997742652893, 0.4180172085762024, -0.7043036818504333, 0.14864349365234375, 0.2759047746658325, -0.2571561634540558], [0.02820604108273983, -0.7037114500999451, -0.3289375603199005, 0.38562604784965515, -0.22918787598609924, -0.054210416972637177, -0.2074042111635208, 0.6652204394340515], [0.4682491719722748, 0.20033885538578033, -0.2940499186515808, -0.939875602722168, -0.09704906493425369, 0.9514418244361877, -0.8716790676116943, -0.12457059323787689], [0.9591885805130005, -0.14783667027950287, 0.23347461223602295, -0.10981430858373642, 0.44818755984306335, 0.9829058647155762, 0.04264510050415993, 0.3155602514743805], [-4.077319145202637, 2.7178266048431396, 1.2082197666168213, 0.45143774151802063, -0.8931273818016052, 0.17098145186901093, 0.2854321300983429, -0.31832990050315857], [0.034345515072345734, -0.8762006163597107, -0.3889046013355255, 0.6221590042114258, -0.3966635465621948, -0.05474003776907921, -0.21231013536453247, 0.9374672174453735], [1.1248501539230347, 0.2116774320602417, -0.31294798851013184, -6.139018535614014, -0.09848806262016296, 2.044034719467163, -2.7850000858306885, -0.1283213198184967], [2.5954511165618896, -0.14906245470046997, 0.490620493888855, -0.155728280544281, 0.676008939743042, 8.0350923538208, 0.047463174909353256, 0.3766132593154907]]}