{"step": 119, "width": 8, "height": 8, "values": [[-0.8002406358718872, 0.9154759049415588, 0.6601598262786865, 0.10833408683538437, -0.4385150969028473, 0.3362354040145874, 0.004418654832988977, -0.008788569830358028], [0.12972892820835114, -0.9033071994781494, -0.5466734766960144, 0.04033098369836807, -0.5606679916381836, 0.00782456248998642, 0.23684372007846832, 0.797315239906311], [0.5219109058380127, -0.14340858161449432, -0.23916783928871155, -0.9045078158378601, -0.2559989094734192, 0.8620411157608032, -0.626676082611084, 0.029463863000273705], [0.8933705687522888, -0.8838708400726318, 0.16223599016666412, -0.1148642897605896, 0.7309542298316956, 0.9320374131202698, 0.03604646027088165, 0.16797801852226257], [-2.6488804817199707, 3.842160940170288, 0.8988285064697266, 0.11022470146417618, -0.474579781293869, 0.368571400642395, 0.004443302750587463, -0.017544861882925034], [0.3284617066383362, -1.4989855289459229, -0.7086769342422485, 0.08986028283834457, -0.7195194959640503, 0.007874906063079834, 0.243313729763031, 1.256592035293579], [1.1310396194458008, -0.17129860818386078, -0.2543272078037262, -7.029574394226074, -0.3545446991920471, 1.827468752861023, -3.282578229904175, 0.03143893927335739], [1.5781701803207397, -1.399320363998413, 0.21894419193267822, -0.16243626177310944, 1.1391206979751587, 4.997639179229736, 0.04229104146361351, 0.2191135585308075]]}