{"step": 27, "width": 8, "height": 8, "values": [[-0.8949655294418335, 0.5491687059402466, 0.8902280926704407, 0.846998393535614, -0.4221741557121277, 0.6126776933670044, -0.2276838719844818, -0.3530133068561554], [0.3434818983078003, -0.5033805966377258, -0.006061958149075508, 0.40450915694236755, -0.08282057195901871, -0.06332778930664062, 2.031276380876079e-06, 0.6360905170440674], [0.32178282737731934, -0.047246310859918594, -0.39776772260665894, -0.9742196202278137, -0.6283018589019775, 0.9438933730125427, -0.7508060932159424, -0.5650221705436707], [0.9520388841629028, 0.02340986207127571, 0.1434945911169052, -0.042723074555397034, 0.647257387638092, 0.9837823510169983, 0.020894482731819153, 0.006439953111112118], [-4.654549598693848, 0.843156099319458, 1.6625410318374634, 1.3250133991241455, -0.4618833363056183, 0.8636646270751953, -0.2326803058385849, -0.43674415349960327], [0.571630597114563, -0.5575326085090637, -0.007011540699750185, 0.5596116185188293, -0.15698036551475525, -0.06382356584072113, 2.0370425772853196e-06, 0.8882532715797424], [1.8930084705352783, -0.050676777958869934, -0.42226600646972656, -3.2108733654022217, -0.7450374364852905, 2.2442665100097656, -2.016838550567627, -0.7143645882606506], [2.315131187438965, 0.02346593327820301, 0.3508507311344147, -0.05914608761668205, 0.984005868434906, 6.506868839263916, 0.023264417424798012, 0.007569482550024986]]}