{"step": 74, "width": 8, "height": 8, "values": [[-0.6307401061058044, 0.932892918586731, 0.6368106007575989, 0.03965851664543152, -0.6924290060997009, -0.01062865648418665, 0.11457355320453644, -0.07206697016954422], [-0.04448917508125305, -0.7568976283073425, -0.45596280694007874, 0.39045101404190063, -0.6133891940116882, -0.03757993131875992, -0.2996208965778351, 0.6856002807617188], [0.47109633684158325, 0.34017497301101685, -0.22952429950237274, -0.9339258670806885, 0.5928760170936584, 0.7037224769592285, -0.8982875943183899, -0.07418731600046158], [0.9454118609428406, -0.420859158039093, 0.2049020379781723, 0.03441824018955231, 0.686191737651825, 0.9048853516578674, 0.05301065742969513, 0.06755013763904572], [-1.406627893447876, 3.0834367275238037, 0.899183988571167, 0.042952410876750946, -0.8646156191825867, -0.011949553154408932, 0.11523126810789108, -0.12752564251422882], [-0.06054353713989258, -0.9983047246932983, -0.5520521402359009, 0.6090372800827026, -0.8565472364425659, -0.03803910315036774, -0.3403477966785431, 0.9624984264373779], [1.3107185363769531, 0.5999065637588501, -0.23661541938781738, -6.926156044006348, 0.7194555401802063, 0.9330973029136658, -1.7362115383148193, -0.0778924897313118], [2.1408793926239014, -0.4499790072441101, 0.23382185399532318, 0.05428595468401909, 1.1863431930541992, 6.485703945159912, 0.059199247509241104, 0.09940720349550247]]}