{"step": 121, "width": 8, "height": 8, "values": [[-0.7391137480735779, 0.935992419719696, 0.24268123507499695, 0.1553598940372467, -0.4635774791240692, 0.28939616680145264, 0.07024146616458893, -0.24051296710968018], [0.29603704810142517, -0.8756346106529236, -0.5026631355285645, 0.16706907749176025, 0.08568715304136276, 0.00899516697973013, -0.6409415006637573, 0.7396091818809509], [0.2531067132949829, -0.05327809229493141, -0.2880517840385437, -0.9625385403633118, 0.19827841222286224, 0.9776369333267212, -0.7626543641090393, 0.12327636778354645], [0.8642743229866028, -0.8899499773979187, 0.27389317750930786, -0.12767961621284485, 0.4859212040901184, 0.8998812437057495, 0.0350043959915638, 0.152407705783844], [-2.2204244136810303, 3.841089963912964, 0.48368173837661743, 0.15734337270259857, -0.5095848441123962, 0.319652795791626, 0.07055950909852982, -0.3263629078865051], [0.3487741947174072, -1.4104071855545044, -0.7261232733726501, 0.3163984417915344, 0.10258634388446808, 0.009066754020750523, -0.8241989016532898, 1.0410306453704834], [1.5364081859588623, -0.07759672403335571, -0.3185361921787262, -6.807777404785156, 0.20250864326953888, 2.422083616256714, -1.8845709562301636, 0.12808015942573547], [1.5453332662582397, -1.4248898029327393, 0.5784569978713989, -0.13715048134326935, 1.1763463020324707, 4.400003910064697, 0.04137799143791199, 0.15626882016658783]]}