{"step": 50, "width": 8, "height": 8, "values": [[-0.8093252182006836, 0.9158478379249573, 0.4266921877861023, 0.2749119997024536, -0.6937466859817505, 0.04170622304081917, 0.36509066820144653, -0.14858125150203705], [-0.12196563184261322, -0.8501425385475159, -0.31119728088378906, 0.38034141063690186, 0.11202967166900635, -0.05842164531350136, -0.09865917265415192, 0.7274100184440613], [0.35873231291770935, 0.056452225893735886, -0.2028805911540985, -0.9735466241836548, 0.0963529720902443, 0.9235992431640625, -0.8620988726615906, 0.011646606959402561], [0.9570591449737549, -0.14040638506412506, 0.3001307249069214, -0.14105479419231415, 0.5357277393341064, 0.9685174226760864, 0.04104576259851456, 0.07108970731496811], [-4.315229892730713, 2.7180564403533936, 0.7459502816200256, 0.28835663199424744, -0.8857185244560242, 0.04699826240539551, 0.38467398285865784, -0.18110987544059753], [-0.131613090634346, -1.3221170902252197, -0.38040515780448914, 0.666102945804596, 0.1656586229801178, -0.058997251093387604, -0.09994707256555557, 1.1096605062484741], [1.4228794574737549, 0.10484354197978973, -0.23494884371757507, -6.409764289855957, 0.09816209971904755, 1.73003351688385, -1.9330178499221802, 0.011802446097135544], [2.7548604011535645, -0.1417883336544037, 0.7031408548355103, -0.15307015180587769, 0.8557636141777039, 8.132502555847168, 0.04721963405609131, 0.07407989352941513]]}