{"step": 109, "width": 8, "height": 8, "values": [[-0.6355492472648621, 0.9211589694023132, 0.7024812698364258, 0.36376699805259705, -0.48774707317352295, 0.13883186876773834, 0.338939905166626, -0.2759705185890198], [0.5083848237991333, -0.7723760604858398, -0.473592072725296, 0.16599370539188385, -0.4287782311439514, -0.0026400843635201454, -0.6189034581184387, 0.7646203637123108], [0.5914821624755859, 0.055640678852796555, -0.40520209074020386, -0.8859580755233765, 0.35380658507347107, 0.8773539066314697, -0.8367156982421875, 0.2135251760482788], [0.925098717212677, -0.8461332321166992, 0.27876123785972595, -0.009628024883568287, 0.5215808153152466, 0.9655075669288635, 0.044146828353405, 0.32653647661209106], [-2.042618751525879, 3.7446467876434326, 1.0878912210464478, 0.3883020877838135, -0.5399159789085388, 0.15172964334487915, 0.3530961275100708, -0.3687388002872467], [0.7118018865585327, -1.0278376340866089, -0.626207709312439, 0.32831743359565735, -0.6119562983512878, -0.0026704210322350264, -0.7365404367446899, 1.1636532545089722], [1.5173556804656982, 0.08742786198854446, -0.43971896171569824, -7.746217727661133, 0.3771289587020874, 1.6765916347503662, -1.999598741531372, 0.22424264252185822], [1.8568845987319946, -1.2446197271347046, 0.45276764035224915, -0.012758865021169186, 1.1369446516036987, 6.9765625, 0.05291137844324112, 0.3850913345813751]]}