{"step": 36, "width": 8, "height": 8, "values": [[-0.9298981428146362, 0.7666501402854919, 0.7768348455429077, 0.6670361161231995, -0.6066729426383972, 0.46383145451545715, -0.07621834427118301, -0.2366206794977188], [0.47325852513313293, -0.17370791733264923, -0.09706398099660873, 0.431224524974823, -0.04705018550157547, -0.06253596395254135, -0.5581153035163879, 0.7593294382095337], [0.6086936593055725, -0.12476689368486404, -0.38757964968681335, -0.9695318937301636, -0.5823175311088562, 0.9675869345664978, -0.7445888519287109, -0.20406414568424225], [0.9306862950325012, -0.01655390113592148, 0.24520587921142578, 0.1779635101556778, 0.5501332879066467, 0.9651323556900024, 0.03288847953081131, 0.051872339099645615], [-5.563205242156982, 1.4894927740097046, 1.1544058322906494, 0.8134491443634033, -0.726880669593811, 0.6085459589958191, -0.08108429610729218, -0.30393874645233154], [0.6867417693138123, -0.1769087314605713, -0.1281457096338272, 0.7291728258132935, -0.06619501113891602, -0.06302701681852341, -0.6357360482215881, 1.1531845331192017], [2.3723230361938477, -0.12624868750572205, -0.4113021492958069, -4.35513973236084, -0.6847838163375854, 2.128688097000122, -1.4245723485946655, -0.22621774673461914], [2.9248509407043457, -0.016566554084420204, 0.46535271406173706, 0.22946611046791077, 1.0319758653640747, 7.702565670013428, 0.03726229444146156, 0.05455891042947769]]}