{"step": 7, "width": 8, "height": 8, "values": [[-0.7748895883560181, 0.3668012320995331, -0.09269151091575623, 0.15627343952655792, -0.23505115509033203, 0.28831350803375244, -0.04669538512825966, -0.24047592282295227], [0.5049877762794495, 0.14415638148784637, 0.06661702692508698, 0.021408239379525185, -0.3594021201133728, -0.04657425358891487, 0.035421356558799744, 0.36431238055229187], [0.5755021572113037, -0.012484113685786724, -0.22834649682044983, -0.34153202176094055, -0.5507992506027222, 0.8748369812965393, 0.14202728867530823, -0.3130728006362915], [0.19249023497104645, 0.02223786897957325, 0.18559812009334564, 0.15093135833740234, 0.6549671292304993, 0.6274229288101196, -0.0011688839877024293, -0.3037804067134857], [-1.1265678405761719, 0.46936994791030884, -0.10002323985099792, 0.15968754887580872, -0.24240753054618835, 0.32438918948173523, -0.05949980393052101, -0.40638312697410583], [0.6047683358192444, 0.15700052678585052, 0.081990547478199, 0.038609765470027924, -0.44242751598358154, -0.04684019088745117, 0.2832101583480835, 0.41843482851982117], [1.354797124862671, -0.013490318320691586, -0.2325717657804489, -0.39011651277542114, -0.6941058039665222, 1.6191086769104004, 0.1542428731918335, -0.39361223578453064], [0.19919802248477936, 0.022259540855884552, 0.23331429064273834, 0.1619580090045929, 0.8423312306404114, 0.8983054161071777, -0.0013053636066615582, -0.32459038496017456]]}