{"step": 8, "width": 8, "height": 8, "values": [[-0.8861076831817627, 0.35308563709259033, -0.11935263872146606, 0.28990572690963745, -0.10443263500928879, 0.28814294934272766, -0.10421934723854065, -0.2341948002576828], [0.5271778106689453, 0.2795356512069702, 0.08110864460468292, 0.026217730715870857, -0.20556087791919708, -0.04817806929349899, -0.2758137881755829, 0.4969749450683594], [0.7915980219841003, -0.07455179840326309, -0.5907391309738159, -0.3115962743759155, -0.6400464177131653, 0.8655325770378113, -0.29775893688201904, -0.08205077797174454], [0.34095528721809387, 0.013492200523614883, 0.2819271981716156, 0.060255348682403564, 0.561963677406311, 0.7576293349266052, -0.0011644448386505246, 0.0929088294506073], [-1.6236988306045532, 0.41705986857414246, -0.13134168088436127, 0.30294016003608704, -0.10734280943870544, 0.3440026342868805, -0.14819170534610748, -0.4070950448513031], [0.6592782139778137, 0.2896319031715393, 0.10359940677881241, 0.055804360657930374, -0.2409898042678833, -0.04851404204964638, -0.2842964828014374, 0.6170921325683594], [1.4884932041168213, -0.08039736747741699, -0.6852623224258423, -0.34450340270996094, -0.8779359459877014, 1.3581961393356323, -0.40811604261398315, -0.09701719135046005], [0.3648310899734497, 0.013511421158909798, 0.3754642903804779, 0.06995716691017151, 0.8453455567359924, 1.4624593257904053, -0.0013170024612918496, 0.09936653822660446]]}