{"step": 49, "width": 8, "height": 8, "values": [[-0.8182005882263184, 0.9471469521522522, 0.306662380695343, 0.27360302209854126, -0.6586111187934875, 0.0522269643843174, 0.46080827713012695, -0.021381346508860588], [-0.025968952104449272, -0.5113604068756104, -0.32715871930122375, 0.44876566529273987, 0.3303230404853821, -0.0585380457341671, -0.4565333425998688, 0.748853325843811], [0.4255744218826294, -0.0392792746424675, -0.20829762518405914, -0.9742591381072998, 0.14782768487930298, 0.7320923805236816, -0.752666175365448, 0.08941134065389633], [0.8986092209815979, -0.14592057466506958, 0.2104784995317459, -0.13698150217533112, 0.5667872428894043, 0.8203278183937073, 0.04386752098798752, -0.22627952694892883], [-4.46696662902832, 2.702709197998047, 0.47376033663749695, 0.29311615228652954, -0.8762751221656799, 0.06164415925741196, 0.5018588900566101, -0.031655918806791306], [-0.031064704060554504, -0.8410436511039734, -0.3903600573539734, 0.8752473592758179, 0.3573971688747406, -0.05930577963590622, -0.6356328129768372, 1.1544479131698608], [2.136805534362793, -0.06585037708282471, -0.22351360321044922, -6.922622203826904, 0.15786223113536835, 0.9449478983879089, -1.0503357648849487, 0.09094272553920746], [2.8927321434020996, -0.14709167182445526, 0.26852479577064514, -0.1581183820962906, 1.056382656097412, 9.02713680267334, 0.04862125217914581, -0.23339694738388062]]}