{"step": 123, "width": 8, "height": 8, "values": [[-0.7960325479507446, 0.9387922883033752, 0.40232208371162415, 0.10327506810426712, -0.4560915529727936, 0.2161722630262375, 0.12985655665397644, -0.10042671859264374], [0.12460318207740784, -0.8069944977760315, -0.5778529047966003, 0.1491451859474182, -0.43142685294151306, 0.010575581341981888, 0.37966182827949524, 0.7242057919502258], [0.46442556381225586, 0.21262460947036743, -0.12477657943964005, -0.9462019205093384, 0.39501529932022095, 0.7578619718551636, -0.8437953591346741, 0.04622124135494232], [0.8686652183532715, -0.8946865797042847, 0.10215254127979279, -0.14760936796665192, 0.7482873201370239, 0.7483389973640442, 0.03411034867167473, 0.16615334153175354], [-2.241084337234497, 4.061984539031982, 0.5987792611122131, 0.11548136174678802, -0.5051202178001404, 0.23363842070102692, 0.13082414865493774, -0.1808355152606964], [0.23386648297309875, -1.1979812383651733, -0.7583838105201721, 0.5434526801109314, -0.5153273940086365, 0.01071168202906847, 0.46836623549461365, 1.0390690565109253], [1.8484050035476685, 0.3369136452674866, -0.12550725042819977, -7.1482253074646, 0.6719262599945068, 1.2400810718536377, -1.3516571521759033, 0.06007248908281326], [1.4963397979736328, -1.4499143362045288, 0.1265631914138794, -0.17112299799919128, 1.32576322555542, 5.29580020904541, 0.04101548716425896, 0.18531692028045654]]}