{"step": 120, "width": 8, "height": 8, "values": [[-0.7820979952812195, 0.9452595114707947, 0.36100032925605774, 0.22480535507202148, -0.44879350066185, 0.37125277519226074, 0.11378789693117142, -0.11178276687860489], [0.3537551462650299, -0.6112673282623291, -0.530022144317627, 0.16010642051696777, 0.036638807505369186, 0.008219625800848007, 0.03268192335963249, 0.7331964373588562], [0.13166815042495728, 0.11569666862487793, -0.15241305530071259, -0.9708893895149231, -0.05440365523099899, 0.9151131510734558, -0.8024875521659851, 0.1194477379322052], [0.8754679560661316, -0.8875387907028198, 0.1403028964996338, -0.14142180979251862, 0.8446677923202515, 0.7244288325309753, 0.03627556934952736, 0.02046665921807289], [-2.6420187950134277, 3.9214954376220703, 0.5804327130317688, 0.23003453016281128, -0.4943327307701111, 0.40197306871414185, 0.11467411369085312, -0.2313646823167801], [0.6840631365776062, -1.4040414094924927, -0.7438722848892212, 0.5482114553451538, 0.04149401932954788, 0.008283932693302631, 0.15521033108234406, 1.048587679862976], [1.3401483297348022, 0.2083333283662796, -0.15368738770484924, -7.789858818054199, -0.06041184067726135, 2.063758373260498, -1.5114535093307495, 0.13853447139263153], [1.5849882364273071, -1.4137401580810547, 0.2011544555425644, -0.1528007537126541, 1.437441349029541, 5.26892614364624, 0.04297279193997383, 0.021025490015745163]]}