{"step": 19, "width": 8, "height": 8, "values": [[-0.8539569973945618, 0.6133282780647278, 0.8678889870643616, 0.2650814354419708, -0.2928875982761383, 0.6015430092811584, 0.2149820625782013, -0.2777046859264374], [0.11971230059862137, -0.3211638927459717, 0.06940509378910065, 0.5428485870361328, -0.2849524915218353, -0.06317305564880371, -0.6054834127426147, 0.6866649389266968], [0.3600696623325348, 0.2464817613363266, -0.15161751210689545, -0.9430534839630127, -0.07719148695468903, 0.960156261920929, -0.6663842797279358, -0.5681865215301514], [0.8823539614677429, 0.04411116987466812, 0.33439192175865173, 0.10708071291446686, 0.5608896017074585, 0.9481570720672607, 0.010420924052596092, 0.2953013777732849], [-2.8626954555511475, 1.0074397325515747, 1.466023564338684, 0.2763216197490692, -0.30695071816444397, 0.890087366104126, 0.21999813616275787, -0.34236612915992737], [0.13223783671855927, -0.333636611700058, 0.07472161948680878, 0.7818785905838013, -0.4341419041156769, -0.06391825526952744, -0.7309309840202332, 0.96918123960495], [1.58056640625, 0.2900666892528534, -0.15992441773414612, -2.2343578338623047, -0.0777064859867096, 2.021756410598755, -1.501943826675415, -0.6951852440834045], [1.5445178747177124, 0.044190384447574615, 0.49413472414016724, 0.1568773239850998, 0.9223552942276001, 4.4911017417907715, 0.011591436341404915, 0.33279117941856384]]}