{"step": 25, "width": 8, "height": 8, "values": [[-0.9539504647254944, 0.5056571960449219, 0.6706397533416748, 0.7985933423042297, -0.3988005220890045, 0.5652627944946289, -0.05986329913139343, -0.3177611529827118], [0.28663673996925354, -0.31359967589378357, 0.041377343237400055, 0.37568527460098267, 0.06717993319034576, -0.06396730989217758, 0.2435723841190338, 0.7068266272544861], [0.5054055452346802, -0.0813494324684143, -0.7131988406181335, -0.9870491027832031, -0.569434642791748, 0.9360359907150269, -0.911081075668335, -0.35273951292037964], [0.9256932139396667, 0.02480909787118435, 0.1397085040807724, -0.04202423617243767, 0.6647757887840271, 0.8770886063575745, 0.018725745379924774, 0.0514424592256546], [-4.087386131286621, 0.8243833184242249, 1.419051170349121, 1.1346254348754883, -0.4293811023235321, 0.793317973613739, -0.06259594857692719, -0.4444561004638672], [0.40839552879333496, -0.32537853717803955, 0.05317900329828262, 0.532558798789978, 0.07504065334796906, -0.06440666317939758, 0.24949464201927185, 1.0073367357254028], [2.03444766998291, -0.08830755949020386, -0.9026651382446289, -3.1785576343536377, -0.6984214782714844, 1.751055121421814, -2.0274150371551514, -0.39128756523132324], [2.112926721572876, 0.024846315383911133, 0.2530132234096527, -0.050662245601415634, 1.2451026439666748, 6.096215724945068, 0.020442083477973938, 0.0575396753847599]]}