{"step": 108, "width": 8, "height": 8, "values": [[-0.7630400657653809, 0.9454782605171204, 0.43671804666519165, 0.42337313294410706, -0.48054635524749756, 0.15874989330768585, 0.3946892321109772, -0.13811025023460388], [0.4816868007183075, -0.6084467172622681, -0.42698854207992554, 0.12456031888723373, 0.006263698451220989, -0.006581928115338087, 0.13409702479839325, 0.712593674659729], [0.17135021090507507, 0.042191751301288605, -0.21521852910518646, -0.9779917001724243, 0.11246317625045776, 0.8452923893928528, -0.7313024997711182, 0.2513423264026642], [0.9107910990715027, -0.843210756778717, 0.1199507787823677, -0.0829455628991127, 0.8537262082099915, 0.7491825819015503, 0.04542192071676254, -0.11791843175888062], [-2.087031841278076, 3.7937517166137695, 0.7901422381401062, 0.4551891088485718, -0.5380945801734924, 0.1649530678987503, 0.4182177186012268, -0.25392597913742065], [0.9483887553215027, -1.2275910377502441, -0.6327982544898987, 0.4959573745727539, 0.006777199450880289, -0.00663352943956852, 0.3977338969707489, 1.002504587173462], [1.6209843158721924, 0.08696965128183365, -0.21868927776813507, -8.603069305419922, 0.12507525086402893, 1.6580467224121094, -1.1508605480194092, 0.2706688940525055], [1.9033771753311157, -1.2339844703674316, 0.1907418966293335, -0.0869230329990387, 1.541124701499939, 7.0695390701293945, 0.05323703587055206, -0.12060223519802094]]}