{"step": 126, "width": 8, "height": 8, "values": [[-0.6223482489585876, 0.9426581859588623, 0.06092015281319618, -0.04551015794277191, -0.4675266146659851, 0.1413249671459198, 0.14397770166397095, -0.1405322551727295], [-0.044766370207071304, -0.7904611229896545, -0.5537657737731934, 0.2853519320487976, 0.0022788038477301598, 0.012780120596289635, -0.46288618445396423, 0.7377975583076477], [0.4983197748661041, -0.07670935243368149, -0.14116285741329193, -0.9426943063735962, 0.7125399708747864, 0.9398165941238403, -0.7985717058181763, -0.05398561805486679], [0.8382962346076965, -0.906060516834259, 0.3120599687099457, -0.1603153645992279, 0.4547949433326721, 0.9132648706436157, 0.032462384551763535, -0.05539688467979431], [-1.3340492248535156, 4.173421859741211, 0.11744245886802673, -0.047083474695682526, -0.5144206881523132, 0.15594246983528137, 0.1460919976234436, -0.18766479194164276], [-0.05550345778465271, -1.5577038526535034, -0.7639127969741821, 0.666191816329956, 0.002989761531352997, 0.012963525950908661, -0.6815733313560486, 1.053114652633667], [1.7810003757476807, -0.08320899307727814, -0.15255872905254364, -7.188675880432129, 0.8986987471580505, 1.7657697200775146, -1.1319488286972046, -0.05616151914000511], [1.4971060752868652, -1.5105139017105103, 0.5447129011154175, -0.1728586107492447, 1.1689891815185547, 5.895451068878174, 0.039669666439294815, -0.056311920285224915]]}