{"step": 67, "width": 8, "height": 8, "values": [[-0.7483996152877808, 0.8795679807662964, 0.40141403675079346, -0.11250562220811844, -0.6988331079483032, 0.1528359204530716, 0.20966526865959167, -0.03747274726629257], [-0.31609779596328735, -0.7723310589790344, -0.4162222445011139, 0.37844833731651306, -0.2975793182849884, -0.04035906121134758, -0.09629015624523163, 0.6186370849609375], [0.3408048152923584, 0.051229529082775116, -0.3307827115058899, -0.9455040097236633, 0.4446604549884796, 0.8815541863441467, -0.8741031885147095, -0.2119436413049698], [0.922856867313385, -0.24581176042556763, 0.18421688675880432, -0.21956473588943481, 0.6163864135742188, 0.7860966920852661, 0.052651409059762955, -0.32831400632858276], [-1.6490288972854614, 2.8894636631011963, 0.6106715798377991, -0.11726763099431992, -0.8788708448410034, 0.17362837493419647, 0.21582938730716705, -0.062101900577545166], [-0.4270440340042114, -1.0594587326049805, -0.4891277253627777, 0.5765519738197327, -0.3496212959289551, -0.04075426980853081, -0.1781979650259018, 0.7842817902565002], [1.8271352052688599, 0.06257589906454086, -0.34680667519569397, -6.137919902801514, 0.5581367015838623, 1.4333364963531494, -1.4772539138793945, -0.2278582900762558], [2.16458797454834, -0.2513136863708496, 0.22198376059532166, -0.2317405492067337, 0.9671144485473633, 7.180394649505615, 0.0582679845392704, -0.3772165775299072]]}