{"step": 91, "width": 8, "height": 8, "values": [[-0.8312031030654907, 0.8867608904838562, 0.6119285821914673, 0.03529280424118042, -0.6086685657501221, -0.14811742305755615, 0.07962922751903534, -0.29244351387023926], [0.24522298574447632, -0.7442678213119507, -0.42206546664237976, 0.29962918162345886, -0.13701264560222626, -0.028127260506153107, -0.5338489413261414, 0.6874460577964783], [0.5636303424835205, 0.2367723435163498, -0.36188769340515137, -0.9424206018447876, -0.22409003973007202, 0.9662513732910156, -0.8756142854690552, -0.17999453842639923], [0.91499924659729, -0.6751391887664795, 0.24705801904201508, -0.06433229148387909, 0.577680766582489, 0.9102501273155212, 0.05235479772090912, 0.17141534388065338], [-1.7420804500579834, 3.5135700702667236, 0.9045383930206299, 0.035625431686639786, -0.7187406420707703, -0.16025327146053314, 0.08232758939266205, -0.39805135130882263], [0.32510241866111755, -0.9620217680931091, -0.5577647089958191, 0.5732176899909973, -0.29592397809028625, -0.028361108154058456, -0.6032549738883972, 0.9400147795677185], [1.3660918474197388, 0.2459341436624527, -0.3826998770236969, -7.109724044799805, -0.23338817059993744, 2.1267592906951904, -1.8045310974121094, -0.20295730233192444], [1.9012500047683716, -0.8215430378913879, 0.5124441385269165, -0.08793183416128159, 1.175539255142212, 7.678346633911133, 0.05927586555480957, 0.20475097000598907]]}