{"step": 99, "width": 8, "height": 8, "values": [[-0.6970900297164917, 0.9601507782936096, 0.05217137932777405, -0.21424321830272675, -0.5715445280075073, 0.08291557431221008, 0.052552931010723114, 0.008253131061792374], [0.27988573908805847, -0.763383150100708, -0.44489413499832153, 0.22275838255882263, -0.04568248614668846, -0.022320404648780823, -0.3345787823200226, 0.7550492286682129], [0.4515599310398102, 0.09594875574111938, -0.2347775250673294, -0.9680425524711609, 0.5358625054359436, 0.853760302066803, -0.45979106426239014, -0.19481880962848663], [0.8932409286499023, -0.7473825812339783, 0.20302242040634155, -0.11921939253807068, 0.6197782158851624, 0.8030756115913391, 0.053474705666303635, -0.377928763628006], [-1.5334340333938599, 3.6830549240112305, 0.09988678991794586, -0.22840516269207, -0.6570873260498047, 0.09249813854694366, 0.05362788587808609, 0.01591092348098755], [0.3744790852069855, -1.13059401512146, -0.5676976442337036, 0.6703575849533081, -0.04788144677877426, -0.022642062976956367, -0.49500784277915955, 1.084925651550293], [2.1305668354034424, 0.13913263380527496, -0.25654837489128113, -7.788785934448242, 0.6694991588592529, 1.3027243614196777, -0.5234422087669373, -0.20562885701656342], [1.8062982559204102, -0.9679996967315674, 0.24055016040802002, -0.125756174325943, 1.2250709533691406, 9.070161819458008, 0.06135093793272972, -0.4111185371875763]]}