{"step": 41, "width": 8, "height": 8, "values": [[-0.8920012712478638, 0.8538106679916382, 0.7932500243186951, 0.8677316904067993, -0.5674550533294678, 0.4144062399864197, 0.1903519630432129, -0.1526985615491867], [0.41327500343322754, -0.26655176281929016, -0.20916324853897095, 0.25497370958328247, -0.6332234740257263, -0.06110226362943649, -0.15754826366901398, 0.7126845121383667], [0.5159383416175842, -0.09847679734230042, -0.43362152576446533, -0.9581085443496704, -0.679639995098114, 0.5962586998939514, -0.626693069934845, 0.3790598213672638], [0.9704207181930542, -0.07754849642515182, 0.10667749494314194, -0.14473193883895874, 0.6400106549263, 0.9212216138839722, 0.03842587023973465, -0.02011702209711075], [-6.370877265930176, 1.7311415672302246, 1.511810541152954, 1.410824179649353, -0.6584045886993408, 0.49676433205604553, 0.19295191764831543, -0.2737734913825989], [0.8407217264175415, -0.273782879114151, -0.2579021751880646, 0.36314842104911804, -0.7776997685432434, -0.0614943690598011, -0.16022147238254547, 1.0508198738098145], [2.3386383056640625, -0.2559698522090912, -0.47263553738594055, -5.614771842956543, -0.9866685271263123, 0.9524182677268982, -2.057248592376709, 0.41910821199417114], [3.267849922180176, -0.07778938859701157, 0.13540057837963104, -0.1936149150133133, 1.119483232498169, 7.542868137359619, 0.04172743856906891, -0.02258835732936859]]}