{"step": 31, "width": 8, "height": 8, "values": [[-0.9096296429634094, 0.7019559741020203, 0.8757933378219604, 0.8916832804679871, -0.44734272360801697, 0.6251283884048462, 0.043293096125125885, -0.16490408778190613], [0.3773815929889679, -0.4798154830932617, -0.08635465055704117, 0.18095643818378448, -0.7418021559715271, -0.06391073018312454, 0.3962242305278778, 0.7823485136032104], [0.4178145229816437, 0.03446684032678604, -0.49938446283340454, -0.9768936038017273, -0.43970268964767456, 0.7071904540061951, -0.5996260046958923, -0.03250182792544365], [0.9584290981292725, 0.02954271249473095, 0.12237066775560379, -0.0381002351641655, 0.6244907975196838, 0.95378577709198, 0.027708865702152252, 0.17524781823158264], [-4.986758708953857, 1.071053385734558, 1.9454548358917236, 1.5542724132537842, -0.49122071266174316, 0.8564590811729431, 0.04338174685835838, -0.25604841113090515], [0.6268529891967773, -0.5246906876564026, -0.10236833244562149, 0.2499612271785736, -0.9950745105743408, -0.06431688368320465, 0.4265902042388916, 1.2198374271392822], [1.7941689491271973, 0.07567848265171051, -0.5698705911636353, -3.9184558391571045, -0.6283302903175354, 0.9783532619476318, -2.23991322517395, -0.03346969932317734], [2.6130805015563965, 0.029574183747172356, 0.15743325650691986, -0.05115697160363197, 0.9432483911514282, 6.175354480743408, 0.03064950555562973, 0.1868838518857956]]}