{"step": 28, "width": 8, "height": 8, "values": [[-0.9569362998008728, 0.5462138056755066, 0.8159635663032532, 0.9116137623786926, -0.4339577853679657, 0.6516912579536438, -0.1816645860671997, -0.24011267721652985], [0.29855260252952576, -0.10461124777793884, -0.03067704662680626, 0.43326547741889954, -0.30584055185317993, -0.06359583884477615, 0.040486566722393036, 0.6409253478050232], [0.321504682302475, -0.17249996960163116, -0.2143552601337433, -0.9802998304367065, -0.6995205283164978, 0.9665262699127197, -0.7477737665176392, -0.3739069402217865], [0.9340784549713135, 0.01739361509680748, 0.07477477192878723, -0.04584464430809021, 0.7717233896255493, 0.9006063938140869, 0.023660609498620033, -0.16682875156402588], [-5.017828464508057, 0.9083723425865173, 1.5311251878738403, 1.5867480039596558, -0.47007399797439575, 0.874087393283844, -0.19218480587005615, -0.41017088294029236], [0.74907386302948, -0.11105040460824966, -0.03892040252685547, 0.6849766969680786, -0.34740376472473145, -0.063984714448452, 0.19061978161334991, 0.8412601947784424], [2.1506340503692627, -0.18098919093608856, -0.2178245186805725, -3.8045291900634766, -1.0324313640594482, 2.4472644329071045, -1.0542081594467163, -0.4814196825027466], [2.4620444774627686, 0.01740475744009018, 0.10375308245420456, -0.054576754570007324, 1.1892223358154297, 6.985556125640869, 0.025797178968787193, -0.176729217171669]]}