{"step": 38, "width": 8, "height": 8, "values": [[-0.935945987701416, 0.7904435396194458, 0.880780816078186, 0.7688753604888916, -0.6001862287521362, 0.45472997426986694, -0.38292476534843445, -0.2613115608692169], [0.3581063747406006, -0.3175072968006134, -0.09866136312484741, 0.3269100785255432, -0.21728059649467468, -0.06108171120285988, -0.5245000720024109, 0.7692343592643738], [0.48623159527778625, -0.20637094974517822, -0.30631473660469055, -0.970352292060852, -0.6594582200050354, 0.9337698221206665, -0.7902371883392334, -0.06538237631320953], [0.9405292272567749, -0.05012984201312065, 0.14949683845043182, 0.015003890730440617, 0.5237195491790771, 0.9833885431289673, 0.03370313718914986, 0.16519352793693542], [-6.051205635070801, 1.394152045249939, 1.61945378780365, 1.0284838676452637, -0.7327507138252258, 0.5783094167709351, -0.40852662920951843, -0.3282642662525177], [0.6672055125236511, -0.33183741569519043, -0.14094185829162598, 0.4480155110359192, -0.29184961318969727, -0.06146876886487007, -0.588746190071106, 1.1799532175064087], [2.2061023712158203, -0.2112395167350769, -0.317553848028183, -4.437438011169434, -0.816154956817627, 1.8172698020935059, -2.3966028690338135, -0.07009437680244446], [3.088405132293701, -0.050208576023578644, 0.35025593638420105, 0.01901892200112343, 0.9495412111282349, 7.660076141357422, 0.03805351257324219, 0.17594711482524872]]}