{"step": 73, "width": 8, "height": 8, "values": [[-0.7409559488296509, 0.9516164064407349, 0.7122212648391724, 0.046665579080581665, -0.6836888194084167, -0.07638082653284073, 0.10077600181102753, -0.04453560337424278], [0.13526949286460876, -0.7212399244308472, -0.4178786873817444, 0.33753088116645813, -0.614473283290863, -0.03691459074616432, 0.43687811493873596, 0.6525155901908875], [0.1641082912683487, 0.22452935576438904, -0.18454009294509888, -0.9788606762886047, 0.29654037952423096, 0.5730997323989868, -0.7890133857727051, 0.03323618322610855], [0.9312792420387268, -0.4137852191925049, 0.13463136553764343, 0.09048590809106827, 0.7245920300483704, 0.8055669665336609, 0.05059100314974785, 0.006624153349548578], [-1.5197415351867676, 3.0082638263702393, 1.0996028184890747, 0.04962228238582611, -0.8794531226158142, -0.08110693842172623, 0.10122154653072357, -0.08237753808498383], [0.22347283363342285, -0.9645949006080627, -0.5299173593521118, 0.6338739395141602, -0.8111779689788818, -0.03722480684518814, 0.6107327342033386, 0.8595845103263855], [1.2020032405853271, 0.32404565811157227, -0.18675343692302704, -7.034143924713135, 0.4600922465324402, 0.7462447285652161, -1.5905588865280151, 0.037429582327604294], [2.1237757205963135, -0.4409577250480652, 0.1573868691921234, 0.10590899735689163, 1.1105525493621826, 6.405022621154785, 0.057148225605487823, 0.007669610902667046]]}