{"step": 23, "width": 8, "height": 8, "values": [[-0.918798565864563, 0.6025850772857666, 0.8438633680343628, 0.6283324360847473, -0.4269676208496094, 0.6243812441825867, 0.08202655613422394, -0.19573792815208435], [0.2870240807533264, -0.19183886051177979, 0.05997524410486221, 0.46996888518333435, -0.28071948885917664, -0.06581985205411911, -0.006038972642272711, 0.6862622499465942], [0.321846067905426, -0.06447867304086685, -0.2349063903093338, -0.969213604927063, -0.5912307500839233, 0.9835048317909241, -0.6544394493103027, -0.5668728947639465], [0.9061080813407898, 0.03942427411675453, 0.10960857570171356, 0.059801459312438965, 0.7804875373840332, 0.8967556357383728, 0.01651167869567871, -0.2790893316268921], [-3.447359800338745, 0.9999083876609802, 1.407711386680603, 0.745044469833374, -0.4611167907714844, 0.863514244556427, 0.08687195926904678, -0.3293077349662781], [0.5231740474700928, -0.20678892731666565, 0.06942924857139587, 0.8681783080101013, -0.325065553188324, -0.06644748151302338, -0.04323196038603783, 0.941267728805542], [1.86666738986969, -0.06734835356473923, -0.23946617543697357, -2.9781363010406494, -0.7617394328117371, 2.875549554824829, -0.8559811115264893, -0.7760815024375916], [1.9563283920288086, 0.03945911303162575, 0.14037871360778809, 0.0673442855477333, 1.1923199892044067, 5.651535511016846, 0.018144911155104637, -0.3039776682853699]]}