{"step": 10, "width": 8, "height": 8, "values": [[-0.959547758102417, 0.38201814889907837, -0.08967854082584381, 0.40570101141929626, -0.0551278330385685, 0.44210678339004517, -0.14310964941978455, -0.3385891616344452], [0.6517071723937988, 0.1650993973016739, 0.09113095700740814, 0.1515408307313919, -0.17834046483039856, -0.04945679381489754, 0.09192688763141632, 0.4802272915840149], [0.7061248421669006, -0.26004844903945923, -0.26826441287994385, -0.5392692685127258, -0.7416435480117798, 0.8740431070327759, -0.29368478059768677, 0.027353942394256592], [0.6236018538475037, 0.014613302424550056, 0.1022411659359932, -0.0006048072827979922, 0.6902257800102234, 0.74122554063797, -0.001667613280005753, -0.0168683473020792], [-2.601672649383545, 0.5346786379814148, -0.10114375501871109, 0.4382498860359192, -0.0562233105301857, 0.529830813407898, -0.16936451196670532, -0.5657985806465149], [0.886078953742981, 0.174662247300148, 0.1212787851691246, 0.3490791916847229, -0.20597656071186066, -0.049741167575120926, 0.3010663092136383, 0.582876980304718], [2.1575779914855957, -0.2934476435184479, -0.2751031517982483, -0.6436275243759155, -1.1037172079086304, 1.6101288795471191, -0.3154321014881134, 0.03432495892047882], [0.7519723773002625, 0.014631185680627823, 0.13698790967464447, -0.0006530074751935899, 0.9610745310783386, 2.3095428943634033, -0.0018877307884395123, -0.017191387712955475]]}