{"step": 115, "width": 8, "height": 8, "values": [[-0.810289204120636, 0.935356616973877, 0.14652587473392487, 0.15480710566043854, -0.5006598234176636, 0.28111544251441956, 0.26203158497810364, -0.14141668379306793], [0.3394937217235565, -0.5938181281089783, -0.5033869743347168, 0.12662151455879211, 0.010064585134387016, 0.0006081178435124457, -0.10484271496534348, 0.7507985234260559], [0.5358562469482422, -0.11622529476881027, -0.15745961666107178, -0.9445223212242126, -0.2824375629425049, 0.9585781097412109, -0.739172637462616, -0.047905851155519485], [0.8704249858856201, -0.8644247055053711, 0.14468249678611755, -0.039672818034887314, 0.7791633605957031, 0.7701096534729004, 0.042182523757219315, 0.005363943055272102], [-1.9565843343734741, 3.9130992889404297, 0.23511172831058502, 0.1571907103061676, -0.5592358112335205, 0.306231290102005, 0.273930162191391, -0.25668326020240784], [0.48185256123542786, -1.0152684450149536, -0.6699169874191284, 0.4859476089477539, 0.010838287882506847, 0.0006145649240352213, -0.4321393370628357, 1.1135985851287842], [1.8672815561294556, -0.1566239893436432, -0.15968403220176697, -7.572418212890625, -0.30873939394950867, 2.0693705081939697, -0.9840088486671448, -0.05150071904063225], [1.6185886859893799, -1.3122297525405884, 0.20878903567790985, -0.04371039196848869, 1.3946750164031982, 7.228817939758301, 0.050121650099754333, 0.005439945496618748]]}