{"step": 30, "width": 8, "height": 8, "values": [[-0.8502373099327087, 0.5988452434539795, 0.9133895039558411, 0.9019166827201843, -0.4387400448322296, 0.6152365207672119, -0.05532778427004814, -0.2853693962097168], [0.3033757507801056, -0.3319533169269562, -0.05962357670068741, 0.2503957748413086, -0.5012772083282471, -0.0635543242096901, -0.4330032467842102, 0.7394266128540039], [0.33365458250045776, -0.012751388363540173, -0.5606473088264465, -0.9685823321342468, -0.6338297128677368, 0.9035379886627197, -0.689163327217102, -0.1563808172941208], [0.9575127363204956, 0.028691790997982025, 0.1959376484155655, -0.007534373085945845, 0.5199353694915771, 0.9779781103134155, 0.025610920041799545, 0.2257942408323288], [-5.033999443054199, 0.9279706478118896, 2.02488112449646, 1.5574511289596558, -0.4795207977294922, 0.8691512942314148, -0.05543225631117821, -0.3532678782939911], [0.3991451859474182, -0.34590983390808105, -0.07015254348516464, 0.3198786675930023, -0.7230333089828491, -0.06410033255815506, -0.46947529911994934, 1.0961062908172607], [1.8901745080947876, -0.014750669710338116, -0.6458962559700012, -3.5467259883880615, -0.7534251809120178, 1.5780919790267944, -2.2485570907592773, -0.16186785697937012], [2.5748326778411865, 0.028718823567032814, 0.36028459668159485, -0.00924759078770876, 0.897593080997467, 6.397984981536865, 0.028460700064897537, 0.2431311011314392]]}