{"step": 51, "width": 8, "height": 8, "values": [[-0.8493868708610535, 0.9360361099243164, 0.450406551361084, 0.435985803604126, -0.704327404499054, 0.028065301477909088, 0.37395405769348145, -0.13147565722465515], [0.13457581400871277, -0.4746783375740051, -0.3160305917263031, 0.32767656445503235, 0.14371173083782196, -0.05776764824986458, 0.014941290020942688, 0.6273102760314941], [0.16865694522857666, 0.1203572005033493, -0.0928412526845932, -0.9709956049919128, -0.1597387045621872, 0.909582257270813, -0.7463219165802002, -0.038862381130456924], [0.937319815158844, -0.154091939330101, 0.18760275840759277, -0.1316905915737152, 0.7372716069221497, 0.8735776543617249, 0.042779985815286636, -0.23844483494758606], [-4.284067630767822, 2.78031587600708, 0.7827904224395752, 0.4699420928955078, -0.9119817018508911, 0.0299216341227293, 0.39791518449783325, -0.2365642935037613], [0.17158837616443634, -1.0329248905181885, -0.3973398804664612, 1.018997311592102, 0.1598537564277649, -0.058304812759160995, 0.16248756647109985, 0.8398502469062805], [1.5264531373977661, 0.34872743487358093, -0.09317944943904877, -7.122906684875488, -0.18580202758312225, 1.8240771293640137, -1.0762025117874146, -0.04161510244011879], [2.751386880874634, -0.15542323887348175, 0.26351165771484375, -0.13862209022045135, 1.0725334882736206, 8.47377872467041, 0.04829464852809906, -0.24689260125160217]]}