{"step": 84, "width": 8, "height": 8, "values": [[-0.7636327743530273, 0.9088993668556213, 0.4387376308441162, 0.08320049941539764, -0.6304394006729126, -0.13617856800556183, 0.11163374781608582, -0.1502796858549118], [0.11351750791072845, -0.8256357908248901, -0.4646470546722412, 0.16326452791690826, -0.6638196110725403, -0.034234024584293365, 0.08119332790374756, 0.7415049076080322], [0.5578252673149109, 0.08509839326143265, -0.48075106739997864, -0.9320610165596008, 0.1719043105840683, 0.8254595398902893, -0.8849005103111267, -0.11239054799079895], [0.9450685381889343, -0.5980104804039001, 0.1833057999610901, -0.10850057750940323, 0.6703791618347168, 0.8909134864807129, 0.05210047587752342, 0.2561616897583008], [-1.5615582466125488, 3.3772356510162354, 0.7022839188575745, 0.08675935864448547, -0.7475584149360657, -0.1476857215166092, 0.11229611933231354, -0.26401183009147644], [0.14408259093761444, -1.1757887601852417, -0.5620879530906677, 0.35638564825057983, -0.8759562373161316, -0.03464829549193382, 0.0822032019495964, 1.1018074750900269], [1.0930867195129395, 0.4434159994125366, -0.5547839403152466, -7.163710117340088, 0.187019944190979, 1.2663739919662476, -2.29191517829895, -0.11878486722707748], [2.033346652984619, -0.6910874843597412, 0.23614640533924103, -0.14269699156284332, 1.2332648038864136, 6.703945636749268, 0.058098237961530685, 0.32410550117492676]]}