{"step": 35, "width": 8, "height": 8, "values": [[-0.8843744397163391, 0.849883496761322, 0.36430373787879944, 0.73675137758255, -0.5951207876205444, 0.4960097074508667, 0.12436212599277496, -0.17988832294940948], [0.5254782438278198, 0.008488776162266731, -0.11309529840946198, 0.41654208302497864, 0.09543009847402573, -0.06416857242584229, -0.06108345463871956, 0.7344806790351868], [0.34489110112190247, -0.06149955838918686, -0.22209881246089935, -0.9754539132118225, -0.5159159898757935, 0.9699004292488098, -0.5283675193786621, -0.2644024193286896], [0.9271554350852966, -0.0032904911786317825, 0.17121805250644684, 0.03150821477174759, 0.7586694359779358, 0.9419612288475037, 0.03370971605181694, -0.33128201961517334], [-5.150023460388184, 1.5778777599334717, 0.5082712769508362, 0.9505252242088318, -0.697594404220581, 0.654866635799408, 0.1319022923707962, -0.30778685212135315], [0.7767210006713867, 0.012438366189599037, -0.14676177501678467, 0.8952437043190002, 0.10329919308423996, -0.06475038826465607, -0.32509899139404297, 1.0714190006256104], [2.2915937900543213, -0.08231551200151443, -0.22679650783538818, -4.778058052062988, -0.5853500366210938, 2.1878280639648438, -0.6154634952545166, -0.2950340211391449], [2.8616111278533936, -0.0032918185461312532, 0.23165281116962433, 0.03452861309051514, 1.2827684879302979, 7.840356826782227, 0.037908732891082764, -0.3501376211643219]]}