{"step": 110, "width": 8, "height": 8, "values": [[-0.6479291319847107, 0.858178436756134, 0.5008299946784973, 0.2949572801589966, -0.4722161591053009, 0.2376735359430313, 0.3666440546512604, -0.09314044564962387], [0.30678701400756836, -0.8463939428329468, -0.4916483461856842, 0.1311521679162979, -0.362287312746048, -0.0015816737432032824, 0.501837432384491, 0.7805944085121155], [0.5582312345504761, 0.13316577672958374, -0.44222718477249146, -0.9604371786117554, 0.15322940051555634, 0.9122539162635803, -0.9379000663757324, 0.07989495992660522], [0.9128903150558472, -0.8457304835319519, 0.25440606474876404, -0.046976182609796524, 0.7539799809455872, 0.9219947457313538, 0.04377058520913124, 0.22045105695724487], [-2.0603256225585938, 3.8326776027679443, 0.6879763007164001, 0.32455044984817505, -0.5150423049926758, 0.2674335837364197, 0.38612794876098633, -0.15431690216064453], [0.44522741436958313, -1.2640033960342407, -0.6574772596359253, 0.26398688554763794, -0.45662984251976013, -0.0015925307525321841, 0.5628719329833984, 1.1896353960037231], [1.3321387767791748, 0.14423702657222748, -0.4836640954017639, -7.835360527038574, 0.17015044391155243, 1.6802997589111328, -1.9751389026641846, 0.08200933039188385], [1.7744942903518677, -1.2510333061218262, 0.32706063985824585, -0.06762950867414474, 1.2711496353149414, 7.1487860679626465, 0.05261645466089249, 0.34461697936058044]]}