{"step": 89, "width": 8, "height": 8, "values": [[-0.7620050311088562, 0.9137978553771973, 0.6369363069534302, 0.0018341256072744727, -0.6107099652290344, -0.14307226240634918, 0.10262137651443481, -0.18001869320869446], [0.0783017948269844, -0.8758299350738525, -0.4476591944694519, 0.18427787721157074, -0.06965227425098419, -0.029917322099208832, 0.07221662253141403, 0.7141460180282593], [0.5634325742721558, 0.20546790957450867, -0.3109336793422699, -0.92424476146698, 0.2865729033946991, 0.897529661655426, -0.8364084959030151, -0.2040933221578598], [0.9417458176612854, -0.6597651839256287, 0.21841803193092346, -0.14588649570941925, 0.671898365020752, 0.979955792427063, 0.050950340926647186, 0.07730430364608765], [-1.5862057209014893, 3.546943187713623, 0.903641402721405, 0.0018958159489557147, -0.7175952792167664, -0.15310409665107727, 0.10354295372962952, -0.23332831263542175], [0.10020275413990021, -1.3628654479980469, -0.564018726348877, 0.5035753846168518, -0.15643969178199768, -0.03024430200457573, 0.07296298444271088, 1.025004506111145], [1.2744613885879517, 0.26317474246025085, -0.32449406385421753, -7.120848655700684, 0.307616651058197, 1.8885159492492676, -1.7681955099105835, -0.22612519562244415], [1.9642051458358765, -0.7946668863296509, 0.4381495416164398, -0.17588701844215393, 1.0799387693405151, 7.604222297668457, 0.06027011573314667, 0.09441027045249939]]}