{"step": 70, "width": 8, "height": 8, "values": [[-0.7942673563957214, 0.9141977429389954, 0.6235352158546448, 0.04992484301328659, -0.6746314167976379, 0.06043420359492302, 0.03514038398861885, -0.14251352846622467], [0.0025052328128367662, -0.6669113039970398, -0.39983052015304565, 0.28922829031944275, -0.40083807706832886, -0.03704594820737839, -0.5986189842224121, 0.5908171534538269], [0.5070165991783142, -0.1947103887796402, -0.18389946222305298, -0.9173837304115295, -0.013661321252584457, 0.8636050820350647, -0.794725775718689, -0.05344201624393463], [0.9181188344955444, -0.3353617489337921, 0.20571129024028778, 0.05790208280086517, 0.47598618268966675, 0.8860775232315063, 0.04943687468767166, -0.15141960978507996], [-1.5150502920150757, 2.8807637691497803, 0.8989803791046143, 0.05056070536375046, -0.8563598394393921, 0.06579933315515518, 0.03530389815568924, -0.19534380733966827], [0.003363377880305052, -0.8110405802726746, -0.48148250579833984, 0.47513169050216675, -0.5156635642051697, -0.03740309178829193, -0.74210125207901, 0.7484018802642822], [1.7309057712554932, -0.2182435393333435, -0.18846732378005981, -6.467254638671875, -0.014577818103134632, 1.363970398902893, -1.740270972251892, -0.0571078285574913], [2.131955146789551, -0.3490261435508728, 0.3331661522388458, 0.06223084405064583, 0.9219977259635925, 6.38693380355835, 0.05465320125222206, -0.15947988629341125]]}