{"step": 9, "width": 8, "height": 8, "values": [[-0.9418538212776184, 0.23948462307453156, -0.1685681939125061, 0.3536744713783264, -0.04194653779268265, 0.32838621735572815, -0.15455690026283264, -0.34321147203445435], [0.4508325457572937, -0.037606243044137955, 0.09083089977502823, 0.041460491716861725, 0.015151835046708584, -0.049012649804353714, 0.33567216992378235, 0.5128365755081177], [0.7770223617553711, -0.04764867573976517, -0.7764803767204285, -0.30827394127845764, -0.5957416892051697, 0.8887204527854919, -0.7302585244178772, -0.04636351764202118], [0.3879551589488983, 0.016376039013266563, 0.223862886428833, 0.018258115276694298, 0.5399009585380554, 0.7123962640762329, -0.0016363445902243257, 0.2697564959526062], [-2.106177568435669, 0.32084229588508606, -0.2292267084121704, 0.3804117739200592, -0.042650725692510605, 0.40096405148506165, -0.19528329372406006, -0.5187817215919495], [0.5101180076599121, -0.037717126309871674, 0.1250627040863037, 0.081870898604393, 0.017768846824765205, -0.0493006594479084, 0.3500956892967224, 0.6364363431930542], [1.7105203866958618, -0.05428753048181534, -1.0505539178848267, -0.3267052471637726, -0.7285376787185669, 1.468653678894043, -1.0587745904922485, -0.05131741240620613], [0.4179903268814087, 0.01641996018588543, 0.3585401773452759, 0.02016979269683361, 0.83661949634552, 1.7077610492706299, -0.0018499346915632486, 0.294052392244339]]}