{"step": 22, "width": 8, "height": 8, "values": [[-0.8972843289375305, 0.60431307554245, 0.8056914806365967, 0.33702340722084045, -0.3956971764564514, 0.596474826335907, 0.08804890513420105, -0.24456249177455902], [0.2753026783466339, -0.5511196851730347, 0.0794859230518341, 0.5608310699462891, -0.028611667454242706, -0.06619200855493546, -0.10920143872499466, 0.6562493443489075], [0.3727864623069763, 0.0772562026977539, -0.24092847108840942, -0.9668669104576111, -0.27438563108444214, 0.9806362390518188, -0.6701646447181702, -0.6706859469413757], [0.9154107570648193, 0.05174435302615166, 0.26850655674934387, 0.07154304534196854, 0.6682267189025879, 0.9626155495643616, 0.014019210822880268, -0.03473472595214844], [-3.157893657684326, 0.9778741598129272, 1.199015736579895, 0.3600519299507141, -0.4279763102531433, 0.8341200947761536, 0.08914687484502792, -0.30089008808135986], [0.3365662395954132, -0.6258074641227722, 0.08783217519521713, 0.8664472103118896, -0.06297217309474945, -0.06678621470928192, -0.110318623483181, 0.9146642088890076], [1.6790622472763062, 0.082305908203125, -0.24760304391384125, -2.591557264328003, -0.28417322039604187, 2.7474560737609863, -1.531393051147461, -0.9315053820610046], [1.764057993888855, 0.0520130917429924, 0.4986228346824646, 0.0909886285662651, 1.000067949295044, 5.0363335609436035, 0.015939252451062202, -0.040627092123031616]]}