{"step": 39, "width": 8, "height": 8, "values": [[-0.9522145390510559, 0.7556462287902832, 0.760983407497406, 0.817466676235199, -0.5973560214042664, 0.4338940382003784, -0.42470499873161316, -0.14169847965240479], [0.3307759761810303, -0.35728228092193604, -0.11602383106946945, 0.2400699257850647, -0.24646687507629395, -0.06084305793046951, 0.496330201625824, 0.76970374584198], [0.43600934743881226, -0.19510769844055176, -0.5911170840263367, -0.9863688945770264, -0.5379163026809692, 0.870837926864624, -0.8218633532524109, 0.13852368295192719], [0.9500974416732788, -0.06389439851045609, 0.11404438316822052, -0.0720871239900589, 0.6414472460746765, 0.9270181655883789, 0.03532646968960762, 0.1327490657567978], [-6.240507125854492, 1.438941478729248, 1.538834571838379, 1.1740325689315796, -0.7029415965080261, 0.5232568979263306, -0.46444079279899597, -0.23207828402519226], [0.7145587205886841, -0.3755017817020416, -0.16478858888149261, 0.3535407781600952, -0.2648448348045349, -0.061138078570365906, 0.5491853952407837, 1.1701058149337769], [2.0811069011688232, -0.21037225425243378, -0.6841894388198853, -4.899926662445068, -0.8248156905174255, 1.47984778881073, -2.5155763626098633, 0.14835356175899506], [3.107243537902832, -0.06404674053192139, 0.1828211396932602, -0.08711608499288559, 1.0435833930969238, 7.506833553314209, 0.03885665908455849, 0.14837205410003662]]}