{"step": 42, "width": 8, "height": 8, "values": [[-0.8796853423118591, 0.8956619501113892, 0.4372404217720032, 0.8090481162071228, -0.5756484270095825, 0.4064899682998657, 0.5013857483863831, -0.137699156999588], [0.6595228910446167, -0.32291853427886963, -0.21155504882335663, 0.34162265062332153, 0.28665265440940857, -0.060642652213573456, 0.43095090985298157, 0.6653492450714111], [0.1509919911623001, 0.22303061187267303, -0.4043710231781006, -0.9939083456993103, 0.1562659740447998, 0.754002571105957, -0.7374417781829834, 0.4159615933895111], [0.9371187090873718, -0.0847989022731781, 0.18346570432186127, -0.16236701607704163, 0.647681713104248, 0.7504979372024536, 0.03847203031182289, -0.16017158329486847], [-6.556774139404297, 1.9942468404769897, 1.0853395462036133, 1.2240389585494995, -0.708630383014679, 0.48542115092277527, 0.552313506603241, -0.21543021500110626], [1.1145166158676147, -0.45707985758781433, -0.2921651005744934, 0.7036555409431458, 0.30755889415740967, -0.06115170568227768, 0.4968380630016327, 0.924368143081665], [2.2810850143432617, 0.518837571144104, -0.43006765842437744, -6.3548407554626465, 0.1726475954055786, 1.0318012237548828, -1.1101667881011963, 0.4611031413078308], [3.2550299167633057, -0.08511029183864594, 0.2413996011018753, -0.1870572715997696, 1.1316593885421753, 7.833297252655029, 0.042948946356773376, -0.16419696807861328]]}