{"step": 63, "width": 8, "height": 8, "values": [[-0.7585850954055786, 0.9437267184257507, 0.6619493365287781, 0.016472026705741882, -0.690990686416626, 0.20095136761665344, 0.19490952789783478, 0.020418915897607803], [-0.27893000841140747, -0.8079833984375, -0.40671053528785706, 0.2684956192970276, -0.6834890842437744, -0.04507673904299736, -0.3277205228805542, 0.6744481325149536], [0.45484620332717896, 0.020856540650129318, -0.13437609374523163, -0.8839643001556396, 0.06841034442186356, 0.8067806363105774, -0.5800819396972656, -0.14641982316970825], [0.9478812217712402, -0.19338500499725342, 0.1553260236978531, -0.2594149112701416, 0.5929606556892395, 0.9176750779151917, 0.05073012784123421, -0.032975345849990845], [-2.407095193862915, 2.842393398284912, 0.8991332054138184, 0.01681813783943653, -0.8718808889389038, 0.22798453271389008, 0.19776710867881775, 0.03881902992725372], [-0.4109920561313629, -1.1266251802444458, -0.458163321018219, 0.4064493775367737, -0.9163643717765808, -0.0455276295542717, -0.36732882261276245, 0.9092475771903992], [1.4965286254882812, 0.07782822847366333, -0.14703597128391266, -5.8358917236328125, 0.09039117395877838, 1.2920684814453125, -2.1946661472320557, -0.1536652147769928], [2.2434420585632324, -0.19600483775138855, 0.18273696303367615, -0.29147833585739136, 0.8435968160629272, 6.920798301696777, 0.055665887892246246, -0.03824746236205101]]}