{"step": 62, "width": 8, "height": 8, "values": [[-0.7425641417503357, 0.8972576856613159, 0.5628222227096558, 0.01154179498553276, -0.7003139853477478, 0.20606505870819092, 0.20556101202964783, -0.015525240451097488], [-0.33141690492630005, -0.7877670526504517, -0.3911643326282501, 0.3289875388145447, -0.3979041576385498, -0.046036865562200546, -0.07665745913982391, 0.6314607262611389], [0.5252708792686462, 0.015019596554338932, -0.18441130220890045, -0.8968529105186462, 0.42384880781173706, 0.9027109146118164, -0.9129456281661987, -0.1970665603876114], [0.9451891779899597, -0.1811315268278122, 0.1920303851366043, -0.2291724532842636, 0.5384202003479004, 0.947822093963623, 0.04804307967424393, -0.06773600727319717], [-2.607419729232788, 2.808098077774048, 0.8008745908737183, 0.012274831533432007, -0.877678394317627, 0.24167561531066895, 0.20959912240505219, -0.025390082970261574], [-0.4991895258426666, -1.0923162698745728, -0.44604650139808655, 0.5263484120368958, -0.47141948342323303, -0.04658348485827446, -0.11183129251003265, 0.8327659964561462], [1.790144681930542, 0.024746015667915344, -0.19201427698135376, -5.7898054122924805, 0.502822756767273, 1.832146167755127, -1.8185762166976929, -0.2051129788160324], [2.2613723278045654, -0.18340380489826202, 0.22726859152317047, -0.2548288106918335, 0.7669582366943359, 7.321619510650635, 0.05395610257983208, -0.07446124404668808]]}