{"step": 97, "width": 8, "height": 8, "values": [[-0.7832050919532776, 0.9364315271377563, 0.40148693323135376, -0.01390684675425291, -0.5749894976615906, 0.08242650330066681, 0.08062883466482162, -0.05528249219059944], [0.06655485928058624, -0.774409830570221, -0.4587249457836151, 0.25332772731781006, -0.5479241013526917, -0.02457040548324585, -0.05035078898072243, 0.747742772102356], [0.6012310981750488, 0.32471606135368347, -0.050144508481025696, -0.9416553378105164, 0.3661680221557617, 0.8274555802345276, -0.6686344742774963, -0.26086950302124023], [0.9008166193962097, -0.7175648808479309, 0.10817760229110718, -0.15473349392414093, 0.6716466546058655, 0.8289391994476318, 0.05285684019327164, -0.01459185965359211], [-1.656052827835083, 3.633212089538574, 0.5802585482597351, -0.015251021832227707, -0.6624149680137634, 0.09134829789400101, 0.08212558180093765, -0.09501644968986511], [0.10346720367670059, -1.0456048250198364, -0.5650033950805664, 0.704548180103302, -0.6825026869773865, -0.02488134056329727, -0.07588612288236618, 1.0622869729995728], [1.7689309120178223, 0.4008828103542328, -0.05053720623254776, -7.131025314331055, 0.6428772211074829, 1.289921522140503, -0.8413794040679932, -0.29974856972694397], [1.7700626850128174, -0.9033344984054565, 0.12695738673210144, -0.17583228647708893, 1.2021985054016113, 9.346384048461914, 0.05993930995464325, -0.015954794362187386]]}