{"step": 83, "width": 8, "height": 8, "values": [[-0.7198152542114258, 0.9229182600975037, 0.45912599563598633, 0.08495333045721054, -0.6367834210395813, -0.08974626660346985, 0.10312622040510178, -0.08075730502605438], [0.22360172867774963, -0.771399199962616, -0.4480365216732025, 0.2921290099620819, -0.3317590057849884, -0.03353084623813629, -0.28279465436935425, 0.7110854387283325], [0.5776424407958984, 0.38421615958213806, -0.2788880169391632, -0.925502359867096, 0.10178482532501221, 0.7875564694404602, -0.9341742396354675, -0.13899827003479004], [0.9436113238334656, -0.5920732021331787, 0.2585645616054535, -0.0488801933825016, 0.7239369750022888, 0.9219695925712585, 0.05052680894732475, 0.12347766757011414], [-1.6040738821029663, 3.3733577728271484, 0.584964394569397, 0.09134989976882935, -0.7609321475028992, -0.10038664191961288, 0.10432545840740204, -0.13985343277454376], [0.3688570559024811, -1.0331549644470215, -0.5685036182403564, 0.5361378192901611, -0.4866009056568146, -0.03387857601046562, -0.2947850525379181, 1.051396369934082], [0.9283865690231323, 0.4484647810459137, -0.2902725040912628, -7.3925933837890625, 0.10723800957202911, 1.1148732900619507, -1.831780195236206, -0.1482398957014084], [2.115640878677368, -0.6845744848251343, 0.32081419229507446, -0.1166030690073967, 1.3178070783615112, 6.651599407196045, 0.05730895698070526, 0.23836807906627655]]}