{"step": 111, "width": 8, "height": 8, "values": [[-0.7445125579833984, 0.9557672739028931, 0.3556073307991028, 0.22891484200954437, -0.49590519070625305, 0.2911994159221649, 0.3779347836971283, -0.150639608502388], [0.4930485188961029, -0.545319139957428, -0.4952002465724945, 0.20244885981082916, 0.04221944883465767, -0.0011109021725133061, -0.027719570323824883, 0.6932642459869385], [0.20047684013843536, 0.12374799698591232, -0.1777101755142212, -0.9682097434997559, -0.27396613359451294, 0.9253836870193481, -0.7507128119468689, 0.04607697203755379], [0.8991780281066895, -0.8515121340751648, 0.16826190054416656, -0.05501892417669296, 0.8520168662071228, 0.7424173355102539, 0.04482808709144592, 0.08511636406183243], [-1.9973393678665161, 3.9555394649505615, 0.6072767972946167, 0.23473039269447327, -0.5575703978538513, 0.31414440274238586, 0.3992956876754761, -0.2925790250301361], [0.7681223154067993, -0.9804502725601196, -0.6823021769523621, 0.7310301661491394, 0.04808596894145012, -0.0011203443864360452, -0.11562521755695343, 0.9526680111885071], [1.5419762134552002, 0.30041947960853577, -0.17972411215305328, -8.408805847167969, -0.31902486085891724, 1.914675235748291, -1.1032854318618774, 0.053405292332172394], [1.7870442867279053, -1.2641887664794922, 0.23225349187850952, -0.06030673161149025, 1.5313888788223267, 7.496032238006592, 0.05329287797212601, 0.08817196637392044]]}