{"step": 102, "width": 8, "height": 8, "values": [[-0.718229353427887, 0.9337155818939209, 0.2876169979572296, -0.059103455394506454, -0.5382004380226135, 0.09847617894411087, -0.006768405437469482, 0.05433660373091698], [0.17823189496994019, -0.7865862250328064, -0.4340301752090454, 0.17895326018333435, -0.30832406878471375, -0.015152238309383392, -0.027752483263611794, 0.7837368249893188], [0.6614708304405212, -0.02603069692850113, -0.08521459996700287, -0.9427362680435181, 0.08020961284637451, 0.8575118780136108, -0.6702113151550293, -0.15180820226669312], [0.8945859670639038, -0.7794162034988403, 0.18890276551246643, -0.16956666111946106, 0.7181442379951477, 0.8407148718833923, 0.050339166074991226, 0.020811229944229126], [-1.3197098970413208, 3.744765520095825, 0.3417806029319763, -0.061471518129110336, -0.6082032322883606, 0.10812250524759293, -0.006998855620622635, 0.1079903170466423], [0.3666667640209198, -1.1014013290405273, -0.5570533275604248, 0.4202561378479004, -0.395729660987854, -0.015283819288015366, -0.029583172872662544, 1.1772843599319458], [1.5639822483062744, -0.026485774666070938, -0.08582010120153427, -7.488964557647705, 0.1114688366651535, 1.326464295387268, -0.8544732928276062, -0.1705101877450943], [1.7812883853912354, -1.0468109846115112, 0.23205618560314178, -0.21201467514038086, 1.2184473276138306, 8.274749755859375, 0.05858200415968895, 0.026260405778884888]]}