{"step": 18, "width": 8, "height": 8, "values": [[-0.8631612062454224, 0.7218235731124878, 0.6392419934272766, 0.2872723937034607, -0.26660045981407166, 0.5973201394081116, 0.2462514489889145, -0.18905220925807953], [0.2990701496601105, -0.05308965966105461, 0.05208524316549301, 0.5330703258514404, 0.11764635890722275, -0.058627352118492126, 0.006256020162254572, 0.5993445515632629], [0.09075584262609482, 0.2263742983341217, -0.08622674643993378, -0.9773102402687073, -0.42271244525909424, 0.9474793672561646, -0.5044655799865723, -0.5275934934616089], [0.8550538420677185, 0.03001275099813938, 0.19607412815093994, 0.0624394565820694, 0.7793050408363342, 0.8540073037147522, 0.009188685566186905, -0.06106622517108917], [-2.916710138320923, 1.0822795629501343, 0.9267112016677856, 0.29821690917015076, -0.2817390561103821, 0.8186909556388855, 0.2607100009918213, -0.313479483127594], [0.38557368516921997, -0.09827590733766556, 0.05771805718541145, 1.1202023029327393, 0.1392199844121933, -0.05923278629779816, 0.06872101873159409, 0.7766354084014893], [1.5248901844024658, 0.42265820503234863, -0.08657310158014297, -2.699345111846924, -0.4694381058216095, 1.8927245140075684, -0.6157044172286987, -0.7757108807563782], [1.5089647769927979, 0.03004598803818226, 0.2545594871044159, 0.0676746517419815, 1.1413488388061523, 4.661779403686523, 0.010345052927732468, -0.0631427988409996]]}