{"step": 71, "width": 8, "height": 8, "values": [[-0.7612623572349548, 0.9128169417381287, 0.753198504447937, 0.04538485407829285, -0.6837887167930603, -0.022163838148117065, -0.11623480170965195, -0.09821312874555588], [-0.06733247637748718, -0.6681437492370605, -0.39003467559814453, 0.21584966778755188, -0.6584200263023376, -0.036868784576654434, -0.1691092997789383, 0.5944101810455322], [0.25695088505744934, -0.18973271548748016, -0.28140586614608765, -0.9572679400444031, 0.0424560084939003, 0.8470250964164734, -0.7042203545570374, -0.02860189788043499], [0.9233034253120422, -0.37625330686569214, 0.17080450057983398, 0.16680674254894257, 0.5032237768173218, 0.9198247194290161, 0.04736930504441261, 0.0031212973408401012], [-1.5221501588821411, 2.864989995956421, 1.1664330959320068, 0.04597989469766617, -0.863415002822876, -0.023901082575321198, -0.11690735816955566, -0.13323216140270233], [-0.09006770700216293, -0.8134685158729553, -0.47776558995246887, 0.3062369227409363, -0.9053473472595215, -0.03713327273726463, -0.1856531947851181, 0.7368730902671814], [1.3241509199142456, -0.20808711647987366, -0.29235580563545227, -6.332961559295654, 0.045778755098581314, 1.3483341932296753, -2.267606735229492, -0.029432164505124092], [2.1111032962799072, -0.3958849608898163, 0.28937193751335144, 0.17420881986618042, 0.8159789443016052, 6.20854377746582, 0.05278293043375015, 0.00328212883323431]]}