{"step": 85, "width": 8, "height": 8, "values": [[-0.8168268203735352, 0.9424673914909363, 0.45435309410095215, 0.06584493815898895, -0.6268903613090515, -0.17115841805934906, 0.156479150056839, -0.11960238218307495], [0.16133400797843933, -0.7768865823745728, -0.46264082193374634, 0.22027502954006195, -0.49205705523490906, -0.03359663486480713, 0.5068113803863525, 0.7390313148498535], [0.3668244481086731, 0.38079404830932617, -0.15057291090488434, -0.9707436561584473, 0.34896641969680786, 0.6224115490913391, -0.824543297290802, -0.11897540092468262], [0.9263576865196228, -0.6140181422233582, 0.10979314893484116, -0.12156730145215988, 0.761992871761322, 0.7781502604484558, 0.05144962668418884, 0.21793024241924286], [-1.668251872062683, 3.5140504837036133, 0.6462493538856506, 0.07521098107099533, -0.7616093754768372, -0.18368425965309143, 0.1580762416124344, -0.20824790000915527], [0.27934637665748596, -1.103092074394226, -0.5762659907341003, 0.6686319708824158, -0.6011890172958374, -0.03398788720369339, 0.676762580871582, 1.077307105064392], [1.2738767862319946, 0.6874083280563354, -0.1518244445323944, -7.512280464172363, 0.5525045394897461, 0.8189606666564941, -1.3259598016738892, -0.13976801931858063], [2.0403666496276855, -0.7163730263710022, 0.13559554517269135, -0.14466997981071472, 1.3298217058181763, 7.386226654052734, 0.05862254649400711, 0.2440953403711319]]}