{"step": 81, "width": 8, "height": 8, "values": [[-0.7388588190078735, 0.9569278359413147, 0.6807940602302551, 0.10956986248493195, -0.6707879304885864, -0.1840939074754715, -0.10419752448797226, -0.040064748376607895], [0.18969927728176117, -0.8093622922897339, -0.41036736965179443, 0.2340385913848877, -0.767389714717865, -0.03487272560596466, 0.030393389984965324, 0.7178583145141602], [0.37946802377700806, -0.050676874816417694, -0.34527647495269775, -0.9206552505493164, -0.2537330389022827, 0.6713590621948242, -0.3330085873603821, 0.13235992193222046], [0.9496079683303833, -0.5717669725418091, 0.1412855088710785, -0.029521068558096886, 0.6847456693649292, 0.923148512840271, 0.04978923127055168, 0.08879651129245758], [-1.464297890663147, 3.172931432723999, 0.9936138391494751, 0.11164851486682892, -0.8240756392478943, -0.19467797875404358, -0.1046556904911995, -0.08770713955163956], [0.3849722743034363, -1.1291879415512085, -0.5151758193969727, 0.386349081993103, -1.077422022819519, -0.03507399559020996, 0.03143689036369324, 1.0077852010726929], [1.1382033824920654, -0.15554121136665344, -0.3710186779499054, -7.049144744873047, -0.32708021998405457, 1.5294265747070312, -2.4210526943206787, 0.13823054730892181], [2.110046148300171, -0.6512972116470337, 0.16992783546447754, -0.034978460520505905, 1.0912716388702393, 6.059420108795166, 0.05483648553490639, 0.1049574539065361]]}