{"step": 104, "width": 8, "height": 8, "values": [[-0.7384137511253357, 0.9318591356277466, 0.44343873858451843, 0.0879092738032341, -0.548240065574646, 0.03873472288250923, -0.1599833071231842, -0.14100977778434753], [0.3594004213809967, -0.6672337055206299, -0.39660710096359253, 0.10600779950618744, -0.43729090690612793, -0.012675880454480648, -0.5879630446434021, 0.8053510189056396], [0.5226531624794006, -0.25027400255203247, -0.31511390209198, -0.9206696152687073, -0.20750416815280914, 0.9229599833488464, -0.5568557977676392, -0.025892117992043495], [0.9029266238212585, -0.800750195980072, 0.2486611157655716, 0.10886264592409134, 0.5692018866539001, 0.866195797920227, 0.046909671276807785, -0.05675133690237999], [-1.3307369947433472, 3.6927573680877686, 0.5576570630073547, 0.08884546160697937, -0.6275781989097595, 0.040624357759952545, -0.1620749682188034, -0.21285846829414368], [0.4959687292575836, -0.8096292614936829, -0.5394662022590637, 0.20959652960300446, -0.6003897786140442, -0.012764501385390759, -0.7203859686851501, 1.2353315353393555], [1.8186290264129639, -0.27539703249931335, -0.3287850320339203, -7.362007141113281, -0.22815752029418945, 1.8229986429214478, -1.5307023525238037, -0.028381384909152985], [1.7766120433807373, -1.1022164821624756, 0.37410587072372437, 0.11934506148099899, 1.1502982378005981, 6.614406585693359, 0.054191842675209045, -0.059236060827970505]]}