{"step": 13, "width": 8, "height": 8, "values": [[-0.8991261720657349, 0.6528252959251404, 0.6878169178962708, 0.34741687774658203, -0.1523817479610443, 0.48943743109703064, 0.2956313192844391, -0.2634628415107727], [0.4069921374320984, -0.2731378376483917, 0.08160004764795303, 0.28602704405784607, -0.19038084149360657, -0.05209823325276375, 0.5761433243751526, 0.6374481320381165], [0.31517529487609863, 0.3763869106769562, -0.18623323738574982, -0.8845444917678833, 0.1382417231798172, 0.36747828125953674, -0.6974502801895142, 0.15074412524700165], [0.7898796200752258, 0.01595463789999485, 0.11320570111274719, 0.008787835016846657, 0.6119160652160645, 0.7168601155281067, 0.00014610965445172042, 0.1671796441078186], [-3.189626932144165, 0.9834025502204895, 1.006408452987671, 0.4068000614643097, -0.16695266962051392, 0.651168704032898, 0.30549636483192444, -0.3790886104106903], [0.5380364656448364, -0.2983553409576416, 0.0927196741104126, 0.556195855140686, -0.20992359519004822, -0.05264841020107269, 0.7176967859268188, 0.8870587348937988], [2.214487314224243, 0.6277861595153809, -0.1885063797235489, -1.4613938331604004, 0.16444681584835052, 0.40237686038017273, -0.910424530506134, 0.17573851346969604], [1.1556875705718994, 0.015979664400219917, 0.1423036903142929, 0.010487408377230167, 0.8578881025314331, 2.853632688522339, 0.00016834106645546854, 0.1794617623090744]]}