{"step": 72, "width": 8, "height": 8, "values": [[-0.6887514591217041, 0.960320770740509, 0.7842001914978027, 0.045656152069568634, -0.6840413808822632, -0.04248334467411041, -0.010300242342054844, -0.00591206643730402], [0.019907590001821518, -0.7648637890815735, -0.41157928109169006, 0.18497714400291443, -0.8412011861801147, -0.03735675290226936, 0.05755108222365379, 0.6418482661247253], [0.3377618193626404, -0.036466293036937714, -0.32957208156585693, -0.9294003844261169, -0.04101226478815079, 0.6908024549484253, -0.40758341550827026, 0.03729618713259697], [0.9470829963684082, -0.3935713768005371, 0.15251211822032928, 0.11383001506328583, 0.6339873671531677, 0.933195173740387, 0.049468863755464554, 0.030972279608249664], [-1.4318897724151611, 2.913224697113037, 1.2105958461761475, 0.0465315580368042, -0.8549023270606995, -0.04532890021800995, -0.010305642150342464, -0.011894263327121735], [0.030975699424743652, -1.0125174522399902, -0.49376562237739563, 0.26280757784843445, -1.3171885013580322, -0.03758586198091507, 0.060135308653116226, 0.832707941532135], [1.1257963180541992, -0.11946702003479004, -0.3556232452392578, -6.514571666717529, -0.055425744503736496, 1.1691832542419434, -2.4704437255859375, 0.03819325193762779], [2.1146464347839355, -0.4165757894515991, 0.18168826401233673, 0.12894967198371887, 0.9159926176071167, 5.895916938781738, 0.0551777146756649, 0.036649126559495926]]}