{"step": 68, "width": 8, "height": 8, "values": [[-0.8239709734916687, 0.9263370037078857, 0.5524296760559082, -0.06262391060590744, -0.678830623626709, 0.12820321321487427, 0.1711650788784027, 0.003055850975215435], [-0.19347305595874786, -0.7551957964897156, -0.41321682929992676, 0.3079841732978821, -0.4025910794734955, -0.03829050064086914, -0.20539654791355133, 0.61167973279953], [0.7191600799560547, 0.019967295229434967, -0.37449952960014343, -0.9283688068389893, 0.17192426323890686, 0.7883115410804749, -0.913353443145752, -0.12428953498601913], [0.9188143014907837, -0.2842250466346741, 0.15131688117980957, -0.27385997772216797, 0.6318371295928955, 0.8571224808692932, 0.05226043984293938, -0.14582225680351257], [-1.6368964910507202, 2.9002866744995117, 0.8379213213920593, -0.06390142440795898, -0.8508605360984802, 0.14634771645069122, 0.17719748616218567, 0.005091371014714241], [-0.3467441201210022, -0.9922297596931458, -0.4854310154914856, 0.5779348015785217, -0.47876185178756714, -0.03865881636738777, -0.21086318790912628, 0.7923077940940857], [1.716943621635437, 0.023891855031251907, -0.40299245715141296, -6.218443870544434, 0.30562329292297363, 1.0843654870986938, -1.9145821332931519, -0.133286714553833], [2.1587419509887695, -0.2924986481666565, 0.22439709305763245, -0.30963051319122314, 1.0303905010223389, 7.017334461212158, 0.05738936364650726, -0.17709754407405853]]}