{"step": 96, "width": 8, "height": 8, "values": [[-0.7481186389923096, 0.8759691715240479, 0.31054040789604187, 0.005433645565062761, -0.5845695734024048, 0.0761629119515419, 0.08520641177892685, -0.12654341757297516], [-0.07346022129058838, -0.8264244794845581, -0.45973294973373413, 0.2777840197086334, -0.45101526379585266, -0.025687718763947487, 0.0011684894561767578, 0.7254894375801086], [0.40028616786003113, 0.34465301036834717, -0.32699936628341675, -0.9547513127326965, 0.5724732279777527, 0.9407910108566284, -0.8962887525558472, -0.29843437671661377], [0.9033619165420532, -0.703234851360321, 0.14994387328624725, -0.15833745896816254, 0.6283084154129028, 0.8156315684318542, 0.05266040936112404, 0.1464962214231491], [-1.618909239768982, 3.5985043048858643, 0.5481140613555908, 0.005853550974279642, -0.6737778186798096, 0.08533287048339844, 0.08706863969564438, -0.2140931338071823], [-0.10344332456588745, -1.1845593452453613, -0.5594594478607178, 0.6110117435455322, -0.5593461394309998, -0.02606511116027832, 0.0016613296465948224, 1.0191454887390137], [1.4220384359359741, 0.430997759103775, -0.34176912903785706, -7.0023274421691895, 0.7434544563293457, 1.9666754007339478, -1.5145899057388306, -0.3577675223350525], [1.7441105842590332, -0.8745760917663574, 0.18058301508426666, -0.18343913555145264, 1.1464016437530518, 9.000545501708984, 0.0590454563498497, 0.17399457097053528]]}