{"step": 98, "width": 8, "height": 8, "values": [[-0.7701824903488159, 0.9226248264312744, 0.40632712841033936, -0.06014237552881241, -0.5665058493614197, 0.08691594749689102, 0.07831677794456482, -0.03182048350572586], [0.1370583176612854, -0.7290397882461548, -0.4643244743347168, 0.21140536665916443, -0.515868067741394, -0.023209156468510628, -0.15445394814014435, 0.7721123099327087], [0.6009425520896912, 0.3180306851863861, -0.10159306228160858, -0.9440781474113464, 0.489714652299881, 0.7161375284194946, -0.567026674747467, -0.21235963702201843], [0.9050936102867126, -0.7312380075454712, 0.11858689785003662, -0.11235561221837997, 0.6594552993774414, 0.7528939843177795, 0.05335075780749321, -0.10760300606489182], [-1.742568016052246, 3.662165403366089, 0.5742686986923218, -0.0653163343667984, -0.6495908498764038, 0.09639739245176315, 0.07995802164077759, -0.058903828263282776], [0.20604701340198517, -0.9354214072227478, -0.5723680853843689, 0.6192359328269958, -0.6407613754272461, -0.02357560582458973, -0.20224782824516296, 1.1508067846298218], [2.0307323932647705, 0.3727445602416992, -0.10249242186546326, -7.32228946685791, 0.7515369653701782, 0.9458137154579163, -0.6661987900733948, -0.24939106404781342], [1.7987359762191772, -0.9321420788764954, 0.1352492868900299, -0.13007421791553497, 1.2292429208755493, 9.645505905151367, 0.06049424037337303, -0.12219849228858948]]}