{"step": 37, "width": 8, "height": 8, "values": [[-0.9497741460800171, 0.7577884197235107, 0.7492519021034241, 0.7600077390670776, -0.6023879051208496, 0.45019394159317017, -0.18903087079524994, -0.13922327756881714], [0.46044376492500305, -0.2655982971191406, -0.10311608761548996, 0.3367408812046051, -0.08719903975725174, -0.06251481175422668, 0.44607990980148315, 0.7636967301368713], [0.5041140913963318, -0.12713594734668732, -0.6211637854576111, -0.9883270859718323, -0.49639084935188293, 0.9261209964752197, -0.7902019023895264, -0.010237643495202065], [0.9472967982292175, -0.02473921701312065, 0.1557268500328064, 0.08813172578811646, 0.6559601426124573, 0.9034148454666138, 0.034207724034786224, 0.08776769787073135], [-5.783953666687012, 1.4982388019561768, 1.3534733057022095, 1.0170120000839233, -0.7114687561988831, 0.5650997757911682, -0.19773761928081512, -0.21601805090904236], [0.7394328713417053, -0.2733516991138458, -0.14038991928100586, 0.530795156955719, -0.09179797023534775, -0.06288020312786102, 0.4832790195941925, 1.1581002473831177], [2.2888400554656982, -0.1351207196712494, -0.7325299978256226, -4.72396993637085, -0.7086209058761597, 1.7532055377960205, -1.7258354425430298, -0.01076752133667469], [2.975781202316284, -0.0247708298265934, 0.22988107800483704, 0.10625937581062317, 1.0989266633987427, 7.81504487991333, 0.037947993725538254, 0.09591013938188553]]}