{"step": 43, "width": 8, "height": 8, "values": [[-0.836460292339325, 0.8700741529464722, 0.3070143759250641, 0.527198314666748, -0.6194542050361633, 0.3243424594402313, 0.4697909355163574, -0.24919621646404266], [0.50990891456604, -0.42722079157829285, -0.19216646254062653, 0.43677350878715515, 0.3175373375415802, -0.06069175526499748, -0.5677773356437683, 0.6448086500167847], [0.3570105731487274, -0.1836271733045578, -0.29730600118637085, -0.9820079803466797, 0.43922150135040283, 0.9345716834068298, -0.8962823748588562, 0.38646942377090454], [0.9217736721038818, -0.08361221849918365, 0.3498140573501587, -0.11034243553876877, 0.3058299124240875, 0.9313886761665344, 0.036977652460336685, -0.20920488238334656], [-6.078891754150391, 2.0055673122406006, 0.7013545036315918, 0.5994684100151062, -0.7545130252838135, 0.4353398382663727, 0.5131083130836487, -0.30765196681022644], [0.6063370704650879, -0.5409250855445862, -0.2715156078338623, 0.674938976764679, 0.413357675075531, -0.061339136213064194, -0.7834329605102539, 0.8674746155738831], [2.27154541015625, -0.20646855235099792, -0.3169829845428467, -5.936962604522705, 0.4732961058616638, 1.7100576162338257, -1.5035103559494019, 0.4173904359340668], [3.218294143676758, -0.0838983878493309, 0.5877336859703064, -0.12524038553237915, 0.8786143064498901, 8.077354431152344, 0.04285265877842903, -0.2149730920791626]]}