{"step": 66, "width": 8, "height": 8, "values": [[-0.7497389912605286, 0.9296317100524902, 0.30928805470466614, -0.13257762789726257, -0.6922580599784851, 0.1834779977798462, 0.21400389075279236, -0.1037023738026619], [-0.40559056401252747, -0.7506734132766724, -0.3944944739341736, 0.41394126415252686, 0.12278860807418823, -0.041069336235523224, -0.299104243516922, 0.6140786409378052], [0.2708178460597992, -0.10774438083171844, -0.12011603266000748, -0.9551698565483093, 0.5106317400932312, 0.9343955516815186, -0.8335990309715271, -0.21342748403549194], [0.9006209969520569, -0.23781487345695496, 0.2953208386898041, -0.24508972465991974, 0.43704381585121155, 0.9538612961769104, 0.05127036198973656, -0.32805195450782776], [-1.775376319885254, 2.8922688961029053, 0.4734369218349457, -0.13584619760513306, -0.8814055919647217, 0.2150474637746811, 0.22065803408622742, -0.12992839515209198], [-0.5245530009269714, -1.326028823852539, -0.48394641280174255, 0.6992154121398926, 0.16967244446277618, -0.04162228852510452, -0.6658468842506409, 0.7817708849906921], [1.6451077461242676, -0.1162547692656517, -0.1272508054971695, -6.044792652130127, 0.5663471221923828, 1.714109182357788, -1.3066604137420654, -0.22179891169071198], [2.2056846618652344, -0.24261465668678284, 0.5288856029510498, -0.2607455551624298, 0.8935167193412781, 7.074901103973389, 0.0579974390566349, -0.34396350383758545]]}