{"step": 6, "width": 8, "height": 8, "values": [[-0.6018498539924622, 0.34000515937805176, 0.09681406617164612, -0.18685749173164368, -0.20965982973575592, 0.2060815542936325, -0.06215193122625351, -0.2602214217185974], [0.272518515586853, -0.23313213884830475, 0.06668680906295776, -0.15087588131427765, -0.06028272956609726, -0.045485690236091614, -0.0859312191605568, 0.29507899284362793], [0.6165944933891296, 0.11722717434167862, -0.3512100279331207, -0.17432944476604462, -0.22937814891338348, 0.88624107837677, -0.3474656641483307, -0.46695858240127563], [-0.016363471746444702, 0.026660680770874023, 0.3738096058368683, 0.2361127883195877, 0.5044297575950623, 0.3093552589416504, -0.0017189334612339735, 0.06718803197145462], [-0.7562689781188965, 0.39522692561149597, 0.10163024067878723, -0.19746409356594086, -0.21825018525123596, 0.22868257761001587, -0.06503056734800339, -0.33810582756996155], [0.2850322723388672, -0.2399875372648239, 0.07870803773403168, -0.24618135392665863, -0.17655150592327118, -0.04572875797748566, -0.08644063770771027, 0.34460538625717163], [0.9947357773780823, 0.13168174028396606, -0.3701843023300171, -0.19058053195476532, -0.2363271862268448, 1.505789875984192, -0.5127164125442505, -0.5862888693809509], [-0.01652657613158226, 0.026986591517925262, 0.6683181524276733, 0.26366424560546875, 0.6456092000007629, 0.341313898563385, -0.0020331169944256544, 0.07414446771144867]]}