{"step": 55, "width": 8, "height": 8, "values": [[-0.8575242757797241, 0.8480950593948364, 0.7940453290939331, 0.39666298031806946, -0.6948994994163513, 0.2689145505428314, 0.2074536681175232, -0.25158068537712097], [-0.05965380370616913, -0.6773216724395752, -0.332190603017807, 0.2699744403362274, -0.25293686985969543, -0.05105997994542122, -0.21129335463047028, 0.696844220161438], [0.3956899642944336, 0.11925049126148224, -0.36490046977996826, -0.9392850399017334, -0.04693217575550079, 0.9524211287498474, -0.8750954270362854, -0.16308748722076416], [0.9525136947631836, -0.14416274428367615, 0.1983739137649536, -0.14910820126533508, 0.3884396553039551, 0.9887720942497253, 0.04248381033539772, 0.3862786889076233], [-3.8398776054382324, 2.674368143081665, 1.2100437879562378, 0.42586615681648254, -0.8787917494773865, 0.3152046203613281, 0.21170414984226227, -0.30708223581314087], [-0.07939193397760391, -0.8263235092163086, -0.39203283190727234, 0.3880663812160492, -0.44590818881988525, -0.05151450261473656, -0.21711502969264984, 0.9959397315979004], [0.8893641233444214, 0.12493959069252014, -0.3982011377811432, -5.547720432281494, -0.047628842294216156, 2.096666097640991, -4.212196350097656, -0.1686839461326599], [2.4666945934295654, -0.1452970802783966, 0.4525829255580902, -0.21336843073368073, 0.5530033707618713, 7.64368200302124, 0.0476694218814373, 0.4582963287830353]]}