{"step": 61, "width": 8, "height": 8, "values": [[-0.8004180788993835, 0.9224205613136292, 0.33322495222091675, 0.0036449802573770285, -0.6945117712020874, 0.21243764460086823, 0.20439770817756653, -0.10139067471027374], [-0.3358473777770996, -0.7223268151283264, -0.36097994446754456, 0.3996815085411072, 0.09001269936561584, -0.047378018498420715, -0.2836640477180481, 0.6408131122589111], [0.20200102031230927, -0.1012938991189003, -0.09845222532749176, -0.9706715941429138, 0.527881920337677, 0.9802934527397156, -0.9067833423614502, -0.1638220250606537], [0.9162524938583374, -0.1779036968946457, 0.2318776547908783, -0.22610756754875183, 0.34921619296073914, 0.9254480004310608, 0.047307003289461136, -0.14897151291370392], [-2.703218936920166, 2.782489776611328, 0.5974125862121582, 0.0037456988357007504, -0.8850986361503601, 0.25981128215789795, 0.20855407416820526, -0.12797357141971588], [-0.4141577184200287, -1.1075633764266968, -0.43086862564086914, 0.5712599754333496, 0.11514700204133987, -0.047918468713760376, -0.6183165907859802, 0.8269504904747009], [1.6484767198562622, -0.1078091561794281, -0.10475252568721771, -5.801429748535156, 0.5909067392349243, 2.407658100128174, -1.6872502565383911, -0.16798971593379974], [2.304957628250122, -0.17992690205574036, 0.4188315272331238, -0.23471826314926147, 0.6910796165466309, 7.33005952835083, 0.052822377532720566, -0.15177030861377716]]}