{"step": 2, "width": 8, "height": 8, "values": [[0.22241348028182983, 0.3412467837333679, -0.4178098738193512, -0.2437097281217575, -0.043494708836078644, 0.048673421144485474, 0.02282446250319481, -0.1540021002292633], [0.14867116510868073, 0.32759347558021545, 0.008589320816099644, -0.2560362219810486, 0.10152842104434967, -0.013399308547377586, 0.05088164284825325, 0.15384475886821747], [0.24178345501422882, 0.1359906941652298, -0.09742812067270279, -0.6924628615379333, -0.40739741921424866, -0.14585745334625244, 0.4544033706188202, -0.3724155128002167], [0.021399153396487236, 0.002523840172216296, 0.4797343313694, -0.07591044157743454, 0.5401706695556641, -0.03661102429032326, 0.005817803088575602, -0.46496886014938354], [0.2487228959798813, 0.3932441174983978, -0.5513814687728882, -0.26402828097343445, -0.04439264535903931, 0.05240757390856743, 0.058626770973205566, -0.25245776772499084], [0.15109749138355255, 0.862795352935791, 0.01152198575437069, -0.480331689119339, 0.14333337545394897, -0.013468524441123009, 0.3126184344291687, 0.17237281799316406], [0.5191622972488403, 0.5146186351776123, -0.09830904752016068, -0.8936713337898254, -0.45534202456474304, -0.15616419911384583, 0.5372753739356995, -0.5645666718482971], [0.022133229300379753, 0.002537637948989868, 0.6217279434204102, -0.09049248695373535, 0.6204855442047119, -0.04213813692331314, 0.00629114406183362, -0.5297588109970093]]}