{"step": 82, "width": 8, "height": 8, "values": [[-0.770115852355957, 0.9514119029045105, 0.6080790162086487, 0.10079065710306168, -0.6696581244468689, -0.23068290948867798, 0.07098636776208878, -0.07809794694185257], [0.29099196195602417, -0.7522980570793152, -0.4039495885372162, 0.2590102553367615, -0.49270540475845337, -0.03420155495405197, 0.46229249238967896, 0.7206994891166687], [0.2219657301902771, 0.1999613642692566, -0.24798403680324554, -0.9779170751571655, 0.232635036110878, 0.6420003771781921, -0.7766398787498474, 0.13516423106193542], [0.9324119687080383, -0.5872393846511841, 0.1400878131389618, -0.03046935237944126, 0.7501713633537292, 0.764196515083313, 0.049999386072158813, 0.07244959473609924], [-1.6218829154968262, 3.2824103832244873, 0.8989875316619873, 0.10711757838726044, -0.8441328406333923, -0.24533502757549286, 0.07119089365005493, -0.15036454796791077], [0.5555622577667236, -1.026302456855774, -0.5420054793357849, 0.6039088368415833, -0.6074435114860535, -0.034489940851926804, 0.6010128855705261, 1.0180120468139648], [1.2697244882583618, 0.2961310148239136, -0.2533538043498993, -7.530614852905273, 0.35243138670921326, 0.9420883059501648, -1.586560845375061, 0.15665501356124878], [2.1125524044036865, -0.6749880313873291, 0.16382181644439697, -0.03790481016039848, 1.236672282218933, 6.501694202423096, 0.05630557984113693, 0.08355709165334702]]}