{"step": 106, "width": 8, "height": 8, "values": [[-0.8214925527572632, 0.9311646819114685, 0.5652477741241455, 0.2737634479999542, -0.5138566493988037, 0.09110293537378311, -0.21677576005458832, -0.13519151508808136], [0.25138771533966064, -0.6189334392547607, -0.3809605836868286, 0.09871707111597061, -0.5366178154945374, -0.009309070184826851, 0.030167831107974052, 0.7899788022041321], [0.5243538022041321, -0.37641704082489014, -0.2854541838169098, -0.9309498071670532, -0.5031267404556274, 0.8295287489891052, -0.8320707678794861, 0.09069456160068512], [0.9185251593589783, -0.8288980722427368, 0.06782398372888565, -0.012446676380932331, 0.8078084588050842, 0.8627766966819763, 0.04621723294258118, -0.09420612454414368], [-1.8437093496322632, 3.67551326751709, 0.7768774628639221, 0.2833167016506195, -0.574661135673523, 0.09487325698137283, -0.22144006192684174, -0.26377496123313904], [0.6418229341506958, -0.7474331259727478, -0.570491373538971, 0.262112557888031, -0.6829985976219177, -0.009372247382998466, 0.09054349362850189, 1.2023766040802002], [1.9338680505752563, -0.4447072148323059, -0.2936532199382782, -7.855863571166992, -0.6689150929450989, 1.7490464448928833, -1.3319247961044312, 0.10245203226804733], [1.8688663244247437, -1.1858270168304443, 0.0964362621307373, -0.01362844929099083, 1.3907228708267212, 7.251648426055908, 0.05336301028728485, -0.10241400450468063]]}