{"step": 3, "width": 8, "height": 8, "values": [[0.1332773119211197, 0.28914111852645874, -0.16464221477508545, -0.26507076621055603, -0.06566597521305084, 0.07728777825832367, 0.025731254369020462, -0.28223490715026855], [-0.09629212319850922, 0.239726722240448, 0.019680438563227654, -0.41560298204421997, -0.20183998346328735, -0.034170910716056824, -0.6377729773521423, 0.33839935064315796], [0.47370001673698425, 0.20877183973789215, -0.20025555789470673, -0.10023114830255508, 0.003245126223191619, 0.3512076139450073, -0.3488139510154724, -0.4428549110889435], [-0.023334883153438568, 0.010607602074742317, 0.4941897988319397, 0.3338516652584076, 0.3743513226509094, -0.10598300397396088, 0.0035447601694613695, 0.41834917664527893], [0.14996755123138428, 0.3309129476547241, -0.17517288029193878, -0.2914991080760956, -0.06705481559038162, 0.08553797751665115, 0.027324151247739792, -0.36624211072921753], [-0.09742014110088348, 0.2451775223016739, 0.023435082286596298, -0.5876941680908203, -0.46115100383758545, -0.03440532460808754, -0.7648094892501831, 0.40090325474739075], [0.6088167428970337, 0.3035462200641632, -0.22105127573013306, -0.11602267622947693, 0.0032644036691635847, 0.3729079067707062, -0.4611983001232147, -0.524610161781311], [-0.023682357743382454, 0.010674240067601204, 0.7293347120285034, 0.4469955265522003, 0.49196213483810425, -0.11346966028213501, 0.0038865881506353617, 0.5136591196060181]]}