{"step": 57, "width": 8, "height": 8, "values": [[-0.8832671046257019, 0.9184725284576416, 0.7122339606285095, 0.37946033477783203, -0.6823681592941284, 0.30315884947776794, 0.16436707973480225, -0.09390371292829514], [0.007187448907643557, -0.7088972330093384, -0.36382707953453064, 0.16467759013175964, -0.6579546928405762, -0.04914337769150734, 0.014213779009878635, 0.7183619737625122], [0.40258073806762695, 0.043145645409822464, -0.25150519609451294, -0.9429170489311218, -0.08955083787441254, 0.7579672336578369, -0.7002365589141846, -0.09502874314785004], [0.9527900218963623, -0.1484091877937317, 0.13195906579494476, -0.20572248101234436, 0.45263317227363586, 0.9462019205093384, 0.04500826820731163, 0.2682375907897949], [-3.5449986457824707, 2.6810457706451416, 1.0718306303024292, 0.41130515933036804, -0.8627307415008545, 0.3473036587238312, 0.1661861091852188, -0.1514725536108017], [0.010074085555970669, -0.8877786993980408, -0.4218843877315521, 0.2640613913536072, -0.8339251279830933, -0.049588631838560104, 0.014971569180488586, 1.0345240831375122], [0.9969395995140076, 0.1390790343284607, -0.27418461441993713, -5.4577484130859375, -0.12503260374069214, 1.2820955514907837, -4.516515254974365, -0.09853827953338623], [2.3858883380889893, -0.1495969444513321, 0.16346696019172668, -0.27550798654556274, 0.620437741279602, 7.11165714263916, 0.04983742535114288, 0.2929925322532654]]}