{"step": 80, "width": 8, "height": 8, "values": [[-0.8099654912948608, 0.8954616785049438, 0.7178258895874023, 0.11496274173259735, -0.6782264113426208, -0.18448024988174438, -0.4104137718677521, -0.11517355591058731], [0.16652140021324158, -0.7581466436386108, -0.38098862767219543, 0.34943485260009766, -0.4024098813533783, -0.034889332950115204, -0.09557124227285385, 0.6861605644226074], [0.4676593244075775, -0.2251729667186737, -0.2341625839471817, -0.9583489894866943, -0.270805299282074, 0.9317983984947205, -0.7995074987411499, -0.0154560636729002], [0.9235135912895203, -0.5587661862373352, 0.18015463650226593, 0.011066786013543606, 0.5899680256843567, 0.9326028823852539, 0.047574613243341446, 0.1230018138885498], [-1.5165690183639526, 3.118138074874878, 1.0765178203582764, 0.11664491891860962, -0.8461839556694031, -0.1992354691028595, -0.44023314118385315, -0.15657027065753937], [0.28299519419670105, -0.9990493059158325, -0.5028675198554993, 0.6255742311477661, -0.5455439686775208, -0.03510335460305214, -0.09698486328125, 0.9345224499702454], [1.276939868927002, -0.23136764764785767, -0.24059724807739258, -7.021763801574707, -0.2961086928844452, 1.8585361242294312, -2.1910154819488525, -0.01605566404759884], [2.110288143157959, -0.6317145228385925, 0.39085614681243896, 0.012295661494135857, 1.039488673210144, 6.667604446411133, 0.0531613752245903, 0.13655875623226166]]}