{"step": 45, "width": 8, "height": 8, "values": [[-0.7295816540718079, 0.9312763214111328, 0.7198349833488464, 0.48880329728126526, -0.6317926049232483, 0.27936506271362305, 0.4300468862056732, -0.04283813387155533], [0.15165528655052185, -0.5335365533828735, -0.27330881357192993, 0.31072089076042175, -0.6178790926933289, -0.059480536729097366, -0.5565558075904846, 0.7407645583152771], [0.5530166625976562, 0.01891104318201542, -0.3279918432235718, -0.9147517681121826, -0.03917933255434036, 0.7150939106941223, -0.6937525272369385, 0.2771366536617279], [0.9639294147491455, -0.09035724401473999, 0.19187825918197632, -0.1615104228258133, 0.5692602396011353, 0.9103870391845703, 0.04002085700631142, 0.06662819534540176], [-5.535046100616455, 2.2765750885009766, 1.0476964712142944, 0.5445683598518372, -0.7761976718902588, 0.3419111967086792, 0.46026498079299927, -0.07630831748247147], [0.18116866052150726, -0.5973752737045288, -0.31106922030448914, 0.46542277932167053, -0.7698695063591003, -0.060043931007385254, -0.6452663540840149, 1.1166729927062988], [2.199850082397461, 0.09717667102813721, -0.35539308190345764, -5.90496826171875, -0.048782870173454285, 1.0051528215408325, -2.185812473297119, 0.2942439317703247], [3.0971524715423584, -0.09069858491420746, 0.2226530760526657, -0.1957775205373764, 0.8958083391189575, 8.111959457397461, 0.04480062052607536, 0.07847060263156891]]}