{"step": 103, "width": 8, "height": 8, "values": [[-0.6676868200302124, 0.9429000020027161, 0.06306959688663483, 0.12894238531589508, -0.545518159866333, 0.10619492828845978, -0.0072961049154400826, -0.04282252863049507], [0.41651326417922974, -0.6091167330741882, -0.41679647564888, 0.14838184416294098, 0.029929330572485924, -0.014693377539515495, -0.0736430361866951, 0.7706379890441895], [0.35866624116897583, -0.19310244917869568, -0.12879252433776855, -0.9495306015014648, -0.30731984972953796, 0.9376373291015625, -0.5810151100158691, -0.05298709496855736], [0.8966052532196045, -0.7893169522285461, 0.1803913712501526, -0.182881161570549, 0.7980103492736816, 0.744040310382843, 0.04994099587202072, -0.308706670999527], [-1.2005391120910645, 3.7569332122802734, 0.0919562503695488, 0.1302185356616974, -0.6174079179763794, 0.11166962236166, -0.007499116938561201, -0.09989851713180542], [0.6316923499107361, -0.9727929830551147, -0.5515047311782837, 0.43752068281173706, 0.03320333734154701, -0.014811363071203232, -0.51567542552948, 1.132806658744812], [1.7826241254806519, -0.2520415186882019, -0.13023485243320465, -8.159377098083496, -0.33585456013679504, 1.8380247354507446, -0.7371634244918823, -0.056969523429870605], [1.789188265800476, -1.0710006952285767, 0.23349270224571228, -0.19187816977500916, 1.3660087585449219, 7.584612846374512, 0.057261738926172256, -0.32838380336761475]]}