{"step": 54, "width": 8, "height": 8, "values": [[-0.8504884243011475, 0.8535017967224121, 0.7906830906867981, 0.40651777386665344, -0.6979602575302124, 0.21714621782302856, 0.2411511242389679, -0.268807590007782], [-0.019301289692521095, -0.6925696134567261, -0.3309156000614166, 0.3279685378074646, -0.24025040864944458, -0.05261283740401268, -0.2909848093986511, 0.6814531683921814], [0.43967118859291077, 0.1564134955406189, -0.3379354774951935, -0.934392511844635, -0.06893087178468704, 0.9530673027038574, -0.8800452351570129, -0.14906087517738342], [0.9554199576377869, -0.14620548486709595, 0.21316595375537872, -0.12383066117763519, 0.4037039577960968, 0.986912190914154, 0.042575541883707047, 0.3617039620876312], [-3.948762893676758, 2.695469379425049, 1.204384446144104, 0.4376436769962311, -0.8856987953186035, 0.25269681215286255, 0.24751581251621246, -0.3313593864440918], [-0.025217784568667412, -0.8548466563224792, -0.38972994685173035, 0.48805326223373413, -0.43055129051208496, -0.05311477929353714, -0.3027414381504059, 0.9708648920059204], [0.9754753708839417, 0.1645912528038025, -0.3645746111869812, -5.8254170417785645, -0.06995097547769547, 2.085070848464966, -3.528155565261841, -0.15428327023983002], [2.535287857055664, -0.14738766849040985, 0.4668673574924469, -0.1859586387872696, 0.5942696928977966, 7.840190410614014, 0.04755568504333496, 0.43185359239578247]]}