{"step": 48, "width": 8, "height": 8, "values": [[-0.7893131971359253, 0.8508367538452148, 0.5685415863990784, 0.39901116490364075, -0.6725781559944153, 0.08173955976963043, 0.5214952826499939, -0.18973129987716675], [-0.28058871626853943, -0.5672392249107361, -0.32255715131759644, 0.3559187054634094, -0.4029098451137543, -0.059013184159994125, 0.28115537762641907, 0.7882900238037109], [0.38227134943008423, 0.08124224841594696, -0.5349152684211731, -0.980863630771637, 0.17787140607833862, 0.6027878522872925, -0.9321436285972595, 0.10665491223335266], [0.9402514696121216, -0.1105395182967186, 0.18174923956394196, -0.1498236060142517, 0.5980641841888428, 0.8441393971443176, 0.044285669922828674, 0.2993360757827759], [-4.960011959075928, 2.6108410358428955, 0.9932847619056702, 0.43752050399780273, -0.8351063132286072, 0.09887823462486267, 0.5800847411155701, -0.2764970064163208], [-0.31274473667144775, -0.6447878479957581, -0.3883906304836273, 0.5788095593452454, -0.4543253183364868, -0.05981559306383133, 0.29470014572143555, 1.243643045425415], [1.8567442893981934, 0.32146015763282776, -0.6068912148475647, -6.4086785316467285, 0.19298392534255981, 0.7076829671859741, -1.9937347173690796, 0.11157478392124176], [2.8929831981658936, -0.11107888072729111, 0.2446521371603012, -0.16627679765224457, 1.0465224981307983, 9.24166488647461, 0.04851233959197998, 0.3922657370567322]]}