{"step": 64, "width": 8, "height": 8, "values": [[-0.7356774806976318, 0.8910092711448669, 0.6220949292182922, 0.026428334414958954, -0.6916307806968689, 0.2088514119386673, 0.21313157677650452, -0.017658596858382225], [-0.33998903632164, -0.8265789747238159, -0.41618412733078003, 0.2145596742630005, -0.5630618929862976, -0.04369939863681793, 0.04203569144010544, 0.6931524872779846], [0.49464523792266846, 0.17893709242343903, -0.23367421329021454, -0.925359845161438, 0.3471587896347046, 0.7804791331291199, -0.925200879573822, -0.1981896013021469], [0.9443439245223999, -0.1982206404209137, 0.16199982166290283, -0.2469927966594696, 0.5950908064842224, 0.9198972582817078, 0.05114680901169777, 0.12578555941581726], [-2.3645403385162354, 2.86633038520813, 0.8942841291427612, 0.028355542570352554, -0.8639881014823914, 0.23987044394016266, 0.2170092761516571, -0.028710978105664253], [-0.559745192527771, -1.1969397068023682, -0.4782293140888214, 0.3506213426589966, -0.7547318339347839, -0.044303447008132935, 0.04852501302957535, 0.9804155230522156], [1.605221152305603, 0.2545524835586548, -0.24151113629341125, -5.913668155670166, 0.38663965463638306, 1.11350679397583, -2.049137830734253, -0.20625634491443634], [2.2185237407684326, -0.2010699212551117, 0.19506244361400604, -0.30114510655403137, 0.9002981185913086, 6.912722587585449, 0.056606121361255646, 0.14155209064483643]]}