{"step": 17, "width": 8, "height": 8, "values": [[-0.7992645502090454, 0.5563127994537354, 0.7754201292991638, 0.3792321979999542, -0.18748857080936432, 0.4822823703289032, 0.25179189443588257, -0.1422046720981598], [0.05732216686010361, -0.46655526757240295, 0.06541337072849274, 0.39017602801322937, -0.18516074120998383, -0.058184199035167694, 0.4387264549732208, 0.683027982711792], [0.3892861604690552, 0.29825299978256226, -0.20963409543037415, -0.9473821520805359, 0.15789800882339478, 0.9261302351951599, -0.7850026488304138, -0.5523973107337952], [0.8605228066444397, 0.033614180982112885, 0.2752683162689209, 0.054356735199689865, 0.6135609149932861, 0.9498147964477539, 0.0055417949333786964, 0.24138140678405762], [-2.9950621128082275, 0.9994190335273743, 1.1301928758621216, 0.4317518174648285, -0.1909393072128296, 0.7463017106056213, 0.26653334498405457, -0.20117732882499695], [0.0696389377117157, -0.5146698951721191, 0.0711437314748764, 0.5450481176376343, -0.23448258638381958, -0.05869116634130478, 0.4941202700138092, 0.953041672706604], [1.4305108785629272, 0.32091858983039856, -0.21952128410339355, -2.0035464763641357, 0.16388192772865295, 1.668003797531128, -1.1170305013656616, -0.6511815190315247], [1.4396225214004517, 0.033734094351530075, 0.3421493172645569, 0.07828128337860107, 0.8078912496566772, 4.14893102645874, 0.006319731008261442, 0.3580211102962494]]}