{"step": 114, "width": 8, "height": 8, "values": [[-0.7751747369766235, 0.860132098197937, 0.2794550657272339, 0.17637008428573608, -0.48828670382499695, 0.27201321721076965, 0.28437504172325134, -0.15067724883556366], [0.09985631704330444, -0.810643196105957, -0.5094873905181885, 0.12067373842000961, -0.2314886599779129, 0.00040962884668260813, 0.36889883875846863, 0.7753925919532776], [0.6130797863006592, 0.21775567531585693, -0.43050718307495117, -0.9708484411239624, 0.10899543762207031, 0.9095092415809631, -0.9700031280517578, -0.07766944915056229], [0.8604719638824463, -0.8573967218399048, 0.18616217374801636, -0.03383845090866089, 0.6876633167266846, 0.8534694910049438, 0.043217733502388, 0.3627251386642456], [-2.0474932193756104, 3.9002459049224854, 0.4095795452594757, 0.1896996796131134, -0.539047360420227, 0.31073468923568726, 0.296310156583786, -0.22809432446956635], [0.17216381430625916, -1.1607242822647095, -0.6768509745597839, 0.26761165261268616, -0.27977561950683594, 0.00041360672912560403, 0.39667049050331116, 1.1805120706558228], [1.502583622932434, 0.2270408570766449, -0.4626401662826538, -7.025385856628418, 0.1253442019224167, 1.5585787296295166, -2.178915023803711, -0.08266612887382507], [1.5746270418167114, -1.2878633737564087, 0.2762904763221741, -0.04888468235731125, 1.248918890953064, 7.539008140563965, 0.05155119672417641, 0.4842476546764374]]}