{"step": 75, "width": 8, "height": 8, "values": [[-0.6158336400985718, 0.9664223194122314, 0.2541501224040985, 0.025635382160544395, -0.7060249447822571, -0.038620393723249435, 0.12993411719799042, -0.012909647077322006], [0.13042759895324707, -0.7055010199546814, -0.44701895117759705, 0.4323398768901825, -0.11765769124031067, -0.0372629277408123, 0.2914075553417206, 0.6968372464179993], [0.08965687453746796, 0.10817790031433105, -0.25080808997154236, -0.9852084517478943, 0.5123698711395264, 0.7021836638450623, -0.502389132976532, -0.07211446017026901], [0.9181824922561646, -0.44106051325798035, 0.2108391374349594, 0.04786274582147598, 0.7817830443382263, 0.858733057975769, 0.05533626675605774, -0.07302358001470566], [-1.2831465005874634, 3.158930778503418, 0.4151102900505066, 0.026879174634814262, -0.9007985591888428, -0.04239916056394577, 0.13107094168663025, -0.023872561752796173], [0.16530604660511017, -1.238196849822998, -0.5582535862922668, 1.025122880935669, -0.12465357780456543, -0.03760451078414917, 0.5343875288963318, 0.9380755424499512], [1.288444995880127, 0.3387559950351715, -0.2589096426963806, -7.517454147338867, 0.677206814289093, 0.9087321758270264, -0.6663673520088196, -0.07617608457803726], [2.131230592727661, -0.4742729663848877, 0.25563356280326843, 0.04976421967148781, 1.3298554420471191, 6.952871799468994, 0.0619550459086895, -0.07748009264469147]]}