{"step": 58, "width": 8, "height": 8, "values": [[-0.8903210163116455, 0.9465920925140381, 0.3020887076854706, 0.2777594327926636, -0.6725788712501526, 0.2903667092323303, 0.2378324270248413, -0.0795101672410965], [0.2444760799407959, -0.550238311290741, -0.35909706354141235, 0.33475035429000854, 0.08949704468250275, -0.04865039139986038, 0.22095738351345062, 0.6737521290779114], [0.15060314536094666, 0.20849962532520294, -0.23573274910449982, -0.9880185127258301, 0.2853761613368988, 0.8557699918746948, -0.8422968983650208, -0.0852063000202179], [0.9248720407485962, -0.16311758756637573, 0.17340883612632751, -0.23623652756214142, 0.537380039691925, 0.8405163884162903, 0.04600507766008377, 0.015822630375623703], [-3.581383228302002, 2.8032002449035645, 0.5277632474899292, 0.2993437349796295, -0.8808892369270325, 0.33090314269065857, 0.24332305788993835, -0.1340116262435913], [0.348050981760025, -0.983834981918335, -0.44550225138664246, 0.7401484847068787, 0.09520155191421509, -0.04917069524526596, 0.3217531740665436, 0.923144519329071], [1.3729162216186523, 0.47394442558288574, -0.24199192225933075, -6.165796756744385, 0.33729085326194763, 1.386858582496643, -1.693238377571106, -0.09019825607538223], [2.386166572570801, -0.16472414135932922, 0.22249941527843475, -0.2666410803794861, 0.7938732504844666, 7.352912425994873, 0.05185379832983017, 0.01603173092007637]]}