{"step": 47, "width": 8, "height": 8, "values": [[-0.7355356812477112, 0.8864020109176636, 0.6898931860923767, 0.3964341878890991, -0.6612595915794373, 0.24305157363414764, 0.5291781425476074, -0.10528488457202911], [-0.02626815252006054, -0.4393530488014221, -0.33566322922706604, 0.3973597288131714, -0.36680325865745544, -0.058815184980630875, -0.5152335166931152, 0.7591211199760437], [0.5706647038459778, 0.35972604155540466, -0.35372233390808105, -0.9475752711296082, 0.5307188630104065, 0.3632012605667114, -0.9104438424110413, 0.13936418294906616], [0.9546529650688171, -0.1032959446310997, 0.26777905225753784, -0.08642498403787613, 0.6137361526489258, 0.9125615954399109, 0.04234771057963371, 0.13731172680854797], [-5.230904579162598, 2.6001803874969482, 1.0164339542388916, 0.4542645514011383, -0.8196156024932861, 0.3043232262134552, 0.5903308987617493, -0.16029655933380127], [-0.03031768836081028, -0.47690171003341675, -0.3946077823638916, 0.5874940752983093, -0.4574279487133026, -0.05970393493771553, -0.6137292981147766, 1.2289353609085083], [2.042664051055908, 0.7580904364585876, -0.3761301338672638, -6.382638931274414, 0.6139838099479675, 0.3882300555706024, -1.6727484464645386, 0.14691223204135895], [3.0156455039978027, -0.10394103080034256, 0.3057047128677368, -0.18310512602329254, 1.0455217361450195, 8.69717025756836, 0.047516997903585434, 0.1791427731513977]]}