{"step": 24, "width": 8, "height": 8, "values": [[-0.9329192638397217, 0.6310144066810608, 0.8553798794746399, 0.7631144523620605, -0.4094827473163605, 0.5744459629058838, -0.014692666940391064, -0.2200758308172226], [0.2700449824333191, -0.10403434187173843, 0.05028131976723671, 0.43832388520240784, -0.10367061197757721, -0.06405718624591827, -0.3151716887950897, 0.7068554759025574], [0.5508527755737305, -0.12329959869384766, -0.5580993890762329, -0.9735810160636902, -0.6272093653678894, 0.9564347863197327, -0.714522659778595, -0.3957488238811493], [0.9108370542526245, 0.019655290991067886, 0.163735032081604, -0.008146342821419239, 0.689899206161499, 0.907396137714386, 0.017621567472815514, -0.06075260043144226], [-3.7643256187438965, 0.9466977715492249, 1.572948694229126, 1.021464228630066, -0.44675135612487793, 0.8347779512405396, -0.01570807211101055, -0.34204453229904175], [0.5201646685600281, -0.10505280643701553, 0.05929866433143616, 0.7106690406799316, -0.11461427062749863, -0.0646284744143486, -0.32835128903388977, 1.018144130706787], [1.8927819728851318, -0.1294778734445572, -0.634303867816925, -3.074101209640503, -0.8761100769042969, 1.9709045886993408, -1.418961763381958, -0.4650898277759552], [2.092674970626831, 0.019669756293296814, 0.23814989626407623, -0.010997360572218895, 1.2127059698104858, 5.80165433883667, 0.019290653988718987, -0.06760018318891525]]}