{"step": 12, "width": 8, "height": 8, "values": [[-0.8807868361473083, 0.4963732957839966, 0.5729717016220093, 0.4148327708244324, -0.045683324337005615, 0.46737098693847656, 0.2167677879333496, -0.2497289478778839], [0.3073715567588806, -0.2571835219860077, 0.11077515780925751, 0.04254765808582306, -0.5061237215995789, -0.05210278555750847, 0.2915174067020416, 0.656385064125061], [0.6738252639770508, 0.03789983689785004, -0.6929362416267395, -0.7431069016456604, -0.3311423063278198, 0.7264840602874756, -0.8058212399482727, 0.29192015528678894], [0.7771221399307251, 0.02388007938861847, 0.1897529512643814, 0.00901890080422163, 0.4735911786556244, 0.7529473900794983, -0.000596425321418792, 0.299172967672348], [-2.925469398498535, 0.7178835272789001, 0.799879252910614, 0.45628243684768677, -0.04652373120188713, 0.6080707311630249, 0.22064310312271118, -0.38988611102104187], [0.34131112694740295, -0.2635975778102875, 0.12731610238552094, 0.07569456845521927, -0.595599353313446, -0.052576981484889984, 0.30087172985076904, 0.9501037001609802], [2.303692102432251, 0.13788250088691711, -0.8767493963241577, -1.008784532546997, -0.3529575765132904, 0.950659990310669, -1.5529439449310303, 0.3111240267753601], [1.0711698532104492, 0.02393089421093464, 0.24815019965171814, 0.010758774355053902, 0.7147130370140076, 2.1328606605529785, -0.0006815516389906406, 0.33719080686569214]]}