{"step": 90, "width": 8, "height": 8, "values": [[-0.7560160756111145, 0.9517327547073364, 0.352769136428833, 0.048296332359313965, -0.617502748966217, -0.13600808382034302, 0.11298750340938568, -0.12100884318351746], [0.2742716073989868, -0.6393419504165649, -0.4462280869483948, 0.2540661692619324, 0.010042690671980381, -0.02962438017129898, 0.026700373739004135, 0.682871401309967], [0.11898282170295715, 0.14740854501724243, -0.09431982040405273, -0.9712089896202087, -0.1223260909318924, 0.9282534122467041, -0.6782655119895935, -0.19418737292289734], [0.915718138217926, -0.6671647429466248, 0.17347785830497742, -0.14911821484565735, 0.8352237343788147, 0.8164493441581726, 0.0545157827436924, -0.09334319829940796], [-1.53780996799469, 3.587258815765381, 0.601395308971405, 0.048702847212553024, -0.7350264191627502, -0.14192228019237518, 0.11490704864263535, -0.23797588050365448], [0.4027576744556427, -1.1510688066482544, -0.5745805501937866, 0.8551763296127319, 0.011476662009954453, -0.029873553663492203, 0.27575719356536865, 0.9190512299537659], [1.3951425552368164, 0.4014773666858673, -0.094728484749794, -7.794255256652832, -0.13544544577598572, 2.014838695526123, -0.9449700713157654, -0.23048746585845947], [1.9562492370605469, -0.8065869212150574, 0.23564806580543518, -0.15804992616176605, 1.3639957904815674, 7.889925956726074, 0.06168423220515251, -0.09744812548160553]]}