{"step": 95, "width": 8, "height": 8, "values": [[-0.7275820374488831, 0.8207789659500122, 0.6239396929740906, 0.011801224201917648, -0.5915540456771851, 0.07349776476621628, 0.08532848954200745, -0.08209731429815292], [0.08777443319559097, -0.8757672905921936, -0.47111397981643677, 0.3233298063278198, -0.1791287362575531, -0.026461683213710785, -0.17132870852947235, 0.7072433233261108], [0.5194513201713562, 0.42784610390663147, 0.005016438663005829, -0.9122303128242493, 0.5607123374938965, 0.9757194519042969, -0.9449266791343689, -0.3284473717212677], [0.9080593585968018, -0.6955546736717224, 0.2950689494609833, -0.13442601263523102, 0.6452476382255554, 0.9759606719017029, 0.05013344809412956, 0.18751771748065948], [-1.6386690139770508, 3.60882306098938, 0.8475676774978638, 0.012948732823133469, -0.6838915944099426, 0.08270557969808578, 0.08759104460477829, -0.1029401570558548], [0.13330474495887756, -1.3792998790740967, -0.554903507232666, 0.6313074827194214, -0.4008389711380005, -0.02682415395975113, -0.18096143007278442, 1.0010085105895996], [0.9750432372093201, 0.46013033390045166, 0.005254907533526421, -7.000762939453125, 0.6401695609092712, 2.360132932662964, -1.8734564781188965, -0.3677233159542084], [1.7473793029785156, -0.8609497547149658, 0.49359074234962463, -0.19513218104839325, 1.0770059823989868, 8.598746299743652, 0.058031316846609116, 0.24866431951522827]]}