{"step": 14, "width": 8, "height": 8, "values": [[-0.8210722208023071, 0.5551474690437317, 0.8551434874534607, 0.45083150267601013, -0.12841735780239105, 0.5175172090530396, 0.26919031143188477, -0.42440396547317505], [0.34246596693992615, -0.300954669713974, 0.08636429905891418, 0.3161677122116089, -0.08555421978235245, -0.055610813200473785, -0.5126845836639404, 0.6134000420570374], [0.4865478277206421, 0.3642420470714569, -0.17560532689094543, -0.8142820596694946, -0.42903459072113037, 0.8252395987510681, -0.9143533706665039, -0.2016572654247284], [0.8311850428581238, 0.018174901604652405, 0.16821031272411346, -0.026839911937713623, 0.44028016924858093, 0.9685304760932922, 0.0010184727143496275, 0.27110978960990906], [-3.0003206729888916, 0.9406694769859314, 1.3290648460388184, 0.48785990476608276, -0.13111214339733124, 0.7401140332221985, 0.2807779312133789, -0.5638654828071594], [0.39497026801109314, -0.31129831075668335, 0.09934044629335403, 0.44124701619148254, -0.3151565492153168, -0.0561806783080101, -0.600072979927063, 0.8475855588912964], [1.1036430597305298, 0.40645459294319153, -0.17830686271190643, -1.3208675384521484, -0.4603254199028015, 1.193400502204895, -1.73979914188385, -0.2330237329006195], [1.2642346620559692, 0.018204832449555397, 0.34429773688316345, -0.042482078075408936, 0.5310207009315491, 3.246352434158325, 0.0011566320899873972, 0.5564329624176025]]}