{"step": 52, "width": 8, "height": 8, "values": [[-0.8519409894943237, 0.8654857873916626, 0.7507655024528503, 0.4266859292984009, -0.7037226557731628, 0.06479579955339432, 0.3184506893157959, -0.2634790539741516], [0.09254718571901321, -0.7064465880393982, -0.32668420672416687, 0.4656982421875, -0.14036999642848969, -0.055669307708740234, -0.4499123990535736, 0.6396470069885254], [0.6584745049476624, 0.23717761039733887, -0.20221637189388275, -0.9023913741111755, -0.15348833799362183, 0.9453603029251099, -0.8952413201332092, -0.09534639865159988], [0.9583718776702881, -0.1526973396539688, 0.2701951861381531, -0.08332064747810364, 0.47004643082618713, 0.9786480665206909, 0.04237686097621918, 0.2455001324415207], [-4.226768970489502, 2.7377612590789795, 1.1305943727493286, 0.46247100830078125, -0.8980965614318848, 0.07424506545066833, 0.33433109521865845, -0.33334803581237793], [0.11314289271831512, -0.8819878697395325, -0.3896549642086029, 0.8276983499526978, -0.2623292803764343, -0.056254852563142776, -0.4872870445251465, 0.8990795016288757], [1.3999172449111938, 0.25505757331848145, -0.2116694301366806, -6.474960803985596, -0.15667885541915894, 1.8982576131820679, -1.9849566221237183, -0.09923970699310303], [2.6842689514160156, -0.1540808528661728, 0.5253318548202515, -0.13784395158290863, 0.8051667809486389, 8.244462966918945, 0.047765035182237625, 0.2902141511440277]]}