{"step": 34, "width": 8, "height": 8, "values": [[-0.8355377912521362, 0.7119032144546509, 0.4973110258579254, 0.7866478562355042, -0.537285327911377, 0.4032021164894104, 0.13838490843772888, -0.14728470146656036], [0.32202404737472534, -0.3579522669315338, -0.12907476723194122, 0.43400463461875916, -0.23713916540145874, -0.06413313746452332, 0.4272327423095703, 0.7880582809448242], [0.4305403530597687, 0.40226349234580994, -0.4625879228115082, -0.9851086735725403, 0.11379382014274597, 0.9210991859436035, -0.831986665725708, -0.24385298788547516], [0.936899721622467, 0.011522404849529266, 0.20843398571014404, 0.03885158151388168, 0.67195725440979, 0.9680144190788269, 0.03089604713022709, 0.16192513704299927], [-5.247631549835205, 1.4949309825897217, 0.6752418279647827, 1.1420347690582275, -0.6035783290863037, 0.6365782618522644, 0.14603683352470398, -0.22294409573078156], [0.45325037837028503, -0.3817286491394043, -0.16189786791801453, 0.6960023641586304, -0.28649550676345825, -0.0647362545132637, 0.4848937690258026, 1.2316391468048096], [2.063507556915283, 0.4386797547340393, -0.5025410652160645, -4.344761371612549, 0.11858759075403214, 1.6177924871444702, -1.2152106761932373, -0.272526353597641], [2.741880178451538, 0.01153753511607647, 0.2769355773925781, 0.046266548335552216, 1.1290440559387207, 7.621653079986572, 0.035479072481393814, 0.22414718568325043]]}