{"step": 20, "width": 8, "height": 8, "values": [[-0.905188262462616, 0.5056225061416626, 0.6010684370994568, 0.33188289403915405, -0.2984454929828644, 0.5135210752487183, 0.18652363121509552, -0.19544737040996552], [0.03487135469913483, -0.43631306290626526, 0.061829667538404465, 0.4911637604236603, 0.00857242289930582, -0.06325735151767731, 0.44732576608657837, 0.6950908303260803], [0.4482446312904358, 0.24967530369758606, -0.33746519684791565, -0.9759323596954346, -0.033544521778821945, 0.9402793645858765, -0.8407645225524902, -0.6417297124862671], [0.8596799373626709, 0.05132875218987465, 0.21556419134140015, 0.08332500606775284, 0.6841905117034912, 0.8594480752944946, 0.0112944720312953, 0.27418747544288635], [-3.114983558654785, 1.0113073587417603, 0.8233755826950073, 0.3685111701488495, -0.31092631816864014, 0.7913775444030762, 0.21415284276008606, -0.26673588156700134], [0.04765085503458977, -0.48134058713912964, 0.06782112270593643, 0.7938824892044067, 0.010331518016755581, -0.06396783143281937, 0.5051219463348389, 0.9920837879180908], [1.7157413959503174, 0.25771674513816833, -0.35347700119018555, -2.4658162593841553, -0.03479567542672157, 1.7508443593978882, -1.2472912073135376, -0.8379493951797485], [1.601453185081482, 0.05145071819424629, 0.30064451694488525, 0.11301590502262115, 1.073022484779358, 5.147998332977295, 0.01254220586270094, 0.3351067900657654]]}