{"step": 107, "width": 8, "height": 8, "values": [[-0.7936745882034302, 0.9402114748954773, 0.6774300932884216, 0.26336920261383057, -0.467396080493927, 0.1323947310447693, 0.1710778772830963, -0.05995215103030205], [0.21243970096111298, -0.7625107765197754, -0.4479120373725891, 0.06910969316959381, -0.5911502242088318, -0.007171527482569218, -0.07693926244974136, 0.7932863831520081], [0.7621321678161621, -0.3404039740562439, -0.5167863965034485, -0.8954715728759766, -0.44067636132240295, 0.7684447765350342, -0.6757073998451233, 0.18026824295520782], [0.9321260452270508, -0.8356287479400635, 0.1307353526353836, -0.06236870586872101, 0.7409260272979736, 0.9305457472801208, 0.046304792165756226, 0.03903419151902199], [-1.9346091747283936, 3.712956666946411, 0.9680266380310059, 0.27447253465652466, -0.5130301117897034, 0.14069141447544098, 0.17337262630462646, -0.11504819989204407], [0.6305062174797058, -1.0048425197601318, -0.6012155413627625, 0.1697705090045929, -0.7562642693519592, -0.007220709230750799, -0.07724280655384064, 1.290263056755066], [1.7565094232559204, -0.448729544878006, -0.580713152885437, -7.82700252532959, -0.6086978912353516, 1.4450689554214478, -1.9635708332061768, 0.18959477543830872], [1.8997070789337158, -1.2100176811218262, 0.19069167971611023, -0.0904327780008316, 1.3479480743408203, 6.756772518157959, 0.05325988307595253, 0.04885130003094673]]}