{"step": 32, "width": 8, "height": 8, "values": [[-0.9114769697189331, 0.8244349360466003, 0.5035921931266785, 0.8262186050415039, -0.4929756820201874, 0.6132550835609436, 0.16397510468959808, -0.17770959436893463], [0.5330424308776855, -0.2985890209674835, -0.11297430843114853, 0.4239352345466614, 0.07635913789272308, -0.06350815296173096, 0.13570548593997955, 0.7253128290176392], [0.14783631265163422, 0.28690341114997864, -0.3480491042137146, -0.99330073595047, 0.20555715262889862, 0.8346776366233826, -0.7154854536056519, -0.01899389922618866], [0.9292461276054382, 0.018776535987854004, 0.1595694124698639, -0.04381346330046654, 0.6374228596687317, 0.874393880367279, 0.02882896549999714, -0.0470234751701355], [-5.1637654304504395, 1.363961935043335, 0.9769770503044128, 1.2988539934158325, -0.5823061466217041, 0.8621861934661865, 0.16585147380828857, -0.2836601138114929], [1.0233112573623657, -0.509269654750824, -0.14476042985916138, 0.7712214589118958, 0.08018608391284943, -0.06409256905317307, 0.15503047406673431, 1.0613905191421509], [1.9639514684677124, 0.5580399632453918, -0.3646664321422577, -4.623112678527832, 0.2230154573917389, 1.248429298400879, -1.0839043855667114, -0.020313972607254982], [2.661175012588501, 0.018798930570483208, 0.21090979874134064, -0.051131654530763626, 1.088465929031372, 6.597574710845947, 0.03279424458742142, -0.04768430441617966]]}