{"step": 40, "width": 8, "height": 8, "values": [[-0.9444531798362732, 0.7928770184516907, 0.7400333285331726, 0.8827748894691467, -0.5807032585144043, 0.455448716878891, -0.3472721576690674, -0.2159568816423416], [0.3433700203895569, -0.06675204634666443, -0.15111465752124786, 0.3630940020084381, -0.3817862868309021, -0.06092209368944168, 0.06928975880146027, 0.7124181389808655], [0.38802412152290344, -0.3519732654094696, -0.19808919727802277, -0.9719511866569519, -0.712114155292511, 0.8499242663383484, -0.8996714353561401, 0.15195368230342865], [0.9539592266082764, -0.07368641346693039, 0.058007847517728806, -0.10846936702728271, 0.7559157609939575, 0.9032293558120728, 0.036757875233888626, -0.042657673358917236], [-6.533168792724609, 1.5913379192352295, 1.3400791883468628, 1.4212541580200195, -0.678688108921051, 0.5356975197792053, -0.36631056666374207, -0.37467092275619507], [0.8537924289703369, -0.06980271637439728, -0.22279861569404602, 0.5807502865791321, -0.4414343535900116, -0.0612538680434227, 0.19577805697917938, 1.0138825178146362], [2.3791613578796387, -0.4017502963542938, -0.2007824033498764, -5.45701265335083, -1.0642708539962769, 1.5882288217544556, -1.6026606559753418, 0.17947985231876373], [3.23317813873291, -0.0738714188337326, 0.0840991735458374, -0.12783357501029968, 1.2193183898925781, 8.076824188232422, 0.040466517210006714, -0.04545676335692406]]}