{"step": 29, "width": 8, "height": 8, "values": [[-0.910922646522522, 0.6721673607826233, 0.847811222076416, 0.8948256373405457, -0.42466649413108826, 0.6030892729759216, 0.05828263610601425, -0.19003650546073914], [0.3861488997936249, -0.2541564404964447, -0.05832328647375107, 0.33644142746925354, -0.5891618728637695, -0.06410522013902664, -0.2548108398914337, 0.6703078150749207], [0.5054219961166382, -0.029747938737273216, -0.38844332098960876, -0.9642511010169983, -0.7170348167419434, 0.8557965755462646, -0.5482891201972961, -0.12163776159286499], [0.958065927028656, 0.017559392377734184, 0.12634868919849396, -0.06772910803556442, 0.6694051027297974, 0.9318971633911133, 0.02535649575293064, -0.0624418668448925], [-4.9441938400268555, 0.9990763068199158, 1.6469463109970093, 1.585364818572998, -0.46185043454170227, 0.8332737684249878, 0.05858699232339859, -0.31650424003601074], [0.7696100473403931, -0.2606717646121979, -0.06610781699419022, 0.4678536057472229, -0.7072350978851318, -0.06460057944059372, -0.2640446126461029, 0.9341091513633728], [2.159940719604492, -0.05629999563097954, -0.42375463247299194, -4.00178861618042, -1.0828701257705688, 1.535778522491455, -1.5612174272537231, -0.12982326745986938], [2.5746941566467285, 0.017576858401298523, 0.1563258320093155, -0.09264638274908066, 1.140700340270996, 6.542871475219727, 0.027548357844352722, -0.06788980960845947]]}