{"step": 11, "width": 8, "height": 8, "values": [[-0.9214973449707031, 0.5199085474014282, 0.3459983468055725, 0.408998966217041, -0.019873153418302536, 0.4358518123626709, 0.10977668315172195, -0.21647761762142181], [0.6674993634223938, 0.007156550418585539, 0.10750700533390045, 0.06885750591754913, -0.504034161567688, -0.05100936442613602, -0.28534016013145447, 0.6057193875312805], [0.8119319081306458, -0.05231992527842522, -0.47843703627586365, -0.6578071713447571, -0.7615699768066406, 0.7637532949447632, -0.420634925365448, 0.3380948305130005], [0.7607254385948181, 0.015426461584866047, 0.170296773314476, 0.018306292593479156, 0.5330132842063904, 0.7948341369628906, -0.0010227529564872384, 0.10584507882595062], [-2.805231809616089, 0.6716887354850769, 0.39493563771247864, 0.44975516200065613, -0.020252650603652, 0.5474420189857483, 0.11147940903902054, -0.40366578102111816], [0.9337878227233887, 0.007178108673542738, 0.12584730982780457, 0.14341853559017181, -0.5873289704322815, -0.051403146237134933, -0.29551687836647034, 0.827256441116333], [2.3240675926208496, -0.1340118646621704, -0.5349346399307251, -0.8662710785865784, -1.1465600728988647, 1.2013388872146606, -0.8750746250152588, 0.3789325952529907], [1.0232722759246826, 0.015455522574484348, 0.2007444202899933, 0.021008405834436417, 0.8241239190101624, 2.2135767936706543, -0.0011644857004284859, 0.11121383309364319]]}