{"step": 93, "width": 8, "height": 8, "values": [[-0.8049180507659912, 0.9699397087097168, 0.11150165647268295, 0.011603725142776966, -0.6160291433334351, -0.062307700514793396, 0.11073706299066544, -0.09777647256851196], [0.17328444123268127, -0.6840593218803406, -0.46068665385246277, 0.2325970083475113, -0.078665591776371, -0.027468906715512276, 0.014537419192492962, 0.6849986910820007], [0.32398489117622375, 0.18088491261005402, -0.21029032766819, -0.972457766532898, 0.4313103258609772, 0.9174472093582153, -0.680461049079895, -0.1919507086277008], [0.9019328951835632, -0.6892036199569702, 0.17616063356399536, -0.08801373839378357, 0.7052083611488342, 0.7958287000656128, 0.05255740135908127, 0.05719013139605522], [-1.6774837970733643, 3.596689224243164, 0.21218302845954895, 0.01244265865534544, -0.747828483581543, -0.06664371490478516, 0.11174345016479492, -0.17240619659423828], [0.2638337016105652, -1.3267343044281006, -0.5639703273773193, 0.83780437707901, -0.0839618667960167, -0.02783794328570366, 0.018382003530859947, 0.9454833269119263], [1.8176630735397339, 0.5027428269386292, -0.21548016369342804, -7.564400672912598, 0.5206631422042847, 1.7296855449676514, -0.9251397252082825, -0.2146671712398529], [1.8249859809875488, -0.8477566838264465, 0.22784917056560516, -0.0975867286324501, 1.2673742771148682, 7.98006010055542, 0.060439031571149826, 0.05842521786689758]]}