{"step": 101, "width": 8, "height": 8, "values": [[-0.6820700764656067, 0.9227993488311768, 0.37788650393486023, -0.14461156725883484, -0.5702648758888245, 0.0834052786231041, 0.008290712721645832, 0.009554628282785416], [0.24136248230934143, -0.8431834578514099, -0.43562406301498413, 0.18096628785133362, -0.49601495265960693, -0.017264075577259064, 0.04966254159808159, 0.7801769971847534], [0.3833865523338318, 0.03275546804070473, -0.2293957620859146, -0.9501546025276184, 0.3623795211315155, 0.8797338008880615, -0.6641718745231628, -0.13827282190322876], [0.8975632190704346, -0.7666429281234741, 0.156507670879364, -0.10976526886224747, 0.6794413328170776, 0.7809979319572449, 0.051503755152225494, 0.022801527753472328], [-1.2556250095367432, 3.6965177059173584, 0.48882630467414856, -0.15069462358951569, -0.6536319255828857, 0.08951711654663086, 0.008368718437850475, 0.020185494795441628], [0.37784454226493835, -1.2796109914779663, -0.5450610518455505, 0.42091888189315796, -0.5925281047821045, -0.017415622249245644, 0.07857521623373032, 1.1369831562042236], [1.4533954858779907, 0.03625510260462761, -0.23489582538604736, -7.295712471008301, 0.5396652221679688, 1.5113881826400757, -0.9564504027366638, -0.15187306702136993], [1.7581862211227417, -1.0138112306594849, 0.1785920411348343, -0.11835287511348724, 1.0849112272262573, 7.921685218811035, 0.05920550599694252, 0.024879680946469307]]}