{"step": 127, "width": 8, "height": 8, "values": [[-0.10166417807340622, 0.6009587645530701, 0.20925910770893097, -0.03208363801240921, -0.4087257981300354, -0.01763203740119934, 0.5425936579704285, -0.42361581325531006], [-0.12762849032878876, 0.5822256207466125, -0.6254391670227051, 0.004959932994097471, -0.5980474948883057, 0.013267518021166325, 0.6658136248588562, 0.6092014908790588], [0.8294703960418701, 0.7329363226890564, 0.7496200799942017, -0.6530337333679199, 0.6024871468544006, 0.7326785326004028, -0.8607300519943237, 0.4103691279888153], [0.8467177152633667, -0.9093472957611084, 0.5832779407501221, -0.11179498583078384, 0.2122427076101303, 0.1063527762889862, 0.03964066132903099, 0.010362927801907063], [-1.0061852931976318, 4.075239181518555, 0.4533906877040863, -0.05815865844488144, -0.4455820620059967, -0.06506712734699249, 0.6090986132621765, -0.508043646812439], [-0.47389474511146545, 0.6666910648345947, -0.7877786159515381, 0.15333594381809235, -0.8479456901550293, 0.013317546807229519, 0.8795263171195984, 1.014122724533081], [2.534048318862915, 0.936427116394043, 0.9970270991325378, -0.848749041557312, 0.6975745558738708, 1.4137301445007324, -1.3295992612838745, 0.45582345128059387], [1.460981845855713, -1.5255779027938843, 0.8775380849838257, -0.11409568786621094, 0.4793863296508789, 5.188933849334717, 0.04162304848432541, 0.01589421182870865]]}