{"step": 118, "width": 8, "height": 8, "values": [[-0.8687617182731628, 0.8852521181106567, 0.7046694755554199, 0.10724569857120514, -0.4643263518810272, 0.30664265155792236, -0.2207375019788742, -0.14129458367824554], [0.12935444712638855, -0.8567329049110413, -0.5150518417358398, 0.07514536380767822, -0.34178516268730164, 0.005989925470203161, -0.29270637035369873, 0.7890800833702087], [0.49218523502349854, -0.17366304993629456, -0.06423933804035187, -0.9332382678985596, -0.1999230682849884, 0.9581316113471985, -0.8470851182937622, -0.0821107029914856], [0.8683576583862305, -0.8814390301704407, 0.15365326404571533, -0.10048747807741165, 0.5838285684585571, 0.9400395750999451, 0.036192648112773895, 0.2445196658372879], [-2.7095072269439697, 3.8067715167999268, 1.0009924173355103, 0.10883525013923645, -0.5143560171127319, 0.33774808049201965, -0.22682392597198486, -0.18957678973674774], [0.2900097072124481, -1.294653296470642, -0.6772361993789673, 0.14249643683433533, -0.49112874269485474, 0.006039136555045843, -0.30580374598503113, 1.210950255393982], [1.2928197383880615, -0.17659303545951843, -0.06500308960676193, -6.882177352905273, -0.21531011164188385, 2.1717169284820557, -2.9772372245788574, -0.09067545086145401], [1.580538034439087, -1.3846049308776855, 0.3544391393661499, -0.12227705866098404, 1.002550721168518, 5.591369152069092, 0.042557887732982635, 0.2709200978279114]]}