{"step": 1, "width": 8, "height": 8, "values": [[0.2500443160533905, 0.23921605944633484, -0.3525317907333374, 0.05487247183918953, 0.05016806349158287, 0.04862021282315254, 0.04027094319462776, -0.029743032529950142], [-0.13041436672210693, 0.45314472913742065, 0.004831853788346052, -0.22757869958877563, -0.12329099327325821, -0.009546314366161823, -0.16728253662586212, 0.1993509978055954], [-0.17787598073482513, 0.4038489758968353, -0.08905085176229477, -0.18582938611507416, 0.005126088857650757, -0.26946160197257996, -0.0470312163233757, -0.40677735209465027], [0.025626277551054955, 5.584399332292378e-05, 0.5189051032066345, -0.06432897597551346, 0.3266323208808899, -0.036907635629177094, 0.004283033777028322, 0.19040144979953766], [0.319275438785553, 0.27203449606895447, -0.3976089358329773, 0.06852877885103226, 0.051010213792324066, 0.06015623360872269, 0.05747031792998314, -0.043581005185842514], [-0.1344953179359436, 0.49809715151786804, 0.005645759869366884, -0.2857314944267273, -0.21506264805793762, -0.00961283128708601, -0.17092479765415192, 0.24066674709320068], [-0.19840654730796814, 0.49634552001953125, -0.09439808875322342, -0.21470819413661957, 0.005248060915619135, -0.2850661873817444, -0.047716595232486725, -0.48616522550582886], [0.026112519204616547, 5.696529115084559e-05, 0.6457597613334656, -0.12527301907539368, 0.3781927824020386, -0.03958941996097565, 0.004670205991715193, 0.4077410399913788]]}