{"step": 87, "width": 8, "height": 8, "values": [[-0.7580394148826599, 0.9121528267860413, 0.4045761525630951, 0.05123510584235191, -0.613308310508728, -0.193868026137352, 0.15766045451164246, -0.1957734376192093], [-0.2098860889673233, -0.7698670625686646, -0.45168501138687134, 0.1873432993888855, -0.6155551671981812, -0.03349246084690094, 0.14429964125156403, 0.7726632952690125], [0.47418978810310364, 0.18764500319957733, -0.5406402945518494, -0.9639372825622559, 0.2001798152923584, 0.7870615124702454, -0.8933635354042053, -0.1930653601884842], [0.9370234608650208, -0.6342816948890686, 0.13435310125350952, -0.16650933027267456, 0.6375675797462463, 0.8191688656806946, 0.054381050169467926, 0.2869257628917694], [-1.5928653478622437, 3.5562474727630615, 0.7597255706787109, 0.05317815765738487, -0.7198623418807983, -0.2182742804288864, 0.1599583476781845, -0.34007900953292847], [-0.24766026437282562, -1.0206975936889648, -0.5718013048171997, 0.43200191855430603, -0.8008891940116882, -0.033937714993953705, 0.15249337255954742, 1.1442651748657227], [1.5404285192489624, 0.68391352891922, -0.6143912672996521, -7.310589790344238, 0.23021343350410461, 1.1406028270721436, -1.8087124824523926, -0.21296440064907074], [2.0182747840881348, -0.7490731477737427, 0.1774391084909439, -0.17923898994922638, 1.288098931312561, 8.035959243774414, 0.06058380752801895, 0.3722202479839325]]}