{"step": 78, "width": 8, "height": 8, "values": [[-0.6464797854423523, 0.9527209401130676, 0.20729073882102966, 0.11200373619794846, -0.6972395777702332, -0.11445371061563492, 0.09741201996803284, -0.09545373171567917], [0.2506307363510132, -0.5330755114555359, -0.4105568826198578, 0.37686628103256226, -0.11811275035142899, -0.03673471882939339, -0.07399965822696686, 0.668766975402832], [0.48226237297058105, -0.136625736951828, -0.14094066619873047, -0.9523815512657166, -0.23730911314487457, 0.9503265619277954, -0.6136738061904907, -0.15428109467029572], [0.9134272336959839, -0.4981406629085541, 0.16061532497406006, -0.015941478312015533, 0.7945072054862976, 0.8214218616485596, 0.0538075789809227, -0.11696774512529373], [-0.9856848120689392, 3.1790504455566406, 0.3321014940738678, 0.11333748698234558, -0.8771778345108032, -0.12325511127710342, 0.1000368595123291, -0.19047999382019043], [0.3615714907646179, -0.9130461812019348, -0.5220203399658203, 1.1296255588531494, -0.12708936631679535, -0.037077970802783966, -0.4173361361026764, 0.9073092341423035], [1.6067659854888916, -0.19730648398399353, -0.14288005232810974, -7.836036682128906, -0.2543899118900299, 1.954444169998169, -0.7459017038345337, -0.1635531187057495], [2.146026372909546, -0.5472328662872314, 0.21978093683719635, -0.01685100980103016, 1.4764641523361206, 7.848010063171387, 0.05988454818725586, -0.120181605219841]]}