{"step": 33, "width": 8, "height": 8, "values": [[-0.8421733975410461, 0.7188950777053833, 0.7376757860183716, 0.7665645480155945, -0.5343223810195923, 0.49914970993995667, 0.14903411269187927, -0.20963768661022186], [0.48322010040283203, -0.5039181113243103, -0.12750597298145294, 0.4820478558540344, -0.3251131474971771, -0.06528861075639725, -0.36922338604927063, 0.7740511894226074], [0.4797179400920868, 0.4951613247394562, -0.1733427196741104, -0.9668418169021606, 0.6360792517662048, 0.8869665265083313, -0.9163669347763062, -0.1164933517575264], [0.9515760540962219, 0.022418824955821037, 0.2866356372833252, 0.14228175580501556, 0.5192291736602783, 0.9826582074165344, 0.029281742870807648, 0.21327343583106995], [-5.157619476318359, 1.4387166500091553, 1.1503329277038574, 1.168472170829773, -0.6026245355606079, 0.7392094731330872, 0.1506713330745697, -0.25601983070373535], [0.642474353313446, -0.5637337565422058, -0.1515045464038849, 0.6802746057510376, -0.47298938035964966, -0.06597049534320831, -0.44367560744285583, 1.197100043296814], [1.9754817485809326, 0.5741594433784485, -0.17896400392055511, -4.321290969848633, 0.7589960098266602, 1.4519877433776855, -1.6768816709518433, -0.12275370955467224], [2.667891263961792, 0.022457756102085114, 0.39933639764785767, 0.1945921629667282, 0.955022931098938, 6.881382465362549, 0.03393634036183357, 0.23504318296909332]]}