{"step": 76, "width": 8, "height": 8, "values": [[-0.6551554799079895, 0.9032529592514038, 0.5591318607330322, 0.0020138586405664682, -0.7038663625717163, -0.048444896936416626, 0.11492618173360825, -0.08299051225185394], [0.08554775267839432, -0.7202972769737244, -0.4007919132709503, 0.5376011729240417, -0.15974107384681702, -0.03696724399924278, -0.374592661857605, 0.7026182413101196], [0.5073802471160889, 0.12881428003311157, -0.11244168132543564, -0.9513754844665527, 0.6127040982246399, 0.8897767663002014, -0.8609949946403503, -0.1393822282552719], [0.9141997694969177, -0.45603781938552856, 0.31907010078430176, 0.054202258586883545, 0.6317227482795715, 0.9539711475372314, 0.05200076103210449, 0.18829405307769775], [-1.1349494457244873, 3.1172311305999756, 0.7259610295295715, 0.0020807161927223206, -0.8898639678955078, -0.05521591380238533, 0.11853543668985367, -0.10828709602355957], [0.11205532401800156, -0.9364244341850281, -0.5384390950202942, 0.935291051864624, -0.3826356530189514, -0.03729107230901718, -0.43251359462738037, 0.9660698175430298], [1.0893197059631348, 0.1299855262041092, -0.11345630884170532, -7.171445846557617, 0.7292906641960144, 1.438726544380188, -1.3462140560150146, -0.15059909224510193], [2.1325085163116455, -0.4938725531101227, 0.5279303193092346, 0.0663716048002243, 1.2715421915054321, 7.338067054748535, 0.06034227833151817, 0.23438391089439392]]}