{"step": 124, "width": 8, "height": 8, "values": [[-0.6789414882659912, 0.8997352719306946, 0.4062480628490448, 0.08002738654613495, -0.4382628798484802, 0.2138178050518036, 0.14067620038986206, -0.11392916738986969], [-0.011702347546815872, -0.8483808040618896, -0.6052468419075012, 0.16928119957447052, -0.5263057947158813, 0.011108634993433952, -0.27778103947639465, 0.7311452627182007], [0.7434122562408447, 0.306323766708374, -0.19028574228286743, -0.8862769603729248, 0.6362858414649963, 0.7994983196258545, -0.9014197587966919, -0.04371628910303116], [0.8822153806686401, -0.896172046661377, 0.16481362283229828, -0.13634593784809113, 0.6790710687637329, 0.8680249452590942, 0.03500151261687279, 0.16861717402935028], [-2.127314805984497, 4.135303020477295, 0.5891395807266235, 0.09154005348682404, -0.4733321964740753, 0.23937757313251495, 0.1419186294078827, -0.1964108794927597], [-0.017887651920318604, -1.2667508125305176, -0.77314293384552, 0.42940059304237366, -0.6867442727088928, 0.011304596439003944, -0.30033233761787415, 1.099406361579895], [1.947169542312622, 0.5268183946609497, -0.19623877108097076, -7.059361457824707, 0.7985901236534119, 1.2013330459594727, -1.5450392961502075, -0.04735955595970154], [1.5166205167770386, -1.4598793983459473, 0.19581221044063568, -0.2087327092885971, 1.3234440088272095, 5.617067337036133, 0.04139261320233345, 0.21919812262058258]]}