{"step": 69, "width": 8, "height": 8, "values": [[-0.780687689781189, 0.9210501909255981, 0.3139247000217438, 0.09099767357110977, -0.6841665506362915, 0.11841729283332825, 0.15618686378002167, -0.05043541640043259], [0.051595184952020645, -0.5865247249603271, -0.40372559428215027, 0.3143133521080017, 0.049977947026491165, -0.03800959885120392, -0.04993211477994919, 0.5893397331237793], [0.3279925584793091, -0.1328536421060562, -0.09274342656135559, -0.9597490429878235, -0.06607063859701157, 0.91044682264328, -0.7295911908149719, -0.08775142580270767], [0.9098352789878845, -0.3070391118526459, 0.13011763989925385, -0.2749016582965851, 0.7402245998382568, 0.7685734629631042, 0.051741331815719604, -0.4164500832557678], [-1.520346999168396, 2.913252115249634, 0.5433908104896545, 0.09187457710504532, -0.8548460006713867, 0.128043994307518, 0.160237655043602, -0.09036010503768921], [0.07174772024154663, -1.0559073686599731, -0.48793452978134155, 0.7278294563293457, 0.053635239601135254, -0.03835715353488922, -0.28018519282341003, 0.7435961365699768], [1.7857955694198608, -0.19038112461566925, -0.09377843141555786, -6.979735851287842, -0.07019888609647751, 1.566086769104004, -0.9661378264427185, -0.09091102331876755], [2.1514945030212402, -0.31741851568222046, 0.1927686482667923, -0.2888648808002472, 1.148281455039978, 6.925920009613037, 0.056631121784448624, -0.4540155231952667]]}