{"step": 60, "width": 8, "height": 8, "values": [[-0.7817716598510742, 0.8871819376945496, 0.5269002318382263, 0.060402762144804, -0.7043612599372864, 0.23407316207885742, 0.22359685599803925, -0.033676620572805405], [-0.12910689413547516, -0.7111987471580505, -0.3786018192768097, 0.3335281014442444, -0.3560156524181366, -0.04773904010653496, 0.017205581068992615, 0.6600803136825562], [0.5625309944152832, 0.0179304126650095, -0.23458130657672882, -0.9161711931228638, 0.46069100499153137, 0.9133254289627075, -0.9105625152587891, -0.1524454802274704], [0.9505062699317932, -0.16934294998645782, 0.20408819615840912, -0.2255590260028839, 0.5248167514801025, 0.9468871355056763, 0.04657096415758133, -0.0034347292967140675], [-3.156973123550415, 2.799424409866333, 0.7376257181167603, 0.0638856515288353, -0.8835132718086243, 0.27838703989982605, 0.2285325527191162, -0.05702735483646393], [-0.1672147512435913, -0.9115177989006042, -0.44016122817993164, 0.5822120904922485, -0.4123336374759674, -0.0482795350253582, 0.02280229516327381, 0.8884073495864868], [1.8762171268463135, 0.02981409803032875, -0.24485382437705994, -5.849071979522705, 0.5433646440505981, 1.8479228019714355, -1.8226218223571777, -0.15787000954151154], [2.326694965362549, -0.17125476896762848, 0.23911447823047638, -0.2483973205089569, 0.7549130320549011, 7.4597673416137695, 0.05289755016565323, -0.0037480383180081844]]}