{"step": 0, "width": 8, "height": 8, "values": [[0.0921657383441925, 0.14168661832809448, 0.07768077403306961, -0.13760006427764893, -0.11019021272659302, -0.00036816863575950265, 0.04443003237247467, -0.05109318718314171], [0.08432908356189728, 0.3782781958580017, -0.002193739637732506, -0.09224359691143036, -0.08332742750644684, -0.0034029074013233185, 0.40680834650993347, 0.06855496764183044], [0.11826788634061813, 0.20257730782032013, -0.08186027407646179, -0.4338342845439911, 0.23013320565223694, -0.04748081415891647, 0.17414987087249756, 0.018694603815674782], [0.01666622795164585, -0.002811754820868373, 0.3840233087539673, 0.08069886267185211, 0.22718322277069092, -0.015302998013794422, 0.0031678343657404184, -0.2523254156112671], [0.10798680037260056, 0.15671364963054657, 0.08406655490398407, -0.1656901091337204, -0.11579541862010956, -0.00040724771679379046, 0.04967685043811798, -0.08591877669095993], [0.08719667047262192, 0.4476761817932129, -0.0026931539177894592, -0.12685354053974152, -0.09929898381233215, -0.0034242405090481043, 0.7294672727584839, 0.07742759585380554], [0.23297588527202606, 0.4153275489807129, -0.08236128091812134, -0.49487972259521484, 0.3013933002948761, -0.07011347264051437, 0.22098298370838165, 0.02548474818468094], [0.017118385061621666, -0.0028410437516868114, 0.43378525972366333, 0.0977463647723198, 0.24803198873996735, -0.01830476149916649, 0.0034430185332894325, -0.2968960702419281]]}