{"step": 15, "width": 8, "height": 8, "values": [[-0.8785592317581177, 0.6361532807350159, 0.7160722017288208, 0.4577210545539856, -0.17185300588607788, 0.6094269156455994, 0.27843183279037476, -0.22373144328594208], [0.47685301303863525, -0.026636334136128426, 0.07350210845470428, 0.2993091344833374, 0.1471991091966629, -0.055449116975069046, 0.06993222236633301, 0.5459867119789124], [0.06736920028924942, 0.21915976703166962, -0.090927854180336, -0.9609710574150085, 0.0005862461403012276, 0.8745291233062744, -0.359004408121109, -0.28701698780059814], [0.8185364007949829, 0.01911020837724209, 0.16951221227645874, -0.03400138393044472, 0.6273041367530823, 0.8316688537597656, 0.0028732584323734045, 0.011586390435695648], [-3.0977871417999268, 1.0170741081237793, 1.28013014793396, 0.4980395436286926, -0.17733918130397797, 0.8214514851570129, 0.2985994219779968, -0.34663334488868713], [0.6192534565925598, -0.03697419539093971, 0.0853109210729599, 0.7731037139892578, 0.16463851928710938, -0.055963318794965744, 0.48092004656791687, 0.6930059194564819], [1.2535481452941895, 0.4231427013874054, -0.09124039113521576, -2.094558000564575, 0.0006116811418905854, 1.4130840301513672, -0.40596848726272583, -0.3373861312866211], [1.295994520187378, 0.019121602177619934, 0.24171848595142365, -0.03697159141302109, 0.7828431725502014, 3.807816505432129, 0.0031992653384804726, 0.011812660843133926]]}