{"step": 112, "width": 8, "height": 8, "values": [[-0.7249384522438049, 0.8897319436073303, 0.677893877029419, 0.20140987634658813, -0.5045264959335327, 0.30250126123428345, 0.32236582040786743, -0.24945490062236786], [0.42650482058525085, -0.7642380595207214, -0.5185428261756897, 0.1983843296766281, -0.39300572872161865, -0.0013755607651546597, -0.5690614581108093, 0.7411469221115112], [0.556247889995575, 0.1937827467918396, -0.3538094758987427, -0.9174179434776306, 0.09715026617050171, 0.9329057931900024, -0.7438203692436218, 0.027076546102762222], [0.9089653491973877, -0.8508167862892151, 0.3121766746044159, -0.004163839388638735, 0.5973061323165894, 0.9246300458908081, 0.0443640798330307, 0.3540213108062744], [-1.9967600107192993, 3.8952174186706543, 0.980702817440033, 0.20738084614276886, -0.5622612833976746, 0.3341470956802368, 0.33465775847435, -0.33142638206481934], [0.5218112468719482, -1.008032202720642, -0.6691201329231262, 0.3864133954048157, -0.5956597924232483, -0.0013892841525375843, -0.6596413254737854, 1.0845073461532593], [1.5923608541488647, 0.2541603147983551, -0.3799109160900116, -7.362165927886963, 0.09915148466825485, 1.9469413757324219, -1.9598618745803833, 0.028267186135053635], [1.6945987939834595, -1.262716293334961, 0.4848312437534332, -0.006396670360118151, 1.2232083082199097, 7.069472312927246, 0.052433863282203674, 0.40749260783195496]]}