{"step": 113, "width": 8, "height": 8, "values": [[-0.6446930766105652, 0.887660026550293, 0.7220262885093689, 0.18300016224384308, -0.5092870593070984, 0.3276981711387634, 0.29254984855651855, -0.19979774951934814], [0.22465437650680542, -0.7881540656089783, -0.5155361294746399, 0.12385597825050354, -0.5539166331291199, -0.0007741312147118151, -0.23790082335472107, 0.7840275764465332], [0.3178895115852356, 0.1742350310087204, -0.43070948123931885, -0.9473132491111755, 0.34330040216445923, 0.9318175315856934, -0.69337397813797, 0.012900645844638348], [0.8943251967430115, -0.8514282703399658, 0.2593945860862732, 0.002950693480670452, 0.6286654472351074, 0.9561355113983154, 0.04402170330286026, 0.4012521505355835], [-1.9065252542495728, 3.8789730072021484, 1.0719246864318848, 0.1882718801498413, -0.5662788152694702, 0.3647206127643585, 0.3014732599258423, -0.25975459814071655], [0.2630792558193207, -1.0684489011764526, -0.6615544557571411, 0.21341334283351898, -0.8463095426559448, -0.0007806179346516728, -0.25018060207366943, 1.1657544374465942], [1.2594958543777466, 0.22996096312999725, -0.47884032130241394, -6.92595911026001, 0.3666222095489502, 2.001019239425659, -2.6382668018341064, 0.013221300207078457], [1.5848164558410645, -1.2639864683151245, 0.4181908071041107, 0.0034801126457750797, 1.1024699211120605, 6.892007827758789, 0.05202072486281395, 0.4808896780014038]]}