{"step": 46, "width": 8, "height": 8, "values": [[-0.7970246076583862, 0.8843048214912415, 0.7045963406562805, 0.44938069581985474, -0.644827663898468, 0.25438570976257324, 0.533202588558197, -0.05204649269580841], [0.25874388217926025, -0.5227543115615845, -0.28742775321006775, 0.3300814926624298, -0.13638734817504883, -0.05883382633328438, 0.5626347661018372, 0.754194438457489], [0.15449970960617065, 0.25388631224632263, -0.32436636090278625, -0.9874629378318787, 0.2771950364112854, 0.44260403513908386, -0.7734413146972656, 0.2331080138683319], [0.9410045146942139, -0.10349429398775101, 0.15785585343837738, -0.13748618960380554, 0.6924769878387451, 0.75600266456604, 0.04098081216216087, 0.03817109391093254], [-5.606962203979492, 2.457550048828125, 1.1277023553848267, 0.5172865986824036, -0.8052821755409241, 0.29140567779541016, 0.5955277681350708, -0.08349119126796722], [0.3230850100517273, -0.6120477914810181, -0.34859031438827515, 0.5980491638183594, -0.149965301156044, -0.059359945356845856, 0.7989783883094788, 1.1203404664993286], [1.8622710704803467, 0.40276747941970825, -0.3366906940937042, -6.507966995239258, 0.4371747672557831, 0.5014870166778564, -1.2386873960494995, 0.25760552287101746], [3.061332941055298, -0.10400068014860153, 0.18437226116657257, -0.15645502507686615, 1.0148371458053589, 8.623703956604004, 0.04582357034087181, 0.04281263053417206]]}