{"step": 88, "width": 8, "height": 8, "values": [[-0.7683626413345337, 0.9688517451286316, 0.10908733308315277, -0.002776496112346649, -0.605716347694397, -0.17946700751781464, 0.12443684786558151, -0.0441150963306427], [0.10175932198762894, -0.8081054091453552, -0.44321441650390625, 0.24731500446796417, 0.015450620092451572, -0.03291299566626549, -0.34070920944213867, 0.7317832112312317], [0.4832490384578705, 0.17454390227794647, -0.2015228569507599, -0.9666194915771484, 0.22570812702178955, 0.8692745566368103, -0.6661079525947571, -0.17103922367095947], [0.9101784825325012, -0.6568281650543213, 0.15850508213043213, -0.15766240656375885, 0.6324366331100464, 0.7943159937858582, 0.05438486486673355, -0.06521247327327728], [-1.4976569414138794, 3.566826581954956, 0.19975551962852478, -0.002933340845629573, -0.7246995568275452, -0.19831044971942902, 0.12663593888282776, -0.07240890711545944], [0.13562756776809692, -1.3145207166671753, -0.5683704614639282, 0.680159866809845, 0.01619303971529007, -0.033298153430223465, -0.5298316478729248, 1.03663170337677], [1.8654758930206299, 0.28157687187194824, -0.21498282253742218, -7.708235263824463, 0.2606438100337982, 1.4031226634979248, -0.8788381814956665, -0.17673741281032562], [2.025534152984619, -0.7878465056419373, 0.20337119698524475, -0.1734045445919037, 1.2883564233779907, 7.637795925140381, 0.06101415678858757, -0.0662011057138443]]}