{"step": 44, "width": 8, "height": 8, "values": [[-0.7247997522354126, 0.8462074398994446, 0.5713032484054565, 0.5037966966629028, -0.6411048769950867, 0.2948143482208252, 0.4768495559692383, -0.07034763693809509], [0.151873379945755, -0.5304723381996155, -0.23748421669006348, 0.34988048672676086, -0.2557658851146698, -0.05993232876062393, 0.2659671902656555, 0.6909207105636597], [0.5423480272293091, 0.004228007514029741, -0.3586995601654053, -0.9523399472236633, 0.34298089146614075, 0.87550288438797, -0.9077681303024292, 0.33808812499046326], [0.9627065658569336, -0.08233049511909485, 0.2425336241722107, -0.11929440498352051, 0.5598614811897278, 0.9410891532897949, 0.03757790848612785, 0.06994203478097916], [-5.976166725158691, 2.1359634399414062, 0.8830072283744812, 0.5829874873161316, -0.7665302157402039, 0.3730713129043579, 0.5198392868041992, -0.11415889859199524], [0.1740277260541916, -0.6053734421730042, -0.28940337896347046, 0.5779814720153809, -0.27716848254203796, -0.06045984476804733, 0.30518287420272827, 0.967104971408844], [2.3706419467926025, 0.008258989080786705, -0.3808727562427521, -5.9395904541015625, 0.39016425609588623, 1.5318015813827515, -1.7139188051223755, 0.35719385743141174], [3.1045873165130615, -0.0826883390545845, 0.2833276391029358, -0.1300491839647293, 0.8796916604042053, 8.146061897277832, 0.043503787368535995, 0.07749062031507492]]}