{"step": 4, "width": 8, "height": 8, "values": [[-0.23374083638191223, 0.285469651222229, -0.5144113898277283, -0.08770088106393814, -0.06786839663982391, 0.08319519460201263, 0.00816272757947445, -0.20893137156963348], [-0.16820120811462402, 0.11391126364469528, 0.02423853613436222, -0.3997814953327179, -0.11262927204370499, -0.035885490477085114, 0.4128625988960266, 0.3429250121116638], [0.5494502186775208, 0.26338088512420654, -0.4228993058204651, -0.13144174218177795, 0.0030519021674990654, 0.42295172810554504, 0.08440877497196198, -0.5712971091270447], [-0.051890723407268524, 0.02142643742263317, 0.39519384503364563, 0.21930363774299622, 0.5261818170547485, -0.05018706992268562, 0.0013230504700914025, 0.5757334232330322], [-0.253814160823822, 0.39298856258392334, -0.6932911276817322, -0.11824845522642136, -0.06864900141954422, 0.10097362101078033, 0.020315082743763924, -0.2909330129623413], [-0.17264403402805328, 0.11833163350820541, 0.028964685276150703, -0.6301632523536682, -0.151575967669487, -0.03607993200421333, 0.4580567479133606, 0.40445029735565186], [0.7437781095504761, 0.2763146162033081, -0.45684394240379333, -0.13730455935001373, 0.003157690167427063, 0.4580751061439514, 0.08536091446876526, -0.720093309879303], [-0.05330975726246834, 0.021590113639831543, 0.5555825233459473, 0.2804475724697113, 0.6525084972381592, -0.057021740823984146, 0.0014700604369863868, 0.7844128012657166]]}