{"step": 86, "width": 8, "height": 8, "values": [[-0.7306663393974304, 0.9177268743515015, 0.4620934724807739, 0.05241050198674202, -0.615578293800354, -0.12124143540859222, 0.16139523684978485, -0.1423814594745636], [0.00709843635559082, -0.7965354919433594, -0.485975056886673, 0.24869446456432343, -0.5024866461753845, -0.03389136493206024, -0.3987519443035126, 0.7374938130378723], [0.7138937711715698, 0.4367493689060211, -0.16733163595199585, -0.9085057377815247, 0.6183841824531555, 0.705132782459259, -0.8903962969779968, -0.23534972965717316], [0.9402111172676086, -0.6205514669418335, 0.18878324329853058, -0.09062054753303528, 0.6639869213104248, 0.8881562352180481, 0.05244702100753784, 0.21344593167304993], [-1.6062175035476685, 3.58314847946167, 0.634273886680603, 0.061238955706357956, -0.7260163426399231, -0.13562536239624023, 0.1633976250886917, -0.2468329817056656], [0.010076617822051048, -1.0994771718978882, -0.5814810991287231, 0.5707995295524597, -0.667891263961792, -0.03455773741006851, -0.4472959041595459, 1.1434732675552368], [1.4999754428863525, 0.9069957137107849, -0.17247523367404938, -7.381618499755859, 0.7513502836227417, 0.9213441610336304, -1.489195704460144, -0.2613135576248169], [2.0578067302703857, -0.7275696992874146, 0.21953187882900238, -0.18044497072696686, 1.297689437866211, 7.676032543182373, 0.0593905970454216, 0.2876989245414734]]}