{"step": 100, "width": 8, "height": 8, "values": [[-0.6317282915115356, 0.9568805694580078, 0.3707803189754486, -0.17536382377147675, -0.5714483261108398, 0.0960768535733223, 0.012685343623161316, -0.05732360854744911], [0.23764067888259888, -0.8794248700141907, -0.41833940148353577, 0.2390054613351822, -0.175554096698761, -0.018600882962346077, -0.43902671337127686, 0.7486701011657715], [0.6129378080368042, 0.019674265757203102, -0.15155823528766632, -0.9145259857177734, 0.3246718645095825, 0.9586633443832397, -0.766062319278717, -0.18559658527374268], [0.9107141494750977, -0.7532531023025513, 0.30654993653297424, -0.11939489096403122, 0.5360541343688965, 0.9845548272132874, 0.04955560714006424, 0.12386567890644073], [-1.29448664188385, 3.6616737842559814, 0.5783028602600098, -0.1789252907037735, -0.6529871225357056, 0.10566593706607819, 0.012826349586248398, -0.07962487637996674], [0.30025190114974976, -1.4188557863235474, -0.5400015711784363, 0.5681049227714539, -0.2532546818256378, -0.018781716004014015, -0.476985901594162, 1.0691251754760742], [1.2837634086608887, 0.023750828579068184, -0.2677737772464752, -6.999248504638672, 0.3397700786590576, 1.9868875741958618, -1.387078881263733, -0.19025346636772156], [1.7579376697540283, -0.9828864932060242, 0.6967335343360901, -0.1246240884065628, 1.0209280252456665, 7.614829063415527, 0.05976283177733421, 0.12997479736804962]]}