{"step": 116, "width": 8, "height": 8, "values": [[-0.8651357889175415, 0.8796544075012207, 0.5978614091873169, 0.1116979718208313, -0.48668086528778076, 0.23975758254528046, 0.0379759855568409, -0.1852887123823166], [0.30461445450782776, -0.7720791101455688, -0.4911481440067291, 0.11503822356462479, -0.19271671772003174, 0.0029719241429120302, -0.4453652799129486, 0.7652716040611267], [0.7561500668525696, -0.1868889033794403, -0.27502474188804626, -0.9291505813598633, -0.31447336077690125, 0.95063716173172, -0.8588990569114685, -0.02841254137456417], [0.8749463558197021, -0.8719118237495422, 0.20551377534866333, 0.004591037519276142, 0.5727440118789673, 0.8820380568504333, 0.038448069244623184, 0.18504729866981506], [-2.311063766479492, 3.8628311157226562, 0.7982074618339539, 0.11346907913684845, -0.544575572013855, 0.26243990659713745, 0.03869916498661041, -0.24854806065559387], [0.4380340874195099, -1.0338376760482788, -0.6585652828216553, 0.3113294243812561, -0.2757319211959839, 0.002999513177201152, -0.4821373522281647, 1.1636073589324951], [1.816856026649475, -0.19076602160930634, -0.2846817970275879, -7.271708965301514, -0.3494836688041687, 1.9471063613891602, -1.7632625102996826, -0.03078787587583065], [1.6130796670913696, -1.3438307046890259, 0.4170432388782501, 0.005787187721580267, 1.147541880607605, 6.489075183868408, 0.04657918959856033, 0.19882163405418396]]}