{"step": 125, "width": 8, "height": 8, "values": [[-0.6725608110427856, 0.9546193480491638, 0.09602680802345276, 0.05648866668343544, -0.45537957549095154, 0.19728678464889526, 0.15717872977256775, -0.038992539048194885], [0.09062593430280685, -0.766829788684845, -0.5921803712844849, 0.18273811042308807, -0.10545917600393295, 0.012151849456131458, 0.406994491815567, 0.7460567355155945], [0.22504708170890808, 0.11355413496494293, -0.1852836161851883, -0.9745849370956421, 0.5244419574737549, 0.7652186155319214, -0.5123520493507385, -0.036690760403871536], [0.857440710067749, -0.90151047706604, 0.1764087975025177, -0.1884465366601944, 0.7714852690696716, 0.7998386025428772, 0.035116758197546005, 0.020863672718405724], [-1.9779760837554932, 4.219367504119873, 0.20983855426311493, 0.06122757866978645, -0.49820512533187866, 0.21535229682922363, 0.15912176668643951, -0.07053980976343155], [0.1263459026813507, -1.5589072704315186, -0.7783789038658142, 0.76800537109375, -0.11136794835329056, 0.012313757091760635, 0.5916629433631897, 1.0738924741744995], [1.7604870796203613, 0.3476059138774872, -0.1900424063205719, -7.574131011962891, 0.6951636672019958, 1.062880039215088, -0.6009437441825867, -0.04003320261836052], [1.5109577178955078, -1.4848048686981201, 0.22560909390449524, -0.19836175441741943, 1.40982186794281, 5.996901988983154, 0.041690364480018616, 0.02169085294008255]]}