{"step": 94, "width": 8, "height": 8, "values": [[-0.774624764919281, 0.8740464448928833, 0.5678778886795044, 0.012066027149558067, -0.6074287295341492, -0.0010628901654854417, 0.0936671644449234, -0.09794891625642776], [0.13760992884635925, -0.8404355645179749, -0.45670753717422485, 0.3275402784347534, -0.14662787318229675, -0.027427926659584045, -0.22166240215301514, 0.6958492398262024], [0.7424429655075073, 0.43876680731773376, -0.1031087189912796, -0.9010041356086731, 0.5168609023094177, 0.9596814513206482, -0.8982122540473938, -0.3050333559513092], [0.9130275249481201, -0.6919686198234558, 0.3029070496559143, -0.0937192291021347, 0.6315512657165527, 0.9733747839927673, 0.04919134080410004, 0.2064063996076584], [-1.714656114578247, 3.6023857593536377, 0.7413243055343628, 0.01330974418669939, -0.709904670715332, -0.0011770559940487146, 0.09586556255817413, -0.12527550756931305], [0.1981988102197647, -1.2562247514724731, -0.555010974407196, 0.7305179238319397, -0.32479551434516907, -0.02774672396481037, -0.23236379027366638, 0.9779070615768433], [1.3430843353271484, 0.4748896658420563, -0.10732367634773254, -7.2209625244140625, 0.5799664258956909, 2.050028085708618, -1.5052403211593628, -0.3327055871486664], [1.791792392730713, -0.8552649021148682, 0.5028123259544373, -0.13729676604270935, 1.1452414989471436, 8.262741088867188, 0.05891639366745949, 0.2511027455329895]]}