{"step": 65, "width": 8, "height": 8, "values": [[-0.794098973274231, 0.9613841772079468, 0.3112276792526245, 0.005209906492382288, -0.6773638129234314, 0.2071809321641922, 0.22762809693813324, -0.01751566305756569], [-0.24100740253925323, -0.674972653388977, -0.4174017608165741, 0.3351088762283325, -0.011734134517610073, -0.04263508692383766, 0.11281895637512207, 0.6608558297157288], [0.14410392940044403, 0.12350977212190628, -0.16984528303146362, -0.9735917448997498, 0.3436495065689087, 0.7564119696617126, -0.6810240745544434, -0.19891329109668732], [0.9170953631401062, -0.22382837533950806, 0.16929025948047638, -0.2692992389202118, 0.6663982272148132, 0.8907884359359741, 0.05224920064210892, -0.144749253988266], [-2.2605197429656982, 2.930300712585449, 0.48146480321884155, 0.005428870674222708, -0.877615213394165, 0.23571546375751495, 0.2328561693429947, -0.0292507354170084], [-0.36282646656036377, -1.3481100797653198, -0.49278178811073303, 0.7985812425613403, -0.012659539468586445, -0.04320686683058739, 0.20679980516433716, 0.8871440291404724], [1.5564929246902466, 0.34076204895973206, -0.17284339666366577, -6.36372709274292, 0.40792492032051086, 1.0386147499084473, -0.9960910081863403, -0.21401076018810272], [2.220236301422119, -0.22781898081302643, 0.22059492766857147, -0.2900371253490448, 1.0325639247894287, 7.22824764251709, 0.05827240273356438, -0.14846788346767426]]}