{"step": 5, "width": 8, "height": 8, "values": [[-0.35854077339172363, 0.40958893299102783, -0.5902082920074463, -0.2501383125782013, -0.2292947769165039, 0.11507867276668549, 0.005685604643076658, -0.2129252851009369], [0.32650622725486755, 0.16228273510932922, 0.04000585898756981, -0.1159864068031311, 0.07025682181119919, -0.03910040855407715, -0.040131524205207825, 0.22213730216026306], [0.731895923614502, -0.16177630424499512, -0.22951623797416687, -0.5938360691070557, -0.40984785556793213, 0.6643728613853455, 0.3485679626464844, -0.2802996039390564], [0.03935645520687103, 0.023923354223370552, 0.3383304476737976, 0.20048101246356964, 0.6374743580818176, 0.47568777203559875, -0.0002408404106972739, -0.2148425132036209], [-0.3930831551551819, 0.4782259166240692, -0.8966593742370605, -0.2647458612918854, -0.2392634153366089, 0.12738411128520966, 0.01425968948751688, -0.34369969367980957], [0.3439854383468628, 0.4760652780532837, 0.050292108207941055, -0.24123026430606842, 0.08205500990152359, -0.03935689479112625, -0.22345931828022003, 0.2534414827823639], [1.2792381048202515, -0.2291616052389145, -0.23847565054893494, -0.7452247142791748, -0.44197842478752136, 0.8218324184417725, 0.37988173961639404, -0.32212746143341064], [0.0405777283012867, 0.02398296631872654, 0.4465072453022003, 0.22099879384040833, 0.8366507291793823, 0.5969722867012024, -0.00027451515779830515, -0.2197454571723938]]}