{"step": 21, "width": 8, "height": 8, "values": [[-0.9139351844787598, 0.6914055943489075, 0.44445595145225525, 0.33913207054138184, -0.3751339614391327, 0.5664578676223755, 0.17119836807250977, -0.1935892105102539], [0.2857094705104828, -0.0913526862859726, 0.07169333845376968, 0.5317043662071228, 0.19836479425430298, -0.06415974348783493, -0.045903269201517105, 0.6570900082588196], [0.35002565383911133, -0.21178586781024933, -0.1295558363199234, -0.9739945530891418, -0.42219698429107666, 0.9795231819152832, -0.5245466828346252, -0.514568567276001], [0.8760278820991516, 0.04612794890999794, 0.16674724221229553, 0.08610747009515762, 0.7699625492095947, 0.8659011721611023, 0.013500610366463661, -0.22403743863105774], [-3.0071325302124023, 1.0485574007034302, 0.5809193849563599, 0.3559332489967346, -0.40379783511161804, 0.7858800292015076, 0.1917053908109665, -0.30782875418663025], [0.3864695131778717, -0.16494862735271454, 0.0798417329788208, 1.1256009340286255, 0.21809150278568268, -0.06489760428667068, -0.32857415080070496, 0.9043519496917725], [2.0270447731018066, -0.25650888681411743, -0.13156764209270477, -3.1085684299468994, -0.4592244029045105, 2.3500542640686035, -0.6068515777587891, -0.6278512477874756], [1.7811084985733032, 0.04618660733103752, 0.22789013385772705, 0.0945933386683464, 1.2555257081985474, 5.229444980621338, 0.015011752024292946, -0.23090539872646332]]}