{"step": 117, "width": 8, "height": 8, "values": [[-0.8061732053756714, 0.7953247427940369, 0.6624626517295837, 0.10065729916095734, -0.48338550329208374, 0.3257501721382141, -0.06816533207893372, -0.11629165709018707], [0.2073107361793518, -0.8384988307952881, -0.5122538208961487, 0.1070530042052269, -0.20923613011837006, 0.003587990766391158, -0.04696059972047806, 0.7750787734985352], [0.5794927477836609, -0.14610159397125244, -0.18270504474639893, -0.9426760673522949, -0.17090734839439392, 0.953965425491333, -0.9588059782981873, -0.22583240270614624], [0.8919204473495483, -0.871599555015564, 0.2116667777299881, -0.040148645639419556, 0.6339960098266602, 0.9540479183197021, 0.03729693219065666, 0.21378181874752045], [-2.5960214138031006, 3.845609426498413, 0.9396705627441406, 0.10759345442056656, -0.5313714742660522, 0.3652980625629425, -0.06869344413280487, -0.14396335184574127], [0.3217388689517975, -1.2308701276779175, -0.6752921342849731, 0.1977829486131668, -0.37395378947257996, 0.0036178778391331434, -0.04837265983223915, 1.1923167705535889], [1.4654544591903687, -0.14760641753673553, -0.1868756264448166, -7.054713726043701, -0.1754901260137558, 2.2843313217163086, -2.39284348487854, -0.23569238185882568], [1.574054479598999, -1.3473578691482544, 0.40141329169273376, -0.05294801667332649, 1.0793123245239258, 6.517223358154297, 0.045233990997076035, 0.24037764966487885]]}