{"step": 56, "width": 8, "height": 8, "values": [[-0.8627347350120544, 0.8538035154342651, 0.793913722038269, 0.387159138917923, -0.6896465420722961, 0.30675008893013, 0.17529164254665375, -0.2428155094385147], [-0.0904335156083107, -0.6609538793563843, -0.33591875433921814, 0.2239910513162613, -0.24740459024906158, -0.04943764954805374, -0.22475166618824005, 0.7060462236404419], [0.38303491473197937, 0.08274147659540176, -0.3703025281429291, -0.93648362159729, -0.034971341490745544, 0.9510433673858643, -0.8761976957321167, -0.1768946349620819], [0.9499363303184509, -0.1430753469467163, 0.18867507576942444, -0.16921818256378174, 0.37424764037132263, 0.9900137782096863, 0.042543135583400726, 0.4056198000907898], [-3.7408204078674316, 2.6514713764190674, 1.2009872198104858, 0.41458722949028015, -0.8706306219100952, 0.36296582221984863, 0.1780892163515091, -0.2950165271759033], [-0.12476295977830887, -0.7968311309814453, -0.39594003558158875, 0.3132452964782715, -0.4426976144313812, -0.04987162724137306, -0.23166370391845703, 1.0156084299087524], [0.8531996011734009, 0.08643562346696854, -0.40582066774368286, -5.2829976081848145, -0.035475052893161774, 2.090528726577759, -4.847029685974121, -0.1835559904575348], [2.408022403717041, -0.14418451488018036, 0.4409344792366028, -0.24250304698944092, 0.5276762843132019, 7.447255611419678, 0.047875091433525085, 0.48065200448036194]]}