{"step": 79, "width": 8, "height": 8, "values": [[-0.7747493386268616, 0.9148811101913452, 0.6279187798500061, 0.10413810610771179, -0.6809670329093933, -0.14972150325775146, -0.12267468124628067, -0.15342111885547638], [0.22257228195667267, -0.7186984419822693, -0.39110103249549866, 0.3877002000808716, -0.26095864176750183, -0.0358518585562706, -0.5086790323257446, 0.6750876307487488], [0.713026225566864, -0.21886906027793884, -0.21245162189006805, -0.9360291361808777, -0.271384596824646, 0.9431757926940918, -0.8096536993980408, -0.0726953074336052], [0.9209402799606323, -0.5263717770576477, 0.22504392266273499, 0.0337732769548893, 0.5712680816650391, 0.9055195450782776, 0.05009688436985016, 0.06871404498815536], [-1.290671944618225, 3.138505220413208, 0.8634207248687744, 0.10579940676689148, -0.857291579246521, -0.16344903409481049, -0.1260787546634674, -0.2135685533285141], [0.322200745344162, -0.9117170572280884, -0.5064999461174011, 0.8585603833198547, -0.3772658705711365, -0.0361349880695343, -0.5657241940498352, 0.9313306212425232], [1.5236849784851074, -0.22489480674266815, -0.21768797934055328, -7.324270725250244, -0.2951282858848572, 1.8623801469802856, -1.5368151664733887, -0.07752279192209244], [2.1338155269622803, -0.5857875943183899, 0.43309181928634644, 0.040968094021081924, 1.1834344863891602, 7.225049018859863, 0.05651959404349327, 0.07488010823726654]]}