{"step": 77, "width": 8, "height": 8, "values": [[-0.6658902764320374, 0.8615441918373108, 0.3401523232460022, 0.024793459102511406, -0.6907297968864441, -0.0779803991317749, 0.10868533700704575, -0.05607238784432411], [0.038336385041475296, -0.7562248110771179, -0.4305983781814575, 0.455023854970932, -0.2920423746109009, -0.0363631434738636, 0.32061120867729187, 0.6955589056015015], [0.5410826206207275, 0.12315574288368225, -0.3642466068267822, -0.9689139127731323, 0.29025033116340637, 0.891019880771637, -0.8575804233551025, -0.24065673351287842], [0.9170458912849426, -0.4731742739677429, 0.22477972507476807, -0.014426091685891151, 0.7183931469917297, 0.8758120536804199, 0.05348046496510506, 0.17342589795589447], [-1.1349722146987915, 3.1439383029937744, 0.507308304309845, 0.02636227384209633, -0.8563105463981628, -0.09049680083990097, 0.11306066066026688, -0.09183080494403839], [0.05733048543334007, -1.0104224681854248, -0.5389931797981262, 0.9379928112030029, -0.35638684034347534, -0.03672404587268829, 0.3504188358783722, 0.9721825122833252], [1.2347151041030884, 0.12768852710723877, -0.3843046724796295, -7.236177921295166, 0.32407474517822266, 1.4627362489700317, -1.3048646450042725, -0.2603352665901184], [2.1117231845855713, -0.5154503583908081, 0.3039085268974304, -0.016824133694171906, 1.3631688356399536, 7.979428291320801, 0.060022611171007156, 0.24856992065906525]]}