{"step": 105, "width": 8, "height": 8, "values": [[-0.7954411506652832, 0.9347505569458008, 0.5220713019371033, 0.16839559376239777, -0.5313920974731445, 0.021391181275248528, -0.2540612816810608, -0.05108791962265968], [0.2636648714542389, -0.7413042783737183, -0.36449602246284485, 0.05737639591097832, -0.545592725276947, -0.01033163070678711, 0.4193460941314697, 0.8116950988769531], [0.6437907218933105, -0.23253175616264343, -0.6325966119766235, -0.95878666639328, -0.17670221626758575, 0.8662441372871399, -0.7418694496154785, 0.04732801765203476], [0.9094277620315552, -0.8186305165290833, 0.15729749202728271, 0.02504904940724373, 0.6954242587089539, 0.8962727189064026, 0.04537462443113327, 0.06508021801710129], [-1.5881484746932983, 3.6645655632019043, 0.7342503070831299, 0.17169377207756042, -0.5977795720100403, 0.022587917745113373, -0.26283204555511475, -0.09901795536279678], [0.5177485346794128, -0.9577786326408386, -0.5414465665817261, 0.15492630004882812, -0.6610421538352966, -0.010390237905085087, 0.4503539502620697, 1.2754771709442139], [1.709668755531311, -0.262330561876297, -0.7499392032623291, -7.526598930358887, -0.28349819779396057, 1.5398999452590942, -1.88303542137146, 0.04955560714006424], [1.7897673845291138, -1.1546748876571655, 0.23449750244617462, 0.027719242498278618, 1.2038527727127075, 6.671998977661133, 0.05306068807840347, 0.07404476404190063]]}