{"step": 26, "width": 8, "height": 8, "values": [[-0.9563150405883789, 0.5731205940246582, 0.808474600315094, 0.8647311925888062, -0.4147908389568329, 0.6236594915390015, -0.05063849687576294, -0.2907991409301758], [0.36910998821258545, -0.047180693596601486, 0.010196804068982601, 0.42333367466926575, -0.16769258677959442, -0.06408143043518066, 0.03202204033732414, 0.6637542843818665], [0.4208245277404785, -0.27179673314094543, -0.22973977029323578, -0.9777584671974182, -0.6897158026695251, 0.9377831220626831, -0.7912202477455139, -0.27070310711860657], [0.9327653646469116, 0.02019662968814373, 0.07091762125492096, -0.04213482886552811, 0.816594123840332, 0.8745179772377014, 0.02040347084403038, -0.1405855268239975], [-4.499621391296387, 0.9276235103607178, 1.4913160800933838, 1.3513810634613037, -0.44974425435066223, 0.8372716307640076, -0.052669890224933624, -0.4506016671657562], [0.6527084708213806, -0.04968700185418129, 0.013077447190880775, 0.7091025114059448, -0.18640540540218353, -0.06450562179088593, 0.11674972623586655, 0.8965492248535156], [2.3744990825653076, -0.2963049113750458, -0.23399846255779266, -3.69228458404541, -1.0055664777755737, 1.9312033653259277, -1.142889380455017, -0.32118502259254456], [2.3046138286590576, 0.020212139934301376, 0.10074714571237564, -0.048572055995464325, 1.4001383781433105, 6.673503398895264, 0.022409340366721153, -0.14670541882514954]]}