{"step": 46, "width": 8, "height": 8, "values": [[0.24242261052131653, 0.8765078186988831, 0.17318043112754822, -0.39466261863708496, 0.2660885751247406, -0.08949296176433563, -0.5068442821502686, -0.12139176577329636], [-0.8738996386528015, 0.4700937867164612, -0.05050819367170334, -0.5931166410446167, -0.3363697826862335, -0.04390009120106697, 0.20000173151493073, 0.4967209994792938], [0.3023911714553833, -0.0024379068054258823, -0.29371005296707153, -0.20526646077632904, 0.05522109195590019, 0.41753387451171875, -0.8070157170295715, 0.4441511332988739], [0.2526540756225586, -0.43109890818595886, 0.20553480088710785, -0.15362948179244995, 0.33147576451301575, 0.30904626846313477, -0.043496035039424896, -0.6886218786239624], [0.38620725274086, 1.831269383430481, 0.3219662308692932, -0.4367750883102417, 0.276687890291214, -0.1007523387670517, -0.6268147826194763, -0.18650734424591064], [-1.704228401184082, 0.5103870630264282, -0.05596010014414787, -1.5652705430984497, -0.37078070640563965, -0.04411597177386284, 0.21656158566474915, 0.6039844155311584], [0.9134439826011658, -0.012314104475080967, -0.3084503412246704, -0.27382516860961914, 0.08909901976585388, 0.8268681764602661, -1.2142431735992432, 0.5513486266136169], [0.26407405734062195, -0.46155673265457153, 0.2789364457130432, -0.15810737013816833, 0.3861834406852722, 0.4307137727737427, -0.04737555608153343, -1.368612289428711]]}