{"step": 22, "width": 8, "height": 8, "values": [[-0.4230472147464752, 0.8200051784515381, 0.40178370475769043, -0.19207268953323364, -0.014612310566008091, 0.05503278598189354, -0.14417631924152374, -0.09700923413038254], [-0.5824270844459534, -0.46429091691970825, -0.01899215765297413, -0.5852494239807129, -0.16337119042873383, -0.050802670419216156, 0.023510873317718506, 0.5960924029350281], [0.04531512409448624, 0.13636484742164612, 0.00612605782225728, -0.9164941310882568, -0.22958335280418396, 0.7645038962364197, -0.7029725313186646, -0.10679569840431213], [0.20817676186561584, -0.13406962156295776, 0.14913329482078552, -0.242048442363739, 0.8344851136207581, 0.7385796308517456, -0.02054833248257637, -0.5173699259757996], [-0.533880352973938, 1.3107906579971313, 0.547101616859436, -0.19616003334522247, -0.015303397551178932, 0.05835932865738869, -0.14780351519584656, -0.20447686314582825], [-1.3096660375595093, -0.7908704280853271, -0.020606331527233124, -1.6132681369781494, -0.2028696984052658, -0.05111170560121536, 0.37235090136528015, 0.7577171325683594], [0.7713593244552612, 0.2883663773536682, 0.006136834621429443, -2.9745781421661377, -0.262012779712677, 1.0646413564682007, -0.9613322019577026, -0.14621059596538544], [0.21836651861667633, -0.1349659115076065, 0.2208956927061081, -0.2535230815410614, 1.2919566631317139, 2.294219493865967, -0.02359701320528984, -0.6105833649635315]]}