{"step": 15, "width": 8, "height": 8, "values": [[-0.055643774569034576, 0.7184733748435974, 0.8249841332435608, -0.43386828899383545, -0.03717423975467682, 0.03786350414156914, -0.12282420694828033, 0.11688292026519775], [-0.7415796518325806, -0.6208953261375427, 0.04175887629389763, -0.7801048755645752, -0.4238249361515045, -0.05279183387756348, -0.2463528960943222, 0.5698167681694031], [0.1846720427274704, -0.0404604971408844, 0.3908063769340515, -0.8111510872840881, 0.23338516056537628, 0.6295030117034912, -0.7176026701927185, -0.023957379162311554], [0.15714970231056213, -0.041358549147844315, 0.21905238926410675, 0.1423838883638382, 0.6643502116203308, 0.9010581970214844, -0.012778055854141712, -0.08728712052106857], [-0.0731012374162674, 1.0677417516708374, 1.2748876810073853, -0.4948807954788208, -0.03968437388539314, 0.046067316085100174, -0.130323126912117, 0.15111197531223297], [-1.7649532556533813, -0.7345485091209412, 0.04490863159298897, -1.4986964464187622, -0.8635903000831604, -0.05312419310212135, -0.3115094006061554, 0.7219557166099548], [0.6762872338294983, -0.04053019359707832, 0.4158933758735657, -1.8821470737457275, 0.26532450318336487, 0.7535237669944763, -0.9150170683860779, -0.02609754540026188], [0.1643160879611969, -0.04141966998577118, 0.39132028818130493, 0.15203852951526642, 0.9928940534591675, 2.7321066856384277, -0.014965303242206573, -0.10591652244329453]]}