{"step": 38, "width": 8, "height": 8, "values": [[-0.5739769339561462, 0.8213980197906494, 0.10842104256153107, -0.04474766179919243, 0.07057665288448334, 0.054279573261737823, -0.14461305737495422, -0.16042417287826538], [-0.48846232891082764, -0.4629901945590973, -0.09555458277463913, -0.4219437837600708, -0.35830411314964294, -0.035094913095235825, -0.31450355052948, 0.749362587928772], [0.5283110737800598, 0.21258829534053802, -0.07469741255044937, -0.8698167204856873, 0.5755215287208557, 0.5202019810676575, -0.8203859329223633, -0.11039593815803528], [0.27362069487571716, -0.3871755599975586, 0.16126631200313568, -0.3914310336112976, 0.6531466245651245, 0.6980865001678467, -0.034504424780607224, -0.5965664982795715], [-0.8803810477256775, 1.955837368965149, 0.16502615809440613, -0.0511678047478199, 0.0719338059425354, 0.06343726813793182, -0.14982925355434418, -0.25377216935157776], [-0.822751522064209, -0.5049092769622803, -0.10434285551309586, -0.8097066879272461, -0.48777633905410767, -0.03563719987869263, -0.3630601167678833, 1.1397757530212402], [1.593080759048462, 0.3009565770626068, -0.07562073320150375, -3.4465389251708984, 0.6906640529632568, 0.5837523341178894, -1.1647717952728271, -0.15208303928375244], [0.2922316789627075, -0.40892294049263, 0.20487572252750397, -0.46000534296035767, 1.1361976861953735, 3.3393077850341797, -0.03940680995583534, -1.319487452507019]]}