{"step": 28, "width": 8, "height": 8, "values": [[-0.5131630897521973, 0.8178806304931641, 0.36364078521728516, -0.13642272353172302, -0.01724349521100521, 0.07009220123291016, -0.2286631315946579, 0.0005269406246952713], [-0.4217187464237213, -0.5430957078933716, -0.041545696556568146, -0.5569477081298828, -0.5932683348655701, -0.04531578719615936, 0.017435472458600998, 0.662347674369812], [0.37498465180397034, -0.06052655726671219, 0.017667582258582115, -0.815390944480896, 0.11817104369401932, 0.5211107730865479, -0.7840986251831055, -0.030598806217312813], [0.22625838220119476, -0.2443784475326538, 0.11102554947137833, -0.27102839946746826, 0.6854425072669983, 0.7420262694358826, -0.026962125673890114, -0.821261465549469], [-0.701781690120697, 1.3877460956573486, 0.470613569021225, -0.14526398479938507, -0.017744099721312523, 0.07849720120429993, -0.23751363158226013, 0.0008865224081091583], [-0.8639567494392395, -0.6165746450424194, -0.04580803960561752, -1.3075063228607178, -0.7819375991821289, -0.04567727446556091, 0.022622648626565933, 0.876863956451416], [1.3843058347702026, -0.06999795138835907, 0.017749005928635597, -2.709327220916748, 0.16490329802036285, 0.5946994423866272, -1.1059787273406982, -0.035730473697185516], [0.23809337615966797, -0.24954654276371002, 0.14252588152885437, -0.2888426184654236, 1.0426416397094727, 1.8883583545684814, -0.03079947829246521, -1.525144338607788]]}