{"step": 42, "width": 8, "height": 8, "values": [[-0.2433231920003891, 0.8860706090927124, 0.09325827658176422, -0.27995720505714417, 0.15188078582286835, -0.06473056972026825, -0.424885094165802, -0.015656717121601105], [-0.5903170108795166, 0.29095175862312317, -0.07379748672246933, -0.18847815692424774, 0.21140965819358826, -0.03674165531992912, -0.13939623534679413, 0.6391777396202087], [0.23835419118404388, 0.1338222473859787, 0.07061708718538284, -0.5916638970375061, 0.5079265832901001, 0.7954171299934387, -0.4194358289241791, 0.3519342839717865], [0.27137431502342224, -0.4253855347633362, 0.34253957867622375, -0.261543869972229, 0.30927982926368713, 0.5693021416664124, -0.03887242451310158, -0.5709809064865112], [-0.4107474386692047, 1.9782068729400635, 0.23312833905220032, -0.31410637497901917, 0.15544678270816803, -0.07968953251838684, -0.5417894721031189, -0.027718516066670418], [-0.8041267991065979, 0.30504655838012695, -0.08349186927080154, -0.28792691230773926, 0.23125997185707092, -0.03713810071349144, -0.18559211492538452, 0.8755362033843994], [1.6663552522659302, 0.26312321424484253, 0.07914849370718002, -0.7674322128295898, 0.5751434564590454, 1.4702608585357666, -0.4582073390483856, 0.43097183108329773], [0.290118545293808, -0.45467501878738403, 0.41649767756462097, -0.2855192720890045, 0.4036061763763428, 1.2280582189559937, -0.04164240509271622, -0.8114759922027588]]}