{"step": 43, "width": 8, "height": 8, "values": [[-0.04761356860399246, 0.7820268273353577, 0.6977595686912537, -0.20761537551879883, 0.2622649073600769, -0.09102549403905869, -0.6648213267326355, -0.15690775215625763], [-0.283507764339447, 0.5454148054122925, -0.05033012107014656, -0.09064186364412308, -0.4074123501777649, -0.039865780621767044, 0.15497981011867523, 0.5285637974739075], [0.5027527809143066, 0.11445114016532898, 0.3064831495285034, -0.002637782832607627, 0.37241998314857483, 0.15356343984603882, -0.7575774192810059, 0.44266873598098755], [0.26344406604766846, -0.4181689918041229, 0.31371861696243286, -0.18447618186473846, 0.12198368459939957, 0.29346317052841187, -0.03987056389451027, -0.08427858352661133], [-0.21566295623779297, 1.9152215719223022, 0.9057701826095581, -0.22475209832191467, 0.2702973783016205, -0.13653969764709473, -0.8128488659858704, -0.16109618544578552], [-0.3104720115661621, 0.6121827363967896, -0.05374204367399216, -0.3008817136287689, -0.605937123298645, -0.041352078318595886, 0.20897716283798218, 0.741188108921051], [1.6893290281295776, 0.7729958891868591, 0.8257825374603271, -0.0034287963062524796, 0.39123642444610596, 1.8196595907211304, -1.0077999830245972, 0.4810986816883087], [0.2774322032928467, -0.4520673155784607, 0.725663959980011, -0.18909335136413574, 0.14278079569339752, 0.36491647362709045, -0.04214192554354668, -0.13841886818408966]]}