{"step": 8, "width": 8, "height": 8, "values": [[0.14661064743995667, 0.5161013603210449, -0.5187415480613708, -0.47482404112815857, -0.027293100953102112, 0.0777231752872467, -0.019627321511507034, 0.021862130612134933], [-0.387895405292511, 0.344113826751709, 0.045337218791246414, -0.5311319828033447, -0.5292288064956665, -0.03645116835832596, -0.05017855390906334, 0.08563552796840668], [0.7749024629592896, 0.1337965577840805, -0.03137059137225151, -0.5609044432640076, 0.3506470024585724, 0.16489095985889435, 0.37276023626327515, 0.18576492369174957], [-0.0005759431514889002, 0.04092555493116379, 0.2620415687561035, 0.3819774389266968, 0.4737898111343384, 0.5249248743057251, -0.005409419070929289, -0.37578779458999634], [0.17043615877628326, 0.6254006028175354, -0.6666438579559326, -0.6226248741149902, -0.02812185138463974, 0.09338557720184326, -0.02327944152057171, 0.03897349163889885], [-0.4183672070503235, 0.3725251257419586, 0.05020180344581604, -1.454781174659729, -0.6749645471572876, -0.036711566150188446, -0.05549414083361626, 0.09583351761102676], [1.9701248407363892, 0.15817375481128693, -0.0316859595477581, -0.7613017559051514, 0.4103427529335022, 0.16954505443572998, 0.3984610438346863, 0.2202797532081604], [-0.0005871650064364076, 0.041059982031583786, 0.29787418246269226, 0.41584619879722595, 0.6151193380355835, 1.1185235977172852, -0.00614516157656908, -0.4444749653339386]]}