{"step": 40, "width": 8, "height": 8, "values": [[-0.5816044211387634, 0.908288300037384, 0.051876574754714966, -0.09842246025800705, 0.07257401198148727, 0.05772995203733444, -0.16580133140087128, -0.0865667536854744], [-0.5420477986335754, -0.6273102760314941, -0.09984749555587769, -0.17222797870635986, -0.02588937059044838, -0.03391841799020767, -0.3337908089160919, 0.7471414804458618], [0.39179930090904236, 0.011830129660665989, -0.057103872299194336, -0.9057453274726868, 0.17154055833816528, 0.8315696716308594, -0.7667974829673767, -0.09502921998500824], [0.2782776951789856, -0.41527873277664185, 0.1382061243057251, -0.3894459307193756, 0.6651567816734314, 0.6074332594871521, -0.036044176667928696, -0.8609650731086731], [-0.8491486310958862, 1.9539451599121094, 0.1268427073955536, -0.10542751103639603, 0.07501832395792007, 0.06511372327804565, -0.17464523017406464, -0.12977920472621918], [-0.9040497541427612, -0.786004900932312, -0.11034104973077774, -0.32597365975379944, -0.02769397757947445, -0.034231070429086685, -0.4803723990917206, 1.0903607606887817], [1.8020633459091187, 0.019071632996201515, -0.06186307966709137, -3.7746217250823975, 0.20084774494171143, 1.2193560600280762, -1.046924352645874, -0.1005442887544632], [0.29910871386528015, -0.4422055780887604, 0.19476604461669922, -0.42026230692863464, 1.1429067850112915, 2.911318778991699, -0.04086624085903168, -1.372754693031311]]}