{"step": 1, "width": 8, "height": 8, "values": [[-0.11235181242227554, 0.14294131100177765, 0.15469218790531158, 0.29469045996665955, 0.0718807727098465, 0.06665504723787308, 0.04772307723760605, -0.2599472403526306], [-0.03228496387600899, 0.5324445366859436, 0.006220110692083836, -0.10460605472326279, -0.1238146722316742, -0.010445164516568184, -0.3117854595184326, 0.1945263296365738], [0.06140746921300888, 0.2037334144115448, -0.3020850419998169, -0.06668877601623535, -0.4019441306591034, -0.022239506244659424, -0.33247432112693787, -0.2530079185962677], [-0.021064940840005875, 0.0043626572005450726, 0.4839997887611389, -0.05009201541543007, 0.24759382009506226, -0.16310681402683258, 0.004406152293086052, 0.23988065123558044], [-0.12961140275001526, 0.16438019275665283, 0.17276868224143982, 0.32371804118156433, 0.07333496958017349, 0.0764164924621582, 0.0618894100189209, -0.38814640045166016], [-0.032994773238897324, 0.5948506593704224, 0.007553975563496351, -0.13455942273139954, -0.18058764934539795, -0.01050816010683775, -0.3228904604911804, 0.23741713166236877], [0.06868329644203186, 0.37503090500831604, -0.34531641006469727, -0.0733659490942955, -0.4406711757183075, -0.022929029539227486, -0.38149020075798035, -0.28868862986564636], [-0.02140823006629944, 0.0044120256789028645, 0.6337512731552124, -0.1153305172920227, 0.2872181534767151, -0.1816665083169937, 0.004718252923339605, 0.49463221430778503]]}