{"step": 5, "width": 8, "height": 8, "values": [[0.24441023170948029, 0.2476007640361786, -0.29750972986221313, -0.33801624178886414, -0.14061041176319122, 0.09058988094329834, 0.015849454328417778, -0.1852693259716034], [-0.42501577734947205, -0.010770600289106369, 0.03059469722211361, -0.6220405697822571, -0.1514737457036972, -0.02882886864244938, 0.13396473228931427, -0.12025229632854462], [0.676279604434967, 0.08173910528421402, -0.2696135342121124, -0.1423969566822052, 0.1654135137796402, 0.8062267899513245, -0.45547738671302795, -0.16528892517089844], [-0.08195554465055466, 0.04674164950847626, 0.28794175386428833, 0.023862557485699654, 0.3871152997016907, -0.11357264965772629, -0.0019472436979413033, 0.12868119776248932], [0.2678815424442291, 0.28961825370788574, -0.46388131380081177, -0.42210763692855835, -0.1447669118642807, 0.10384435951709747, 0.018955525010824203, -0.27297669649124146], [-0.4692750573158264, -0.011227341368794441, 0.03349198028445244, -1.070219874382019, -0.17458374798297882, -0.028948018327355385, 0.20456993579864502, -0.13606517016887665], [1.3796303272247314, 0.10420485585927963, -0.28076988458633423, -0.16500070691108704, 0.18734359741210938, 1.258801817893982, -0.5006448030471802, -0.17903076112270355], [-0.08390603959560394, 0.04693952202796936, 0.37723061442375183, 0.025258643552660942, 0.4824182689189911, -0.14035767316818237, -0.002116246148943901, 0.13431189954280853]]}