{"step": 32, "width": 8, "height": 8, "values": [[-0.5680767297744751, 0.7964965105056763, 0.16749006509780884, -0.02831920236349106, 0.003693591570481658, 0.06899827718734741, -0.2850724160671234, -0.02868865244090557], [-0.35489222407341003, -0.559378445148468, -0.06232332065701485, -0.5645267963409424, -0.4526161253452301, -0.04055679216980934, 0.17632505297660828, 0.7134031653404236], [0.34413057565689087, -0.04721534997224808, -0.058702532202005386, -0.8470211625099182, 0.14443400502204895, 0.6470762491226196, -0.816239595413208, -0.044389959424734116], [0.23883450031280518, -0.3172733187675476, 0.14355812966823578, -0.3414838910102844, 0.6946953535079956, 0.742878794670105, -0.03136619180440903, -0.8486339449882507], [-0.7836095094680786, 1.505469799041748, 0.25636130571365356, -0.030639421194791794, 0.0037565352395176888, 0.07481297850608826, -0.3054646849632263, -0.045897990465164185], [-0.6906720399856567, -0.6456763744354248, -0.0678010806441307, -1.4596847295761108, -0.5267642140388489, -0.04079977422952652, 0.25075292587280273, 0.9796412587165833], [1.4091078042984009, -0.05574443191289902, -0.05986088514328003, -2.875500440597534, 0.26292458176612854, 0.7875310182571411, -1.170218825340271, -0.051374271512031555], [0.25432130694389343, -0.32884421944618225, 0.1886139214038849, -0.36497223377227783, 1.0159293413162231, 2.0973622798919678, -0.03622294217348099, -1.576660394668579]]}