{"step": 56, "width": 8, "height": 8, "values": [[-0.0006707041757181287, 0.7603511810302734, 0.23335181176662445, 0.09560693800449371, 0.31065839529037476, 0.015640461817383766, -0.314358651638031, -0.3577781021595001], [-0.9090079665184021, -0.07312474399805069, -0.09995769709348679, -0.5830177664756775, -0.5819236040115356, -0.040385857224464417, 0.4837551712989807, 0.32529211044311523], [0.5497004985809326, 0.023037873208522797, -0.3989223837852478, -0.5991690158843994, 0.005982821341603994, 0.5695925354957581, -0.9261505603790283, 0.21742624044418335], [0.2296283096075058, -0.5021131634712219, 0.12222691625356674, -0.25131943821907043, 0.5466485023498535, 0.20174244046211243, -0.05933481082320213, -0.575189471244812], [-0.0008465308346785605, 1.4826750755310059, 0.4227668046951294, 0.10996753722429276, 0.32515081763267517, 0.016886088997125626, -0.3292592465877533, -0.5138270854949951], [-2.608248710632324, -0.07327740639448166, -0.1078316867351532, -1.3173222541809082, -0.749285876750946, -0.040612198412418365, 0.5314487218856812, 0.38142770528793335], [1.1784968376159668, 0.2033921331167221, -0.4581909477710724, -0.9217795729637146, 0.006541370879858732, 0.774568498134613, -1.814542293548584, 0.234062060713768], [0.2368391752243042, -0.5533925890922546, 0.19793955981731415, -0.27876999974250793, 0.6969514489173889, 0.26586493849754333, -0.06517770886421204, -1.1198985576629639]]}