{"step": 6, "width": 8, "height": 8, "values": [[0.1665113866329193, 0.3576229512691498, -0.37685835361480713, -0.29248955845832825, -0.11499673873186111, 0.09131920337677002, 0.0061815036460757256, -0.09066176414489746], [-0.20716498792171478, 0.129286989569664, 0.03475603461265564, -0.5808457136154175, -0.3937661051750183, -0.03030950389802456, 0.10861668735742569, -0.15026162564754486], [0.7758029103279114, 0.10824299603700638, 0.10194572061300278, -0.3001965880393982, 0.1520843505859375, 0.580906867980957, 0.15608683228492737, -0.032175417989492416], [-0.05271730571985245, 0.04640204459428787, 0.21693159639835358, 0.04138685017824173, 0.4331396818161011, 0.257278710603714, -0.0031239953823387623, -0.23348961770534515], [0.1796536147594452, 0.4064694344997406, -0.48853248357772827, -0.36650824546813965, -0.1200801283121109, 0.10679131001234055, 0.007357761263847351, -0.14046667516231537], [-0.21766094863414764, 0.13784104585647583, 0.03781380131840706, -1.1709638833999634, -0.4732009172439575, -0.03045581839978695, 0.14622516930103302, -0.17102853953838348], [1.576593279838562, 0.12998102605342865, 0.10353878140449524, -0.381072074174881, 0.1870100200176239, 0.7176093459129333, 0.16142122447490692, -0.03592346981167793], [-0.05383197218179703, 0.04653604328632355, 0.2621461749076843, 0.04370720684528351, 0.5457472205162048, 0.3379192054271698, -0.00341823254711926, -0.24802416563034058]]}