{"step": 0, "width": 8, "height": 8, "values": [[-0.06000600382685661, 0.13974781334400177, 0.2850681245326996, 0.09286421537399292, -0.07150939851999283, 0.0016971949953585863, 0.02277115173637867, -0.13511855900287628], [0.2300698459148407, 0.46517640352249146, -0.0030730601865798235, -0.025774795562028885, -0.10272222757339478, -0.0031272745691239834, 0.07039143890142441, 0.04944368824362755], [0.13063885271549225, 0.2375422865152359, -0.10195154696702957, -0.41356948018074036, -0.407777339220047, -0.00658241705968976, 0.3311752676963806, -0.04172984138131142], [0.021870121359825134, -0.0015005042077973485, 0.31400173902511597, 0.003383029019460082, 0.28083786368370056, 0.0073996372520923615, 0.003399912966415286, -0.410065621137619], [-0.06910669058561325, 0.16079948842525482, 0.3112989366054535, 0.09691759943962097, -0.07357583194971085, 0.0018131673568859696, 0.02809959277510643, -0.2427937239408493], [0.24170295894145966, 0.6063262820243835, -0.003932461142539978, -0.0376957543194294, -0.14147615432739258, -0.003142924513667822, 0.6651493310928345, 0.05603346228599548], [0.2674866020679474, 0.48630642890930176, -0.10235423594713211, -0.4750942587852478, -0.5511530041694641, -0.010691649280488491, 0.3866690695285797, -0.068686343729496], [0.02239367552101612, -0.0015107013750821352, 0.36202460527420044, 0.0038719098083674908, 0.29591867327690125, 0.008854483254253864, 0.003677483880892396, -0.5416167378425598]]}