{"step": 41, "width": 8, "height": 8, "values": [[-0.23707053065299988, 0.7402249574661255, 0.7053713202476501, -0.07277553528547287, 0.13959835469722748, -0.06968703120946884, -0.5446631908416748, -0.15923118591308594], [-0.19095614552497864, 0.25607940554618835, -0.07620441913604736, -0.03918561339378357, -0.5033255219459534, -0.035731423646211624, 0.12345647066831589, 0.6375043988227844], [0.5418763756752014, 0.19531506299972534, 0.3709607422351837, -0.18513189256191254, 0.37376314401626587, 0.5153000950813293, -0.7912521362304688, 0.3246174454689026], [0.2711736261844635, -0.41252678632736206, 0.23357699811458588, -0.2867620289325714, 0.23457831144332886, 0.6183062195777893, -0.038476377725601196, -0.29063770174980164], [-0.7107819318771362, 1.9137643575668335, 0.9207112193107605, -0.07585898786783218, 0.14128975570201874, -0.09311463683843613, -0.6126381158828735, -0.1638372540473938], [-0.23357990384101868, 0.26214537024497986, -0.08102414757013321, -0.14704163372516632, -0.770167350769043, -0.037047378718853, 0.16752766072750092, 0.9244877696037292], [1.8209354877471924, 0.6887351274490356, 0.7987390160560608, -0.23768971860408783, 0.3928053081035614, 1.6307384967803955, -1.119287371635437, 0.33893924951553345], [0.286918967962265, -0.44252899289131165, 0.7195790410041809, -0.2972995340824127, 0.2807646691799164, 1.0497212409973145, -0.04122188314795494, -0.37837329506874084]]}