{"step": 23, "width": 8, "height": 8, "values": [[-0.3186793029308319, 0.8007921576499939, 0.28956010937690735, -0.22081319987773895, -0.018414614722132683, 0.060475025326013565, -0.1589035987854004, -0.2727709710597992], [-0.812485933303833, -0.6764569878578186, -0.016138222068548203, -0.7419264912605286, -0.07021785527467728, -0.05081913247704506, -0.5956952571868896, 0.5898650288581848], [0.11751564592123032, -0.05323580652475357, -0.06261541694402695, -0.8918753862380981, -0.07053734362125397, 0.9250476956367493, -0.8179547190666199, -0.12365072220563889], [0.19506525993347168, -0.13709668815135956, 0.2099117934703827, -0.22985562682151794, 0.5925161242485046, 0.7898181676864624, -0.022582395002245903, -0.6313225626945496], [-0.3877061903476715, 1.271328091621399, 0.4864383637905121, -0.2260735034942627, -0.019435474649071693, 0.06644792854785919, -0.16260045766830444, -0.34679287672042847], [-1.4484692811965942, -0.8346498012542725, -0.017816096544265747, -1.6436046361923218, -0.09414545446634293, -0.05113846808671951, -0.7984997034072876, 0.7388083934783936], [1.0530856847763062, -0.07658937573432922, -0.07270542532205582, -2.413306474685669, -0.07127590477466583, 1.639270544052124, -1.5343601703643799, -0.1311514526605606], [0.2048017382621765, -0.13804073631763458, 0.550565779209137, -0.23932622373104095, 1.1143754720687866, 1.5747026205062866, -0.025619402527809143, -0.7626461386680603]]}