{"step": 31, "width": 8, "height": 8, "values": [[-0.4950543940067291, 0.8265863656997681, 0.2239588350057602, -0.038168348371982574, 0.0005368983838707209, 0.0717109963297844, -0.29177314043045044, -0.18208247423171997], [-0.681877076625824, -0.558632493019104, -0.05475571006536484, -0.6238855719566345, -0.010215071961283684, -0.04142684489488602, -0.6244136691093445, 0.7070724368095398], [0.1466493308544159, -0.0845416784286499, -0.06837420910596848, -0.8982439637184143, 0.19649717211723328, 0.8597797751426697, -0.7898390889167786, -0.06797380745410919], [0.24038690328598022, -0.30063730478286743, 0.23846304416656494, -0.4006580114364624, 0.5379418134689331, 0.8066206574440002, -0.030119646340608597, -0.8781405687332153], [-0.6835548877716064, 1.4656717777252197, 0.3616445064544678, -0.03850284218788147, 0.0005571721703745425, 0.07921452820301056, -0.3042008876800537, -0.23853565752506256], [-0.9768911004066467, -0.6403228640556335, -0.06304983049631119, -1.1499732732772827, -0.014221676625311375, -0.04175927862524986, -0.8111048340797424, 0.9638696908950806], [1.3967524766921997, -0.12309522181749344, -0.08171172440052032, -2.4746272563934326, 0.19973717629909515, 1.30463445186615, -1.6194854974746704, -0.0732276439666748], [0.2542082965373993, -0.3104563355445862, 0.5563074946403503, -0.429828405380249, 0.9873543977737427, 1.7689177989959717, -0.03447321057319641, -1.4880937337875366]]}