{"step": 29, "width": 8, "height": 8, "values": [[-0.5529563426971436, 0.8214590549468994, 0.3800775408744812, -0.11752277612686157, -0.0146131357178092, 0.06996707618236542, -0.22330719232559204, 0.02906249836087227], [-0.43577203154563904, -0.4920157194137573, -0.04914631322026253, -0.5209066867828369, -0.5744487643241882, -0.04372449964284897, 0.019025936722755432, 0.6932328939437866], [0.3806873857975006, -0.05182398483157158, 0.004218794405460358, -0.831515371799469, 0.16727522015571594, 0.43372443318367004, -0.7671186923980713, -0.01780872605741024], [0.23993438482284546, -0.26884204149246216, 0.1170334592461586, -0.2829374670982361, 0.6920925974845886, 0.7451877593994141, -0.027240261435508728, -0.8124387860298157], [-0.8062839508056641, 1.4525275230407715, 0.48450782895088196, -0.12554506957530975, -0.014990230090916157, 0.07903000712394714, -0.23227301239967346, 0.049948062747716904], [-0.8308045864105225, -0.5449041724205017, -0.054369837045669556, -1.202288269996643, -0.7574522495269775, -0.04412725940346718, 0.023975122720003128, 0.9473711848258972], [1.5183645486831665, -0.05992117151618004, 0.004238184075802565, -2.8780014514923096, 0.2135494500398636, 0.4782079756259918, -1.058346152305603, -0.021169060841202736], [0.2531781494617462, -0.2757551074028015, 0.14597749710083008, -0.3025069236755371, 1.0670440196990967, 2.1161091327667236, -0.031095832586288452, -1.6591684818267822]]}