{"step": 17, "width": 8, "height": 8, "values": [[-0.4163644313812256, 0.7184650301933289, 0.8741849660873413, -0.39550042152404785, -0.0292822252959013, 0.038044072687625885, -0.2078775316476822, 0.1325238049030304], [-0.5947734117507935, -0.6938220858573914, 0.02604878880083561, -0.8181679248809814, -0.3256704807281494, -0.051959000527858734, -0.2006741613149643, 0.5838062167167664], [0.12370142340660095, -0.0895116850733757, 0.3633080720901489, -0.828068196773529, 0.25056514143943787, 0.7146233320236206, -0.8039869666099548, -0.19007404148578644], [0.1761816143989563, -0.07438730448484421, 0.2059587836265564, -0.06677544862031937, 0.6702436804771423, 0.9351816177368164, -0.016526339575648308, -0.14797012507915497], [-0.5392910242080688, 1.1116102933883667, 1.4882404804229736, -0.44275063276290894, -0.03127165883779526, 0.04450129717588425, -0.22538752853870392, 0.17004533112049103], [-1.839555263519287, -0.8704456686973572, 0.027944650501012802, -2.1522140502929688, -0.6602203249931335, -0.052303001284599304, -0.2787780165672302, 0.734532356262207], [0.5276644825935364, -0.08986024558544159, 0.3851003050804138, -1.941327691078186, 0.2823999524116516, 0.9151395559310913, -1.1349626779556274, -0.21760892868041992], [0.18539221584796906, -0.07457385957241058, 0.3835095465183258, -0.0723964050412178, 0.9946506023406982, 3.024569272994995, -0.019435465335845947, -0.17407281696796417]]}