{"step": 48, "width": 8, "height": 8, "values": [[0.311083048582077, 0.8582563400268555, 0.139064222574234, -0.30251866579055786, 0.26891884207725525, -0.0665215402841568, -0.44826602935791016, 0.06607227027416229], [-0.8657351136207581, 0.37773334980010986, -0.05849660933017731, -0.6470150351524353, -0.3648645579814911, -0.04303409531712532, -0.051506444811820984, 0.4820469319820404], [0.4468279778957367, -0.00794687308371067, 0.13069048523902893, -0.33042699098587036, 0.30344054102897644, 0.0918700322508812, -0.5727887749671936, 0.4068872630596161], [0.2550910413265228, -0.4559832513332367, 0.1686195284128189, -0.20389269292354584, 0.42349159717559814, 0.2952955365180969, -0.04584607854485512, -0.6503093838691711], [0.5456123352050781, 1.8448476791381836, 0.18737918138504028, -0.3784339427947998, 0.28168803453445435, -0.0777575746178627, -0.5789725184440613, 0.10674338042736053], [-1.9226303100585938, 0.39848196506500244, -0.06491591781377792, -2.252668619155884, -0.4514006972312927, -0.043417032808065414, -0.059938136488199234, 0.5935525894165039], [1.2159913778305054, -0.010781101882457733, 0.1322881430387497, -0.4634357988834381, 0.3526972532272339, 0.12038961797952652, -0.6595525145530701, 0.5647567510604858], [0.2683207392692566, -0.4928789436817169, 0.20149096846580505, -0.22049376368522644, 0.5116642713546753, 0.4553569555282593, -0.049928270280361176, -1.9057276248931885]]}