{"step": 10, "width": 8, "height": 8, "values": [[0.18597111105918884, 0.7030774354934692, 0.0778958648443222, -0.3899644613265991, -0.030849969014525414, 0.06516196578741074, 0.014482862316071987, 0.04375430941581726], [-0.7649998068809509, 0.1678035855293274, 0.05036899447441101, -0.5129139423370361, -0.6502716541290283, -0.04514751210808754, 0.47460201382637024, 0.48132404685020447], [0.48850372433662415, 0.21830099821090698, 0.003213834948837757, -0.8262053728103638, 0.6278296709060669, -0.008445261046290398, 0.4577304720878601, 0.16937579214572906], [0.06814808398485184, 0.034297745674848557, 0.2405925691127777, 0.4187205135822296, 0.6261286735534668, 0.6522781848907471, -0.006517539266496897, -0.20336699485778809], [0.25286567211151123, 0.957414984703064, 0.08480600267648697, -0.5911951661109924, -0.032664984464645386, 0.07723050564527512, 0.014996393583714962, 0.07574384659528732], [-1.0541026592254639, 0.1764063984155655, 0.05576995760202408, -1.5091826915740967, -0.9762105345726013, -0.04561791568994522, 0.5788365602493286, 0.5988272428512573], [1.6296172142028809, 0.38391342759132385, 0.003219131613150239, -1.4043089151382446, 0.9106002449989319, -0.008921034634113312, 0.5022205114364624, 0.24135902523994446], [0.06971987336874008, 0.03445057198405266, 0.2721765637397766, 0.4633277952671051, 0.821864902973175, 1.605436086654663, -0.007777469698339701, -0.26533880829811096]]}