{"step": 24, "width": 8, "height": 8, "values": [[-0.3978840410709381, 0.7983759641647339, 0.4000944495201111, -0.19952361285686493, -0.017775624990463257, 0.061764344573020935, -0.16649246215820312, -0.14366863667964935], [-0.631555438041687, -0.633837878704071, -0.020723985508084297, -0.5662371516227722, -0.5871808528900146, -0.049473512917757034, 0.22389334440231323, 0.5920310020446777], [0.2573189437389374, -0.03065529279410839, -0.33863353729248047, -0.7997257113456726, -0.061878591775894165, 0.7158151268959045, -0.837563157081604, -0.08369272947311401], [0.1999150812625885, -0.1606900691986084, 0.11307815462350845, -0.23444536328315735, 0.7143813371658325, 0.7714958190917969, -0.023659737780690193, -0.6761499643325806], [-0.48216259479522705, 1.2733478546142578, 0.5564547181129456, -0.20511780679225922, -0.01839112676680088, 0.06660493463277817, -0.17093081772327423, -0.235850989818573], [-1.3555818796157837, -0.7495600581169128, -0.022558894008398056, -1.5123001337051392, -0.7194201946258545, -0.04973757266998291, 0.25956103205680847, 0.7388780117034912], [0.9226856231689453, -0.06770215183496475, -0.35815665125846863, -2.5161802768707275, -0.15458379685878754, 0.9556868076324463, -1.7457027435302734, -0.09226763993501663], [0.20815879106521606, -0.16214090585708618, 0.17324228584766388, -0.243504136800766, 1.1087700128555298, 1.746058702468872, -0.027025911957025528, -0.8916515111923218]]}