{"step": 30, "width": 8, "height": 8, "values": [[-0.6537679433822632, 0.8097383975982666, 0.29813146591186523, -0.0049576954916119576, 0.007383682299405336, 0.06593465805053711, -0.21848951280117035, 0.11457913368940353], [-0.3375505208969116, -0.458585649728775, -0.05947218835353851, -0.48501056432724, -0.2986522912979126, -0.0420190803706646, 0.1319374442100525, 0.7030163407325745], [0.5607179403305054, -0.08761432766914368, 0.04750168323516846, -0.8436248898506165, -0.02623051404953003, 0.43793246150016785, -0.7760811448097229, -0.07091785967350006], [0.2496001422405243, -0.2902005910873413, 0.1492442935705185, -0.39016881585121155, 0.737375020980835, 0.8174875974655151, -0.027770692482590675, -0.659777820110321], [-1.0143102407455444, 1.515602707862854, 0.354867160320282, -0.005263077095150948, 0.007558613549917936, 0.07628878206014633, -0.2531065344810486, 0.18794047832489014], [-0.7103006839752197, -0.5013930201530457, -0.066987045109272, -1.1522876024246216, -0.4074201285839081, -0.04238724336028099, 0.13884299993515015, 0.9872888326644897], [1.5358995199203491, -0.0898074060678482, 0.0477956160902977, -3.0164785385131836, -0.03288402035832405, 0.4758014380931854, -1.052603840827942, -0.08629848808050156], [0.2652090787887573, -0.2990507483482361, 0.20716136693954468, -0.44908300042152405, 1.1523346900939941, 2.4561855792999268, -0.031995680183172226, -1.4356234073638916]]}