{"step": 45, "width": 8, "height": 8, "values": [[0.24706505239009857, 0.8851437568664551, 0.16826200485229492, -0.42419350147247314, 0.25556403398513794, -0.0952005460858345, -0.5248342156410217, -0.27820828557014465], [-0.8565548062324524, 0.5474351644515991, -0.04624360427260399, -0.6334928274154663, 0.18789535760879517, -0.04397045820951462, -0.6500059366226196, 0.5134073495864868], [0.17595674097537994, -0.008868767879903316, 0.005800909362733364, -0.2362959086894989, 0.24190230667591095, 0.9349479675292969, -0.7487022876739502, 0.507834255695343], [0.251632958650589, -0.42269009351730347, 0.3556281328201294, -0.13964244723320007, 0.245144784450531, 0.2792963981628418, -0.04136383906006813, -0.7595187425613403], [0.4048578441143036, 1.8580858707427979, 0.3167080581188202, -0.4626695513725281, 0.2696676552295685, -0.10785727947950363, -0.6494665741920471, -0.34435051679611206], [-1.3521212339401245, 0.6179652214050293, -0.05437019094824791, -1.098200798034668, 0.2767867147922516, -0.04427557811141014, -0.8410823345184326, 0.6391391754150391], [1.0321241617202759, -0.020015453919768333, 0.007003997918218374, -0.2641851305961609, 0.24737976491451263, 2.17608904838562, -1.07309091091156, 0.6120931506156921], [0.26604342460632324, -0.4517590403556824, 0.6996476054191589, -0.14605948328971863, 0.3449394702911377, 0.3382309377193451, -0.04560330882668495, -1.166428804397583]]}