{"step": 33, "width": 8, "height": 8, "values": [[-0.6218316555023193, 0.7964675426483154, 0.5808311104774475, -0.023575641214847565, 0.015220235101878643, 0.06951700896024704, -0.330899715423584, -0.17881953716278076], [-0.449295312166214, -0.5496740341186523, -0.06533672660589218, -0.627105176448822, -0.21990326046943665, -0.03959903493523598, -0.3009587228298187, 0.7049717903137207], [0.5117923021316528, -0.05593650043010712, -0.024099193513393402, -0.7241109609603882, 0.18507033586502075, 0.8644723296165466, -0.9462602138519287, -0.10190138220787048], [0.23801201581954956, -0.3218885064125061, 0.12931466102600098, -0.4383496046066284, 0.5660730004310608, 0.9143783450126648, -0.032100506126880646, -0.4344653785228729], [-0.9006078243255615, 1.494814395904541, 0.8382288813591003, -0.02453012578189373, 0.01544763520359993, 0.07851605117321014, -0.3498745560646057, -0.2270301878452301], [-0.723955512046814, -0.618312418460846, -0.07192676514387131, -1.280232310295105, -0.5296704173088074, -0.039883702993392944, -0.3122100830078125, 0.9963749647140503], [0.8650602698326111, -0.059378642588853836, -0.026226874440908432, -2.482769727706909, 0.1929606795310974, 1.3573185205459595, -2.032135009765625, -0.11423205584287643], [0.24666059017181396, -0.3341709077358246, 0.3198601007461548, -0.510028064250946, 0.876314103603363, 1.9574259519577026, -0.03758096322417259, -0.6715025305747986]]}