{"step": 50, "width": 8, "height": 8, "values": [[0.39273110032081604, 0.8565539121627808, -0.016369597986340523, -0.12420334666967392, 0.29062601923942566, -0.04991532117128372, -0.30897098779678345, 0.23533524572849274], [-0.8420028686523438, 0.3080194294452667, -0.06576632708311081, -0.6224863529205322, -0.1804398149251938, -0.04141593724489212, 0.04003108665347099, 0.47334495186805725], [0.5889840126037598, -0.011739733628928661, 0.12260010093450546, -0.472377747297287, 0.11332366615533829, -0.02035575546324253, -0.34671804308891296, 0.35224902629852295], [0.25579002499580383, -0.48308852314949036, 0.22011715173721313, -0.3305738568305969, 0.5385590195655823, 0.4399573802947998, -0.048183996230363846, -0.4396277964115143], [0.6978421211242676, 1.8980339765548706, -0.0198572538793087, -0.14931388199329376, 0.30514633655548096, -0.0596444234251976, -0.5865797996520996, 0.3848479390144348], [-2.106992244720459, 0.3195641338825226, -0.07558958232402802, -2.9334442615509033, -0.2553795576095581, -0.04174620658159256, 0.04121198505163193, 0.5826387405395508], [1.1078068017959595, -0.012380210682749748, 0.12423303723335266, -0.6829065084457397, 0.13059397041797638, -0.022424543276429176, -0.3630153238773346, 0.46876341104507446], [0.2703147530555725, -0.5284383893013, 0.28803613781929016, -0.3807484209537506, 0.6691071391105652, 0.6031129360198975, -0.05369362235069275, -1.8610966205596924]]}