{"step": 52, "width": 8, "height": 8, "values": [[0.32630038261413574, 0.85002201795578, 0.1411811113357544, 0.09894996881484985, 0.2825915515422821, -0.04160911962389946, -0.40030449628829956, 0.0299319289624691], [-0.9197364449501038, 0.37841716408729553, -0.07114888727664948, -0.5888826251029968, -0.3155692219734192, -0.039735108613967896, -0.4899802803993225, 0.39734944701194763], [0.5608266592025757, -0.016072439029812813, -0.3315069377422333, -0.5430670380592346, -0.5029202103614807, -0.013750390149652958, -0.7211673855781555, 0.27368223667144775], [0.25728508830070496, -0.5039031505584717, 0.18722626566886902, -0.16421817243099213, 0.5237922668457031, 0.3818410336971283, -0.054588399827480316, -0.7466716766357422], [0.47965750098228455, 1.7640619277954102, 0.19641096889972687, 0.10534099489450455, 0.3009755611419678, -0.045592568814754486, -0.4906103312969208, 0.0455290786921978], [-2.4357664585113525, 0.3984110653400421, -0.08385451138019562, -2.712799549102783, -0.3678676187992096, -0.04006335884332657, -0.5439010262489319, 0.4750189483165741], [1.2977405786514282, -0.0477803610265255, -0.3494768440723419, -0.8097217679023743, -0.6639840602874756, -0.01703442446887493, -1.0104914903640747, 0.3553676903247833], [0.27074992656707764, -0.555191695690155, 0.24471238255500793, -0.18379579484462738, 0.6924018263816833, 0.6468182802200317, -0.059201646596193314, -2.22668194770813]]}