{"step": 53, "width": 8, "height": 8, "values": [[0.2536298930644989, 0.7606279253959656, 0.18767109513282776, 0.09972209483385086, 0.2966756522655487, -0.02324742265045643, -0.3506934344768524, -0.0495666041970253], [-0.9215380549430847, 0.17612811923027039, -0.07751961797475815, -0.6808661222457886, -0.2890135943889618, -0.03983477130532265, 0.3536822199821472, 0.3943506181240082], [0.641930341720581, -0.007287679705768824, -0.40732985734939575, -0.4814828634262085, -0.11517253518104553, 0.3448208272457123, -0.9259764552116394, 0.2323753833770752], [0.2456381618976593, -0.4996059238910675, 0.16848056018352509, -0.2442471981048584, 0.5145719051361084, 0.2648180425167084, -0.05658460408449173, -0.4072851240634918], [0.3209453523159027, 1.6747288703918457, 0.32317623496055603, 0.11703172326087952, 0.30950894951820374, -0.02552124112844467, -0.4173469841480255, -0.06569685786962509], [-2.505777359008789, 0.17800651490688324, -0.09003597497940063, -2.4037318229675293, -0.38390037417411804, -0.04004550352692604, 0.36997026205062866, 0.47789210081100464], [1.0330560207366943, -0.013668790459632874, -0.4688548743724823, -0.6467546820640564, -0.12832032144069672, 0.4044380486011505, -1.7094519138336182, 0.25524458289146423], [0.25414788722991943, -0.5518314838409424, 0.29743635654449463, -0.30534353852272034, 0.6324446201324463, 0.3434716463088989, -0.06171470135450363, -1.1785433292388916]]}