{"step": 7, "width": 8, "height": 8, "values": [[0.1416245847940445, 0.4487713873386383, -0.4731748402118683, -0.3977883756160736, -0.056916672736406326, 0.08579849451780319, -0.004342479165643454, -0.029676640406250954], [-0.24079453945159912, 0.32132139801979065, 0.03979864716529846, -0.5301520228385925, -0.45044440031051636, -0.03307609260082245, -0.18056492507457733, -0.05043561011552811], [0.8025944828987122, 0.13082541525363922, 0.0783778727054596, -0.4239775240421295, 0.23940353095531464, 0.341061532497406, 0.24382390081882477, 0.09520468860864639], [-0.024950625374913216, 0.043758638203144073, 0.2535480856895447, 0.20784501731395721, 0.43737074732780457, 0.4285706877708435, -0.004078487865626812, -0.3348839282989502], [0.1576438844203949, 0.5255061984062195, -0.6176355481147766, -0.49175742268562317, -0.05904689431190491, 0.10143616795539856, -0.005307465326040983, -0.0536959208548069], [-0.2536751925945282, 0.3501668870449066, 0.04355344548821449, -1.289829134941101, -0.5679313540458679, -0.03329527750611305, -0.20793630182743073, -0.05726665258407593], [1.8175837993621826, 0.15253129601478577, 0.07937746495008469, -0.5647568702697754, 0.27352970838546753, 0.3645130395889282, 0.25392431020736694, 0.11580750346183777], [-0.025444496423006058, 0.043883927166461945, 0.2905995547771454, 0.22154569625854492, 0.5798701643943787, 0.7430689334869385, -0.0045463209971785545, -0.37936511635780334]]}