{"step": 44, "width": 8, "height": 8, "values": [[-0.056300148367881775, 0.8583971261978149, 0.23460698127746582, -0.19943174719810486, 0.26491111516952515, -0.10612308233976364, -0.5055452585220337, -0.14359618723392487], [-0.6361371874809265, 0.6676982045173645, -0.0492117777466774, -0.3235708475112915, 0.11699475347995758, -0.0415375754237175, 0.11106645315885544, 0.5344172716140747], [0.07231006771326065, 0.07781914621591568, 0.16704778373241425, -0.5959766507148743, 0.01872716099023819, 0.45283210277557373, -0.23715825378894806, 0.35629454255104065], [0.262116402387619, -0.4259612262248993, 0.32359156012535095, -0.15796789526939392, 0.3816499412059784, 0.3116953372955322, -0.04008235037326813, -0.3702872097492218], [-0.09459325671195984, 2.0159950256347656, 0.3914356827735901, -0.2090800702571869, 0.27511805295944214, -0.11750748008489609, -0.6702503561973572, -0.260575532913208], [-0.8167340159416199, 0.9051353335380554, -0.05808543041348457, -0.5401021242141724, 0.1511390656232834, -0.04184722155332565, 0.7695585489273071, 0.6907119154930115], [1.029778003692627, 0.4430426061153412, 0.16901887953281403, -0.7382047772407532, 0.018983174115419388, 1.7694141864776611, -0.24960428476333618, 0.6204884052276611], [0.2766273319721222, -0.45605120062828064, 0.417400062084198, -0.1683364063501358, 0.413666307926178, 0.4641696512699127, -0.0426204614341259, -0.6796674728393555]]}