{"step": 16, "width": 8, "height": 8, "values": [[-0.24297676980495453, 0.720028817653656, 0.868726909160614, -0.41357356309890747, -0.03313068300485611, 0.03796934336423874, -0.16798850893974304, 0.1306251585483551], [-0.6614027619361877, -0.6648538112640381, 0.03383801132440567, -0.8159511685371399, -0.37547603249549866, -0.05241992324590683, -0.22064822912216187, 0.5793512463569641], [0.13578911125659943, -0.06532511115074158, 0.3784402012825012, -0.8218016624450684, 0.24065788090229034, 0.6629156470298767, -0.7626087665557861, -0.11817694455385208], [0.1665266901254654, -0.05839996412396431, 0.2143004983663559, 0.024750778451561928, 0.6690739989280701, 0.9266780614852905, -0.014749628491699696, -0.10131816565990448], [-0.30993470549583435, 1.0913915634155273, 1.4576748609542847, -0.4672431945800781, -0.035487715154886246, 0.04510108381509781, -0.17967961728572845, 0.1676441729068756], [-1.8178144693374634, -0.8132625222206116, 0.03632421791553497, -1.8595205545425415, -0.7583252787590027, -0.05275391414761543, -0.2982780933380127, 0.7318374514579773], [0.5586785078048706, -0.06549781560897827, 0.40217098593711853, -1.9044677019119263, 0.2735196053981781, 0.8145272731781006, -1.0204168558120728, -0.13136182725429535], [0.1748379021883011, -0.05851045623421669, 0.39356085658073425, 0.026706954464316368, 0.9911426901817322, 2.886380434036255, -0.017292076721787453, -0.12063851207494736]]}