{"step": 19, "width": 8, "height": 8, "values": [[-0.4650576710700989, 0.7582231163978577, 0.8457313776016235, -0.3727319538593292, -0.024102529510855675, 0.04071382060647011, -0.2631666958332062, 0.003626838093623519], [-0.5856375098228455, -0.7241365909576416, 0.014534191228449345, -0.8104835748672485, -0.6665437817573547, -0.05136942118406296, -0.2802354097366333, 0.5970584154129028], [0.08675729483366013, -0.09423000365495682, 0.23944835364818573, -0.6985862851142883, 0.31562134623527527, 0.8032427430152893, -0.7711184620857239, -0.14390841126441956], [0.19572371244430542, -0.10188288986682892, 0.18417654931545258, -0.16952526569366455, 0.6374048590660095, 0.9588860273361206, -0.019256357103586197, -0.11216673254966736], [-0.6465310454368591, 1.1449156999588013, 1.321993350982666, -0.4035966098308563, -0.025360409170389175, 0.044695280492305756, -0.27011385560035706, 0.004895176738500595], [-1.9453123807907104, -0.920102596282959, 0.015037384815514088, -2.322960376739502, -1.0981637239456177, -0.05177653208374977, -0.3299282193183899, 0.7554875016212463], [0.3894452452659607, -0.11297407746315002, 0.29360365867614746, -1.9208812713623047, 0.34596681594848633, 1.2281774282455444, -1.9099293947219849, -0.15794023871421814], [0.20294289290905, -0.1022816002368927, 0.3006381094455719, -0.1816384494304657, 0.9199264645576477, 2.5810608863830566, -0.022435320541262627, -0.12611649930477142]]}