{"step": 26, "width": 8, "height": 8, "values": [[-0.3364867866039276, 0.8023014068603516, 0.3204963803291321, -0.18753018975257874, -0.020736142992973328, 0.06897936761379242, -0.23230746388435364, -0.20866085588932037], [-0.7666426301002502, -0.6375583410263062, -0.027438873425126076, -0.7079863548278809, -0.165224090218544, -0.04788311943411827, -0.574616014957428, 0.6226762533187866], [0.10476955026388168, -0.07764823734760284, -0.06735100597143173, -0.8905400633811951, 0.09906259924173355, 0.8778090476989746, -0.7999970316886902, -0.06361887603998184], [0.20734143257141113, -0.19831207394599915, 0.20124183595180511, -0.26179128885269165, 0.557685136795044, 0.7478268146514893, -0.026125077158212662, -0.7970015406608582], [-0.43832945823669434, 1.297284722328186, 0.5233771204948425, -0.1912829577922821, -0.021509915590286255, 0.07673319429159164, -0.2381346970796585, -0.27783113718032837], [-1.2656633853912354, -0.7656283974647522, -0.030575962737202644, -1.3059253692626953, -0.22013473510742188, -0.048202045261859894, -0.7398290634155273, 0.7879130840301514], [1.1044094562530518, -0.10977067053318024, -0.07738737761974335, -2.2854723930358887, 0.09999563544988632, 1.37834894657135, -1.7651128768920898, -0.06657271832227707], [0.21755452454090118, -0.20109453797340393, 0.5037782788276672, -0.27033963799476624, 0.9820187091827393, 1.4639567136764526, -0.029497181996703148, -1.1626231670379639]]}