{"step": 35, "width": 8, "height": 8, "values": [[-0.6524483561515808, 0.8385515213012695, 0.20294812321662903, -0.02735026739537716, 0.035054199397563934, 0.06485157459974289, -0.30340874195098877, -0.027481572702527046], [-0.2324322909116745, -0.4732624292373657, -0.07740350812673569, -0.49324771761894226, -0.5135034918785095, -0.03783498331904411, -0.011180740781128407, 0.7282914519309998], [0.4426977336406708, 0.009787436574697495, 0.14556580781936646, -0.8297358751296997, 0.2689477503299713, 0.511999785900116, -0.7791579365730286, -0.0352015420794487], [0.24885186553001404, -0.3542413115501404, 0.12190625071525574, -0.4177027642726898, 0.6395309567451477, 0.7095955014228821, -0.034091364592313766, -0.6900278925895691], [-0.976954460144043, 1.6519850492477417, 0.2683103680610657, -0.02984766475856304, 0.035915080457925797, 0.07262294739484787, -0.32213202118873596, -0.048909060657024384], [-0.4637717604637146, -0.5235369205474854, -0.08417670428752899, -1.1996650695800781, -0.655630350112915, -0.03820190951228142, -0.013249787501990795, 1.0474224090576172], [1.2252709865570068, 0.011486805975437164, 0.1481594741344452, -3.0009639263153076, 0.3422521948814392, 0.5777876973152161, -1.0653634071350098, -0.04786666855216026], [0.2644496262073517, -0.3705260157585144, 0.15059404075145721, -0.481563001871109, 0.972130298614502, 2.691627264022827, -0.03911921754479408, -1.1262904405593872]]}