{"step": 39, "width": 8, "height": 8, "values": [[-0.6142601370811462, 0.8401779532432556, 0.21630693972110748, -0.051323384046554565, 0.0760444775223732, 0.053820837289094925, -0.14825552701950073, -0.2419971376657486], [-0.7151064872741699, -0.5011690855026245, -0.09369399398565292, -0.28842127323150635, -0.5458549857139587, -0.034503400325775146, 0.14166691899299622, 0.7713354229927063], [0.46898341178894043, 0.04183991625905037, -0.33724284172058105, -0.8964368104934692, 0.09102606028318405, 0.729109525680542, -0.9172394871711731, -0.11202572286128998], [0.27990254759788513, -0.3973608911037445, 0.11928458511829376, -0.40105438232421875, 0.6647592186927795, 0.7163993120193481, -0.03503761440515518, -0.6462260484695435], [-0.9179970622062683, 1.9311741590499878, 0.4321019649505615, -0.05409937724471092, 0.07695525139570236, 0.06119454652070999, -0.15267330408096313, -0.3823932409286499], [-1.1290652751922607, -0.551105797290802, -0.10511312633752823, -0.5714027285575867, -0.7180973887443542, -0.03483588248491287, 0.14829868078231812, 1.1442127227783203], [1.5680561065673828, 0.17552070319652557, -0.36011624336242676, -3.347902536392212, 0.10763789713382721, 0.9623139500617981, -1.6826145648956299, -0.13467149436473846], [0.29419878125190735, -0.4207589626312256, 0.1753731667995453, -0.43276843428611755, 1.1365406513214111, 3.434767961502075, -0.039948273450136185, -1.2050540447235107]]}