{"step": 14, "width": 8, "height": 8, "values": [[0.14774075150489807, 0.7320526242256165, 0.6758023500442505, -0.44638434052467346, -0.04231782257556915, 0.03877050429582596, -0.0648675337433815, 0.09143054485321045], [-0.7932457327842712, -0.5628305077552795, 0.04849134385585785, -0.6927842497825623, -0.4791460633277893, -0.05315437540411949, -0.26613283157348633, 0.558523416519165], [0.3781850337982178, -0.012910156510770321, 0.39432498812675476, -0.8183464407920837, 0.2002251148223877, 0.5988450646400452, -0.6463518142700195, 0.07868031412363052], [0.14664322137832642, -0.023708567023277283, 0.19223244488239288, 0.27459728717803955, 0.6681502461433411, 0.8814003467559814, -0.010599670931696892, -0.18907907605171204], [0.19542698562145233, 1.0390366315841675, 0.8906955718994141, -0.5214172601699829, -0.04466692730784416, 0.04758107289671898, -0.06756909191608429, 0.11516885459423065], [-1.6795148849487305, -0.644473135471344, 0.053589776158332825, -1.1006641387939453, -0.9422310590744019, -0.0534336231648922, -0.30885428190231323, 0.6958001852035522], [0.9424160122871399, -0.01293232012540102, 0.41938406229019165, -1.9144190549850464, 0.2539447844028473, 0.698136568069458, -0.7757247090339661, 0.08295290172100067], [0.15291300415992737, -0.02374403551220894, 0.3557596504688263, 0.29286208748817444, 1.012938141822815, 2.5576019287109375, -0.01244970504194498, -0.2255009561777115]]}