{"step": 9, "width": 8, "height": 8, "values": [[0.1981322467327118, 0.6356756091117859, -0.30451878905296326, -0.33370786905288696, 0.023775916546583176, 0.07285807281732559, -0.009855207987129688, 0.07370410114526749], [-0.5809874534606934, 0.2133069634437561, 0.053910233080387115, -0.5661606788635254, -0.7212514877319336, -0.04167434573173523, -0.07561476528644562, 0.38000765442848206], [0.825886607170105, 0.1959308385848999, 0.1531657576560974, -0.5814690589904785, 0.5050243139266968, 0.004706536419689655, 0.4685952067375183, 0.22936905920505524], [0.049653273075819016, 0.0412413589656353, 0.27988216280937195, 0.3570244312286377, 0.5241575837135315, 0.6990367770195007, -0.005944260861724615, -0.1812649369239807], [0.26227250695228577, 0.8062402606010437, -0.3319355547428131, -0.47141438722610474, 0.024369841441512108, 0.0881192535161972, -0.01030174270272255, 0.13216978311538696], [-0.6819894313812256, 0.2217271327972412, 0.057997506111860275, -1.5715864896774292, -1.0724399089813232, -0.042021289467811584, -0.07946155220270157, 0.45799335837364197], [1.7909656763076782, 0.2959734797477722, 0.16157203912734985, -0.9261404871940613, 0.6151322722434998, 0.00487360917031765, 0.5207049250602722, 0.2527376711368561], [0.05033189058303833, 0.041486117988824844, 0.31062689423561096, 0.3946179151535034, 0.6623192429542542, 1.2323638200759888, -0.006994036026299, -0.2185143679380417]]}