{"step": 37, "width": 8, "height": 8, "values": [[-0.6255896091461182, 0.8577133417129517, 0.3287038207054138, -0.027579031884670258, 0.05765792727470398, 0.061288245022296906, -0.14644688367843628, -0.045222312211990356], [-0.37532517313957214, -0.5176123976707458, -0.09216633439064026, -0.36032846570014954, -0.40899431705474854, -0.0360507033765316, 0.48034799098968506, 0.7482672929763794], [0.2737686038017273, 0.16074378788471222, 0.11331962049007416, -0.8964322209358215, 0.5606794357299805, 0.33219221234321594, -0.7128527164459229, -0.047645289450883865], [0.26674002408981323, -0.3740478754043579, 0.1226891279220581, -0.44786757230758667, 0.7339890003204346, 0.6672537326812744, -0.034077081829309464, -0.5658771395683289], [-0.9899938106536865, 1.9364063739776611, 0.46105146408081055, -0.03315505385398865, 0.0593864731490612, 0.06814630329608917, -0.14960706233978271, -0.08023224025964737], [-0.6821089386940002, -0.585945725440979, -0.09894896298646927, -0.9677203297615051, -0.5430713891983032, -0.03653575852513313, 0.6325775980949402, 1.1201224327087402], [1.2778457403182983, 0.27773362398147583, 0.11405456811189651, -3.497321367263794, 0.8563446998596191, 0.36318594217300415, -0.9114971160888672, -0.09493670612573624], [0.282724529504776, -0.39349880814552307, 0.14870545268058777, -0.5131283402442932, 1.108819603919983, 3.22930908203125, -0.03941195085644722, -1.0282342433929443]]}