{"step": 47, "width": 8, "height": 8, "values": [[0.3075895607471466, 0.8687162399291992, 0.17119024693965912, -0.3170420229434967, 0.26376211643218994, -0.07604662328958511, -0.47908735275268555, -0.01711704023182392], [-0.8355365991592407, 0.3991549015045166, -0.05457395687699318, -0.6403174996376038, -0.3590161204338074, -0.043553903698921204, 0.019664078950881958, 0.48641201853752136], [0.44625234603881836, -0.012467770837247372, 0.14973565936088562, -0.2547074556350708, 0.1773911714553833, 0.23541761934757233, -0.6788079142570496, 0.4223538935184479], [0.2536771297454834, -0.4432145357131958, 0.15788917243480682, -0.2042306363582611, 0.3849831819534302, 0.29375624656677246, -0.044784627854824066, -0.7333472371101379], [0.4673895537853241, 1.8280494213104248, 0.24662669003009796, -0.3983452320098877, 0.27776074409484863, -0.08766350895166397, -0.6036377549171448, -0.024819575250148773], [-1.6889444589614868, 0.42379507422447205, -0.06090310215950012, -1.8740599155426025, -0.43240687251091003, -0.04388650134205818, 0.02295205369591713, 0.5969019532203674], [1.1187586784362793, -0.017755061388015747, 0.1516827791929245, -0.340055912733078, 0.2115131914615631, 0.32403647899627686, -0.8387212157249451, 0.5527097582817078], [0.26666250824928284, -0.4768078625202179, 0.19835998117923737, -0.22305963933467865, 0.4563283622264862, 0.45007458329200745, -0.04859841614961624, -1.6890100240707397]]}