{"step": 2, "width": 8, "height": 8, "values": [[-0.23464202880859375, 0.2731248140335083, -0.07908569276332855, 0.16957099735736847, -0.03273862227797508, 0.11699403822422028, 0.046944618225097656, -0.2760244607925415], [0.28072449564933777, 0.32407668232917786, 0.006492285057902336, -0.09867000579833984, 0.1794939637184143, -0.011802149005234241, 0.09660997241735458, 0.14987292885780334], [0.18428902328014374, 0.15903009474277496, -0.20495812594890594, -0.6831165552139282, -0.1859736442565918, 0.09143751114606857, 0.4043418765068054, -0.24976250529289246], [-0.022985203191637993, 0.009263567626476288, 0.4223128855228424, -0.07407428324222565, 0.46543118357658386, -0.2147161215543747, 0.006147087085992098, -0.40024569630622864], [-0.26222625374794006, 0.3285667896270752, -0.09766753762960434, 0.17946594953536987, -0.03364355489611626, 0.1256139725446701, 0.0765845999121666, -0.40452897548675537], [0.2916845977306366, 0.8190659284591675, 0.008887086063623428, -0.15379542112350464, 0.23022325336933136, -0.01185197290033102, 0.5391722917556763, 0.1702922284603119], [0.671699047088623, 0.5603464245796204, -0.20855563879013062, -0.8589304089546204, -0.19496621191501617, 0.10513714700937271, 0.4958246350288391, -0.3047455847263336], [-0.023781176656484604, 0.009305252693593502, 0.5640130639076233, -0.08884000033140182, 0.5159477591514587, -0.2604122757911682, 0.006558337714523077, -0.4406075179576874]]}