{"step": 54, "width": 8, "height": 8, "values": [[0.1262555718421936, 0.8135299682617188, 0.3576063811779022, 0.12767869234085083, 0.2930014133453369, -0.007082573603838682, -0.32624199986457825, -0.21616634726524353], [-0.8751963376998901, 0.19880598783493042, -0.08827263116836548, -0.5291950106620789, -0.16446629166603088, -0.0398082472383976, 0.2140827178955078, 0.3309541642665863], [0.3520386517047882, 0.13689486682415009, 0.008342458866536617, -0.6938800811767578, -0.20042559504508972, 0.1858210414648056, -0.6806682348251343, 0.13940581679344177], [0.24648530781269073, -0.5038410425186157, 0.07872479408979416, -0.27205410599708557, 0.6320620179176331, 0.2731344997882843, -0.05749732255935669, -0.6466655135154724], [0.14938662946224213, 1.7422386407852173, 0.5899693369865417, 0.14339914917945862, 0.312037855386734, -0.007502746768295765, -0.37122586369514465, -0.31229814887046814], [-2.431154727935791, 0.20295605063438416, -0.10181938856840134, -1.730069875717163, -0.2370384782552719, -0.040035348385572433, 0.6311373114585876, 0.38989123702049255], [1.1705152988433838, 0.2846989333629608, 0.00834374874830246, -1.0991685390472412, -0.2780943512916565, 0.3617805242538452, -0.8355261087417603, 0.2640025019645691], [0.25648272037506104, -0.5552971959114075, 0.12254007905721664, -0.29966142773628235, 0.7724459767341614, 0.46579599380493164, -0.06316705793142319, -1.3483704328536987]]}