{"step": 57, "width": 8, "height": 8, "values": [[-0.0573914609849453, 0.8372692465782166, 0.17035412788391113, 0.0636526495218277, 0.30860286951065063, 0.023177750408649445, -0.25759804248809814, -0.3252727687358856], [-0.767158567905426, -0.229844868183136, -0.10707560926675797, -0.45568424463272095, -0.38753703236579895, -0.04006173461675644, 0.46687278151512146, 0.3303726315498352], [0.39415431022644043, 0.19675485789775848, 0.14988736808300018, -0.7305248379707336, 0.2723724842071533, 0.2759462594985962, -0.753385066986084, 0.18210086226463318], [0.2285919487476349, -0.5092511773109436, 0.08884432166814804, -0.2546078562736511, 0.6277872323989868, 0.3048819303512573, -0.0590120367705822, -0.628494918346405], [-0.06977857649326324, 1.6008358001708984, 0.2872059941291809, 0.09099704027175903, 0.3357447385787964, 0.025286803022027016, -0.268035888671875, -0.4786171317100525], [-2.429914712905884, -0.23669488728046417, -0.115613654255867, -0.9832950234413147, -0.4961754083633423, -0.04035382717847824, 0.5556730628013611, 0.3922514319419861], [1.2076414823532104, 0.4517950117588043, 0.15117229521274567, -1.2212780714035034, 0.3985077142715454, 0.3571578562259674, -0.99298095703125, 0.26686856150627136], [0.23827910423278809, -0.5627478361129761, 0.12553411722183228, -0.282428115606308, 0.8228839635848999, 0.5729111433029175, -0.06564981490373611, -1.181334376335144]]}