{"step": 27, "width": 8, "height": 8, "values": [[-0.4423213005065918, 0.7961018681526184, 0.34701552987098694, -0.15748851001262665, -0.020171523094177246, 0.06992315500974655, -0.22841529548168182, -0.040545325726270676], [-0.48196303844451904, -0.596928060054779, -0.03375070542097092, -0.5906106233596802, -0.5517102479934692, -0.04679735749959946, 0.056122466921806335, 0.632790207862854], [0.2659536898136139, -0.06393861770629883, -0.10356082767248154, -0.8169272541999817, 0.07134701311588287, 0.6431514024734497, -0.8132337927818298, -0.046688660979270935], [0.21183578670024872, -0.22009065747261047, 0.12633614242076874, -0.24453072249889374, 0.6985080242156982, 0.7681639194488525, -0.026443438604474068, -0.8228888511657715], [-0.5817822813987732, 1.3267613649368286, 0.4727349579334259, -0.166966050863266, -0.02062566764652729, 0.07663190364837646, -0.23958691954612732, -0.06467747688293457], [-1.027085542678833, -0.6991521120071411, -0.036845218390226364, -1.4666515588760376, -0.681693971157074, -0.047064680606126785, 0.09557840973138809, 0.8086751699447632], [1.179286003112793, -0.07471327483654022, -0.10467781871557236, -2.5594115257263184, 0.142181396484375, 0.7938964366912842, -1.1884739398956299, -0.05159469321370125], [0.22275492548942566, -0.22385326027870178, 0.1686760038137436, -0.2549422085285187, 1.0142234563827515, 1.639384150505066, -0.03046482801437378, -1.3629884719848633]]}