{"step": 55, "width": 8, "height": 8, "values": [[0.029872233048081398, 0.7833577990531921, 0.21810002624988556, 0.10317806899547577, 0.3032034933567047, -0.0005765926325693727, -0.3256682753562927, -0.3858203887939453], [-0.9185560941696167, 0.11917723715305328, -0.09266356378793716, -0.6215201020240784, -0.3381286859512329, -0.03986162319779396, -0.5082756280899048, 0.3072527348995209], [0.5199621915817261, 0.05113169178366661, -0.3434203565120697, -0.6390910148620605, -0.2929668724536896, 0.4219311773777008, -0.88286292552948, 0.1976577490568161], [0.24028527736663818, -0.5059275031089783, 0.12159021943807602, -0.2175036370754242, 0.4994296431541443, 0.2574596703052521, -0.05919073522090912, -0.5606195330619812], [0.03673291206359863, 1.5348119735717773, 0.5110061764717102, 0.11265946924686432, 0.32123011350631714, -0.0006416425458155572, -0.36356616020202637, -0.5811048746109009], [-2.714895486831665, 0.11976540833711624, -0.10501749068498611, -1.3889631032943726, -0.4209451377391815, -0.04018830135464668, -0.5682882070541382, 0.36216071248054504], [1.3544920682907104, 0.21511691808700562, -0.36287036538124084, -0.9523122310638428, -0.3275306820869446, 0.5121313333511353, -1.4338842630386353, 0.25480321049690247], [0.25014281272888184, -0.5579737424850464, 0.1845884621143341, -0.24827812612056732, 0.7158424854278564, 0.4774283170700073, -0.06403082609176636, -1.4612793922424316]]}