{"step": 12, "width": 8, "height": 8, "values": [[0.29761409759521484, 0.6829164028167725, 0.37015390396118164, -0.4931926429271698, -0.0319172628223896, 0.03550686687231064, 0.0062447721138596535, -0.08437871187925339], [-0.9328988194465637, -0.2612660527229309, 0.05963525548577309, -0.6584544777870178, -0.8028626441955566, -0.052999917417764664, 0.2560463845729828, 0.5836797952651978], [0.4016459584236145, 0.05126747116446495, -0.4759692847728729, -0.8425171971321106, 0.35288211703300476, 0.3929099142551422, -0.7237514853477478, 0.08975788950920105], [0.11832107603549957, 0.023055382072925568, 0.16801214218139648, 0.43140724301338196, 0.6569599509239197, 0.7691034078598022, -0.007600349374115467, -0.07226235419511795], [0.4102228283882141, 0.9107848405838013, 0.4790397584438324, -0.6015776991844177, -0.03279182314872742, 0.04396480321884155, 0.0063369679264724255, -0.12517468631267548], [-1.8140026330947876, -0.2676127552986145, 0.0677051842212677, -1.2183926105499268, -1.306222915649414, -0.053389083594083786, 0.2719997465610504, 0.7283333539962769], [1.3140379190444946, 0.19068415462970734, -0.527978241443634, -1.5138331651687622, 0.4325931668281555, 0.42694833874702454, -0.9442442655563354, 0.0964655950665474], [0.12097876518964767, 0.023094868287444115, 0.23136380314826965, 0.4675138294696808, 0.9788605570793152, 2.0594701766967773, -0.008714455179870129, -0.09627611190080643]]}