{"step": 11, "width": 8, "height": 8, "values": [[0.31566959619522095, 0.6858450174331665, -0.011957505717873573, -0.46738359332084656, -0.029142329469323158, 0.04721883684396744, 0.010946698486804962, -0.012327366508543491], [-0.8478104472160339, 0.04598734900355339, 0.05463233217597008, -0.6927226781845093, -0.6295819878578186, -0.050311535596847534, -0.41301947832107544, 0.5556772947311401], [0.5899534821510315, 0.26828810572624207, -0.17590680718421936, -0.8157505393028259, 0.6854123473167419, -0.020556941628456116, -0.3169718086719513, 0.08961327373981476], [0.10462654381990433, 0.027429889887571335, 0.25370287895202637, 0.43779826164245605, 0.599471926689148, 0.7221433520317078, -0.006719865836203098, -0.2428942769765854], [0.488754540681839, 0.9245023131370544, -0.013527401722967625, -0.6543208360671997, -0.030644364655017853, 0.06060250103473663, 0.01132311299443245, -0.018276413902640343], [-1.3546621799468994, 0.04659515246748924, 0.06050903722643852, -1.3798028230667114, -0.9480735063552856, -0.05092604085803032, -0.47735199332237244, 0.7270660996437073], [1.5564242601394653, 0.36811742186546326, -0.17905834317207336, -1.4569814205169678, 0.8742073774337769, -0.02079235576093197, -0.32921546697616577, 0.10236053168773651], [0.10815253853797913, 0.027525460347533226, 0.30101993680000305, 0.504759669303894, 0.9175423383712769, 1.817371129989624, -0.00785333476960659, -0.3536609411239624]]}