{"step": 25, "width": 8, "height": 8, "values": [[-0.4961196780204773, 0.8090391159057617, 0.40362828969955444, -0.17100292444229126, -0.016009952872991562, 0.06543483585119247, -0.16713254153728485, -0.08764572441577911], [-0.46018916368484497, -0.5781395435333252, -0.03035643696784973, -0.5553996562957764, -0.5778539180755615, -0.0482625886797905, -0.07716035842895508, 0.6223092675209045], [0.37947866320610046, -0.08443889766931534, 0.10786911100149155, -0.8138745427131653, -0.05019129440188408, 0.5375932455062866, -0.8475280404090881, -0.06838599592447281], [0.21612603962421417, -0.1861194670200348, 0.09631536155939102, -0.25915786623954773, 0.7120193243026733, 0.731940507888794, -0.02417800948023796, -0.7634392976760864], [-0.6420827507972717, 1.3256877660751343, 0.5291341543197632, -0.18297846615314484, -0.016733109951019287, 0.07301449775695801, -0.17171801626682281, -0.13624054193496704], [-1.025275707244873, -0.6686563491821289, -0.033118415623903275, -1.2250993251800537, -0.7567489743232727, -0.04863943159580231, -0.1014370545744896, 0.8035114407539368], [1.2206318378448486, -0.09804309159517288, 0.1087094321846962, -2.6348044872283936, -0.07263344526290894, 0.617692768573761, -1.3243072032928467, -0.0777544379234314], [0.22712785005569458, -0.18839487433433533, 0.13010047376155853, -0.27894070744514465, 1.1302344799041748, 1.9981753826141357, -0.027328524738550186, -1.1585733890533447]]}