{"step": 13, "width": 8, "height": 8, "values": [[0.362244188785553, 0.7516142129898071, 0.23990599811077118, -0.46853122115135193, -0.04432341828942299, 0.03836926817893982, -0.020161107182502747, 0.03678513690829277], [-0.8602566123008728, -0.46132490038871765, 0.05572906509041786, -0.5250415802001953, -0.6735637187957764, -0.053226538002491, -0.1935068517923355, 0.5269899964332581], [0.25507110357284546, 0.020126018673181534, -0.03519804775714874, -0.8984314799308777, 0.205602765083313, 0.5332915782928467, -0.49267351627349854, 0.15073810517787933], [0.13548199832439423, -0.00036363600520417094, 0.1490553468465805, 0.41725534200668335, 0.6739296913146973, 0.7556887269020081, -0.008254412561655045, -0.5053136348724365], [0.5130041837692261, 1.008859395980835, 0.3270418643951416, -0.5616436004638672, -0.048910025507211685, 0.047161929309368134, -0.020383160561323166, 0.05555685982108116], [-1.6588001251220703, -0.5453919172286987, 0.06154375895857811, -0.7567152380943298, -0.8604971766471863, -0.053556397557258606, -0.3006879389286041, 0.64029461145401], [1.385854721069336, 0.031246157363057137, -0.03699937462806702, -2.0871520042419434, 0.24759042263031006, 0.6051011085510254, -0.5544885396957397, 0.15470057725906372], [0.14132922887802124, -0.00036401598481461406, 0.20625023543834686, 0.4519800543785095, 1.0490944385528564, 2.2680742740631104, -0.009470741264522076, -0.5724986791610718]]}