{"step": 49, "width": 8, "height": 8, "values": [[0.3495994210243225, 0.8649056553840637, 0.12008225917816162, -0.28413164615631104, 0.2688792943954468, -0.059098612517118454, -0.44318124651908875, 0.13083040714263916], [-0.8857457041740417, 0.33188068866729736, -0.061581775546073914, -0.6436296701431274, -0.37705233693122864, -0.0424421988427639, -0.05896197259426117, 0.47121354937553406], [0.4647912085056305, -0.00048098902334459126, 0.10206420719623566, -0.4338124990463257, 0.3758906424045563, 0.016289671882987022, -0.4766811430454254, 0.41591307520866394], [0.25627943873405457, -0.46989279985427856, 0.17822429537773132, -0.17398908734321594, 0.4647759199142456, 0.3303374648094177, -0.04686823487281799, -0.6439583897590637], [0.6557345390319824, 1.8670014142990112, 0.154127299785614, -0.36126455664634705, 0.28152671456336975, -0.06901571899652481, -0.5625648498535156, 0.21274080872535706], [-2.1265153884887695, 0.3460286557674408, -0.06904744356870651, -2.603652238845825, -0.4692034125328064, -0.04283108934760094, -0.06892170757055283, 0.5720171332359314], [1.280096411705017, -0.0006713586626574397, 0.10318407416343689, -0.6198107600212097, 0.4482066035270691, 0.020963212475180626, -0.5242889523506165, 0.5661179423332214], [0.2700026333332062, -0.5107004642486572, 0.21172405779361725, -0.18607763946056366, 0.5679149031639099, 0.48220837116241455, -0.05142717808485031, -2.0875332355499268]]}