{"step": 58, "width": 8, "height": 8, "values": [[0.019813790917396545, 0.430702805519104, 0.16852040588855743, 0.00015326350694522262, 0.33025461435317993, 0.0005144617171026766, 0.31289947032928467, -0.6692487001419067], [-0.2504761517047882, 0.6760377287864685, -0.12472757697105408, -0.011820013634860516, -0.49346300959587097, -0.03978119418025017, 0.6402456760406494, 0.2157779484987259], [0.8437433838844299, 0.7765411138534546, 0.7495173215866089, -0.3962385952472687, 0.5026392340660095, 0.6487120389938354, -0.796720027923584, 0.5420820713043213], [0.24475201964378357, -0.5156636238098145, 0.45980873703956604, -0.1291104406118393, 0.1620417982339859, 0.02332020364701748, -0.06073157489299774, -0.1876607984304428], [0.1365460604429245, 1.4227991104125977, 0.3356234133243561, 0.00048351523582823575, 0.3796977698802948, 0.0028446612413972616, 0.32685157656669617, -0.8951215147972107], [-0.8050960898399353, 0.8224676847457886, -0.12875699996948242, -0.1426336169242859, -0.887712836265564, -0.03994142636656761, 0.7693339586257935, 0.3830373287200928], [2.0125648975372314, 1.039245843887329, 0.9966700077056885, -0.518342137336731, 0.5528936982154846, 0.9521828889846802, -1.092329740524292, 0.7770937085151672], [0.2596219778060913, -0.5707566142082214, 0.7035631537437439, -0.1364976018667221, 0.29453855752944946, 0.48754823207855225, -0.06275147944688797, -1.17625892162323]]}