{"step": 20, "width": 8, "height": 8, "values": [[-0.40136009454727173, 0.7698241472244263, 0.8213178515434265, -0.3548484742641449, -0.023188233375549316, 0.04125358909368515, -0.27051669359207153, -0.03959767147898674], [-0.5770161747932434, -0.7286317348480225, 0.010254050604999065, -0.7995712161064148, -0.7391360998153687, -0.051372259855270386, -0.24375569820404053, 0.6166188716888428], [0.07036054879426956, -0.09101541340351105, 0.24666766822338104, -0.7073448300361633, 0.34730854630470276, 0.7922691106796265, -0.7899092435836792, -0.08390959352254868], [0.19921298325061798, -0.11685919761657715, 0.15447737276554108, -0.20386284589767456, 0.6099207997322083, 0.9421945214271545, -0.020367229357361794, -0.030980853363871574], [-0.5542256236076355, 1.1654853820800781, 1.2403249740600586, -0.38382333517074585, -0.02425023913383484, 0.0453113317489624, -0.2778185307979584, -0.053830552846193314], [-2.056410312652588, -0.9294026494026184, 0.010625558905303478, -2.2515218257904053, -1.3845064640045166, -0.05173762887716293, -0.2809033989906311, 0.7853838205337524], [0.2920266091823578, -0.11253011226654053, 0.29840248823165894, -1.889268398284912, 0.3911534547805786, 1.2173455953598022, -2.404287576675415, -0.09000281989574432], [0.20665273070335388, -0.11743909865617752, 0.26346904039382935, -0.2181195169687271, 0.8533910512924194, 2.150703191757202, -0.02347070910036564, -0.03500141203403473]]}