{"step": 3, "width": 8, "height": 8, "values": [[0.10171889513731003, 0.22015224397182465, -0.2031065821647644, -0.4485674798488617, -0.1306535303592682, 0.09005846083164215, 0.036949481815099716, -0.35931795835494995], [-0.13946916162967682, 0.17611801624298096, 0.015836970880627632, -0.34474265575408936, 0.22817163169384003, -0.02571164444088936, -0.6872532367706299, -0.003392585087567568], [0.44345059990882874, -0.10144752264022827, -0.31950974464416504, -0.18461808562278748, 0.06011885032057762, 0.7564642429351807, -0.487677663564682, -0.257217139005661], [-0.0548066608607769, 0.02145848609507084, 0.4741933047771454, 0.004501595161855221, 0.2859979271888733, 0.07755783200263977, 0.004386884160339832, 0.08369198441505432], [0.11393634974956512, 0.2415880709886551, -0.288007527589798, -0.4929026663303375, -0.13542723655700684, 0.10200206190347672, 0.04062632471323013, -0.45423001050949097], [-0.14133255183696747, 0.18931153416633606, 0.022747857496142387, -0.45367431640625, 0.3446202874183655, -0.025852151215076447, -0.8837998509407043, -0.0037402231246232986], [1.016133427619934, -0.1817193329334259, -0.4050862491130829, -0.1934201568365097, 0.0603182390332222, 0.9957132935523987, -0.7016826868057251, -0.2737002670764923], [-0.05673164501786232, 0.021534161642193794, 0.8497018814086914, 0.004744193982332945, 0.44404172897338867, 0.0834059789776802, 0.004836291074752808, 0.08574178814888]]}