{"step": 36, "width": 8, "height": 8, "values": [[-0.6017389893531799, 0.845005452632904, 0.3138749599456787, -0.017713207751512527, 0.05341498926281929, 0.06254273653030396, -0.20525625348091125, 0.027500400319695473], [-0.30885210633277893, -0.5402033925056458, -0.08631408959627151, -0.46298035979270935, -0.6157134175300598, -0.03718148544430733, 0.1480918973684311, 0.7517616748809814], [0.581002414226532, 0.08837760239839554, 0.20754744112491608, -0.7614220380783081, 0.4849211275577545, 0.5007311105728149, -0.7540317177772522, -0.05091782659292221], [0.2637813091278076, -0.3635318875312805, 0.14910933375358582, -0.4570939540863037, 0.6827651262283325, 0.8338090181350708, -0.033928465098142624, -0.5848448276519775], [-0.9652614593505859, 1.7909501791000366, 0.3830726742744446, -0.020937025547027588, 0.05409074202179909, 0.07004774361848831, -0.21104298532009125, 0.05087418481707573], [-0.5429574251174927, -0.6115291118621826, -0.09181375056505203, -1.1943570375442505, -0.8447637557983398, -0.0375838428735733, 0.1615285575389862, 1.1365972757339478], [1.3254162073135376, 0.1269804686307907, 0.22312338650226593, -3.2097625732421875, 0.6156163215637207, 0.5742255449295044, -1.0145010948181152, -0.06039943918585777], [0.2767584025859833, -0.38142621517181396, 0.17297527194023132, -0.5565385818481445, 0.9975790977478027, 2.8268895149230957, -0.03936072066426277, -0.988750159740448]]}