{"step": 4, "width": 8, "height": 8, "values": [[0.3197169005870819, 0.21635702252388, -0.16579841077327728, -0.44686976075172424, -0.14737282693386078, 0.09296151995658875, 0.02086075022816658, -0.22392648458480835], [-0.4555608332157135, -0.07269908487796783, 0.02594940736889839, -0.5834482908248901, 0.25594794750213623, -0.027736438438296318, -0.2576257586479187, -0.08086255192756653], [0.27632778882980347, -0.037023019045591354, -0.18788309395313263, -0.04367361217737198, 0.11101195961236954, 0.9266002774238586, -0.4900917112827301, -0.22652950882911682], [-0.0776342898607254, 0.0381203219294548, 0.34727054834365845, 0.010712088085711002, 0.31167566776275635, -0.11193707585334778, -0.0006190844578668475, 0.20826077461242676], [0.3686176836490631, 0.236100435256958, -0.24078451097011566, -0.4896087944507599, -0.15212230384349823, 0.10470221191644669, 0.02234261855483055, -0.27728980779647827], [-0.4952339231967926, -0.0767957791686058, 0.030695952475070953, -0.8644183874130249, 0.3283780813217163, -0.027818625792860985, -0.33491626381874084, -0.08658739924430847], [1.0909987688064575, -0.061798516660928726, -0.2508610486984253, -0.04627267271280289, 0.1122908890247345, 1.7389590740203857, -1.090119481086731, -0.23401637375354767], [-0.07964758574962616, 0.03822647035121918, 0.7693795561790466, 0.010780696757137775, 0.40948575735092163, -0.12249793857336044, -0.0006728579173795879, 0.21288083493709564]]}