{"step": 34, "width": 8, "height": 8, "values": [[-0.6449499130249023, 0.7844440340995789, 0.30347946286201477, -0.01858551800251007, 0.02121857739984989, 0.06898307055234909, -0.31603774428367615, -0.04211052879691124], [-0.2800388038158417, -0.548995852470398, -0.07226483523845673, -0.5278249382972717, -0.5180671215057373, -0.03890287131071091, 0.24698691070079803, 0.7202461957931519], [0.23042342066764832, -0.01603027433156967, 0.09981968253850937, -0.8616074919700623, 0.24873405694961548, 0.6534642577171326, -0.8403763771057129, -0.059286512434482574], [0.2378452569246292, -0.3367529809474945, 0.11536566913127899, -0.43932193517684937, 0.6516337990760803, 0.7446775436401367, -0.033824581652879715, -0.6298872232437134], [-0.9460351467132568, 1.5486798286437988, 0.42734581232070923, -0.020093118771910667, 0.02172156050801277, 0.07576752454042435, -0.3384789526462555, -0.06821339577436447], [-0.5689690709114075, -0.6273153424263, -0.0777105838060379, -1.293208122253418, -0.6347662210464478, -0.03920004889369011, 0.3538900911808014, 1.0083472728729248], [0.958745539188385, -0.018410470336675644, 0.10163170844316483, -2.8074777126312256, 0.3173431158065796, 0.810684323310852, -1.2677032947540283, -0.07361698895692825], [0.25258341431617737, -0.35061711072921753, 0.15097002685070038, -0.49357467889785767, 0.9320566654205322, 2.351073741912842, -0.038574639707803726, -0.8620768785476685]]}