{"step": 21, "width": 8, "height": 8, "values": [[-0.3946894407272339, 0.7755792140960693, 0.6654163599014282, -0.2907595634460449, -0.01003146730363369, 0.0431739017367363, -0.19419331848621368, 0.07566399872303009], [-0.4116666615009308, -0.7636120915412903, -0.007940125651657581, -0.7391639351844788, -0.5869458317756653, -0.05093828961253166, 0.2178819477558136, 0.6251787543296814], [0.1234777495265007, -0.0694504976272583, 0.27315080165863037, -0.7713109850883484, 0.1372998058795929, 0.7292767763137817, -0.9209328889846802, -0.2130085527896881], [0.20707957446575165, -0.12541499733924866, 0.170462504029274, -0.22260524332523346, 0.7295886278152466, 0.9061766862869263, -0.020537998527288437, -0.14935436844825745], [-0.5395553708076477, 1.2341800928115845, 0.8469715714454651, -0.3228176236152649, -0.01028174627572298, 0.04891973361372948, -0.20190493762493134, 0.14008647203445435], [-1.592628002166748, -1.027608871459961, -0.00829424150288105, -2.251232385635376, -0.9476636052131653, -0.05123502016067505, 0.24946120381355286, 0.8144930005073547], [0.30228129029273987, -0.07235050201416016, 0.29718899726867676, -2.2107574939727783, 0.1844630241394043, 0.9797678589820862, -1.8849889039993286, -0.23884189128875732], [0.21542124450206757, -0.126263827085495, 0.21705053746700287, -0.26963913440704346, 1.0122349262237549, 2.139564275741577, -0.023883221670985222, -0.22894726693630219]]}