{"step": 51, "width": 8, "height": 8, "values": [[0.3689934313297272, 0.823101282119751, 0.09490396827459335, 0.1174813061952591, 0.287645548582077, -0.04540758952498436, -0.3354998528957367, 0.12146483361721039], [-0.9018546938896179, 0.41515952348709106, -0.069110207259655, -0.5051887631416321, -0.19822841882705688, -0.04099811986088753, -0.12230194360017776, 0.4576306641101837], [0.5539132952690125, -0.028503425419330597, 0.025210198014974594, -0.5062162280082703, -0.3942042291164398, -0.0009214706951752305, -0.36099275946617126, 0.24872979521751404], [0.2592874765396118, -0.491835355758667, 0.1717940866947174, -0.27537766098976135, 0.6080484390258789, 0.389974445104599, -0.05146745592355728, -0.6700146198272705], [0.6016995906829834, 1.8954241275787354, 0.11335670948028564, 0.1228439137339592, 0.3013831675052643, -0.04956721141934395, -0.5358670949935913, 0.20718741416931152], [-2.1856586933135986, 0.4447039067745209, -0.08135412633419037, -3.0087857246398926, -0.2883477509021759, -0.04134315252304077, -0.3241255581378937, 0.560960590839386], [1.28660249710083, -0.03767531365156174, 0.025239011272788048, -0.8299871683120728, -0.4573526084423065, -0.0011433023028075695, -0.37979596853256226, 0.3976518213748932], [0.273045152425766, -0.5390949249267578, 0.21979282796382904, -0.30343395471572876, 0.7494850754737854, 0.6214513182640076, -0.05685984715819359, -2.2507612705230713]]}