{"step": 18, "width": 8, "height": 8, "values": [[-0.5592727661132812, 0.7158368825912476, 0.8629744052886963, -0.3795165419578552, -0.025235453620553017, 0.03818845376372337, -0.24430601298809052, 0.12826786935329437], [-0.5412569642066956, -0.709232747554779, 0.018446337431669235, -0.8097869157791138, -0.2889288067817688, -0.051433876156806946, -0.18068815767765045, 0.5847989320755005], [0.12420875579118729, -0.11248968541622162, 0.3496420085430145, -0.8319645524024963, 0.2609193027019501, 0.7730470299720764, -0.8411132097244263, -0.24086539447307587], [0.18646809458732605, -0.08926694095134735, 0.1969606578350067, -0.13419517874717712, 0.6710359454154968, 0.9392505288124084, -0.018151098862290382, -0.20691685378551483], [-0.763305127620697, 1.1288822889328003, 1.4363075494766235, -0.42158427834510803, -0.026803750544786453, 0.04423706978559494, -0.2690810263156891, 0.16437731683254242], [-1.8356170654296875, -0.9035053849220276, 0.01977217197418213, -2.3748574256896973, -0.5883769989013672, -0.05178564041852951, -0.25595346093177795, 0.7326348423957825], [0.5367218255996704, -0.11310481280088425, 0.3697572648525238, -1.979924201965332, 0.2923720180988312, 1.0503900051116943, -1.259708285331726, -0.28349539637565613], [0.19650404155254364, -0.08955836296081543, 0.36956730484962463, -0.14559872448444366, 0.9999659657478333, 3.139937162399292, -0.02140645869076252, -0.24233920872211456]]}